Session_ID,User_ID,Date,Traffic_Source,Page,Device,Country,New_or_Returning,Session_Duration_Min,Pages_Per_Session,Bounce_Rate,Goal_Completions,Conversion_Rate
S107110,U12281,2026-01-01,Organic Search,FAQ,Mobile,India,New,7.47,5.1,64.64,0,0
S101660,U10493,2026-01-01,Paid Search,Products,Tablet,India,Returning,7.61,6.8,48.68,1,100
S108667,U12065,2026-01-01,Organic Search,Product Details,Mobile,India,New,3.47,2.7,79.24,0,0
S102540,U16432,2026-01-01,Organic Search,FAQ,Desktop,USA,New,5.21,4.5,54.16,1,100
S103592,U12074,2026-01-01,Organic Search,Pricing,Desktop,Australia,New,5.19,3.1,62.52,0,0
S103545,U10041,2026-01-01,Social Media,Products,Mobile,India,New,3.13,1.0,71.99,0,0
S109243,U12150,2026-01-01,Referral,Contact Us,Desktop,USA,New,3.27,2.8,57.4,0,0
S101489,U10442,2026-01-01,Referral,Products,Desktop,India,New,3.07,2.0,55.67,0,0
S105732,U11933,2026-01-01,Organic Search,Contact Us,Mobile,India,New,7.69,5.8,55.51,0,0
S101464,U13578,2026-01-01,Social Media,Product Details,Mobile,Australia,Returning,6.54,5.4,37.89,0,0
S101692,U10921,2026-01-01,Direct,Home,Desktop,India,Returning,2.46,3.0,54.8,0,0
S109280,U14611,2026-01-01,Organic Search,Services,Desktop,India,New,3.63,3.2,55.33,0,0
S101427,U14278,2026-01-01,Paid Search,Pricing,Desktop,India,Returning,6.58,5.4,61.93,0,0
S108189,U11928,2026-01-01,Organic Search,Home,Mobile,India,New,3.51,2.5,52.23,0,0
S108196,U13254,2026-01-01,Paid Search,Contact Us,Mobile,India,New,1.9,1.4,72.85,0,0
S101344,U12204,2026-01-01,Organic Search,Checkout,Mobile,USA,New,4.04,1.7,57.7,0,0
S103378,U11284,2026-01-01,Referral,About Us,Desktop,USA,New,2.62,3.0,73.94,0,0
S101153,U15416,2026-01-01,Paid Search,Checkout,Desktop,UK,Returning,2.59,2.2,70.04,0,0
S101137,U13491,2026-01-01,Paid Search,Pricing,Mobile,India,New,3.61,2.5,57.62,0,0
S102759,U16299,2026-01-01,Paid Search,Products,Mobile,USA,New,3.29,2.9,54.97,0,0
S106251,U11236,2026-01-01,Social Media,Blog,Desktop,India,Returning,0.82,1.0,71.43,0,0
S107037,U13537,2026-01-01,Direct,Services,Desktop,India,New,7.56,5.5,47.01,0,0
S105229,U16480,2026-01-01,Organic Search,Product Details,Mobile,India,Returning,3.75,3.2,59.19,1,100
S107304,U13261,2026-01-01,Paid Search,Blog,Mobile,USA,Returning,5.29,4.1,59.14,0,0
S107980,U11997,2026-01-01,Direct,Pricing,Desktop,USA,Returning,1.99,2.7,62.41,0,0
S102086,U14207,2026-01-01,Direct,Products,Mobile,India,New,11.44,7.7,50.52,0,0
S107705,U13961,2026-01-01,Organic Search,Contact Us,Desktop,UK,Returning,2.92,2.4,61.27,0,0
S104411,U13500,2026-01-01,Organic Search,Home,Mobile,India,Returning,4.2,3.5,61.26,0,0
S107655,U14670,2026-01-01,Direct,FAQ,Desktop,Australia,New,14.28,7.5,51.02,0,0
S102027,U13497,2026-01-01,Paid Search,Services,Mobile,UK,New,3.06,2.3,63.96,0,0
S102184,U10526,2026-01-01,Social Media,Blog,Desktop,India,New,3.95,2.6,66.75,0,0
S107805,U15841,2026-01-01,Organic Search,FAQ,Mobile,India,Returning,9.6,7.0,46.86,0,0
S104168,U16362,2026-01-01,Referral,Products,Desktop,India,New,5.49,4.3,63.69,0,0
S100572,U10852,2026-01-01,Direct,Home,Mobile,India,Returning,5.18,3.8,64.78,0,0
S108843,U10087,2026-01-01,Paid Search,Home,Tablet,India,New,8.82,5.9,45.4,1,100
S101899,U16354,2026-01-01,Direct,Services,Mobile,India,New,3.46,4.2,53.5,0,0
S109888,U13334,2026-01-01,Organic Search,Home,Desktop,India,New,13.11,8.4,34.01,0,0
S102249,U11656,2026-01-01,Organic Search,Checkout,Desktop,India,New,6.96,4.4,37.58,0,0
S108812,U11094,2026-01-01,Social Media,Product Details,Mobile,Canada,New,10.83,5.9,35.74,1,100
S104911,U12995,2026-01-01,Organic Search,Pricing,Mobile,USA,Returning,3.82,4.3,71.95,1,100
S104990,U14427,2026-01-01,Direct,Home,Desktop,Canada,New,13.37,8.3,29.02,0,0
S105042,U16236,2026-01-01,Organic Search,FAQ,Mobile,India,New,8.01,4.9,49.74,0,0
S102354,U11668,2026-01-01,Paid Search,Services,Mobile,Australia,New,4.39,1.8,66.02,0,0
S105055,U10823,2026-01-01,Paid Search,Blog,Mobile,India,Returning,4.06,3.5,65.87,1,100
S102356,U14115,2026-01-01,Direct,Blog,Mobile,India,New,4.97,3.3,62.12,0,0
S109062,U14632,2026-01-01,Referral,Home,Desktop,India,New,7.17,5.3,56.07,0,0
S108323,U14311,2026-01-01,Referral,Services,Mobile,UK,Returning,8.23,6.4,32.35,0,0
S108334,U13135,2026-01-01,Referral,FAQ,Mobile,India,New,2.54,3.0,56.56,0,0
S104350,U14530,2026-01-01,Paid Search,Product Details,Mobile,India,New,5.83,3.2,67.74,0,0
S100028,U14118,2026-01-01,Organic Search,Checkout,Desktop,India,Returning,5.07,3.6,57.7,0,0
S106334,U16198,2026-01-01,Social Media,Contact Us,Desktop,India,New,3.5,2.7,63.01,0,0
S102901,U15898,2026-01-01,Organic Search,About Us,Mobile,Australia,New,7.24,5.1,61.04,0,0
S100762,U15349,2026-01-01,Paid Search,Checkout,Mobile,UK,Returning,3.96,4.0,63.18,0,0
S108497,U14115,2026-01-01,Paid Search,Blog,Desktop,USA,New,4.48,3.6,70.78,0,0
S100814,U14805,2026-01-01,Organic Search,Pricing,Mobile,Canada,New,3.84,4.3,52.73,0,0
S109555,U15467,2026-01-01,Organic Search,Product Details,Mobile,India,Returning,9.08,5.6,60.32,0,0
S109587,U11657,2026-01-01,Social Media,Home,Mobile,India,New,5.72,4.7,58.34,0,0
S103079,U13260,2026-01-01,Organic Search,Blog,Desktop,India,New,1.28,1.3,63.04,0,0
S103158,U12097,2026-01-01,Direct,Home,Mobile,India,New,3.06,2.0,78.19,0,0
S100740,U14286,2026-01-01,Paid Search,Products,Desktop,India,New,5.06,4.8,48.0,0,0
S107175,U15015,2026-01-02,Social Media,Home,Desktop,India,New,3.57,4.1,59.79,0,0
S102404,U13365,2026-01-02,Organic Search,Product Details,Desktop,USA,Returning,19.99,11.3,11.28,0,0
S106664,U15975,2026-01-02,Organic Search,Home,Mobile,Canada,Returning,5.74,3.7,48.83,0,0
S101412,U10328,2026-01-02,Organic Search,Home,Tablet,India,Returning,8.13,4.2,38.32,0,0
S100018,U10770,2026-01-02,Paid Search,Contact Us,Desktop,India,Returning,13.16,9.3,30.54,0,0
S109547,U12263,2026-01-02,Social Media,Home,Desktop,USA,Returning,5.5,5.0,55.54,0,0
S105888,U10733,2026-01-02,Direct,Product Details,Desktop,Canada,New,6.64,5.2,44.08,0,0
S100016,U10131,2026-01-02,Referral,Product Details,Mobile,India,New,4.19,2.9,67.32,1,100
S106947,U14479,2026-01-02,Referral,Pricing,Mobile,Canada,New,3.13,4.7,59.11,0,0
S107887,U13203,2026-01-02,Organic Search,Home,Desktop,India,Returning,1.49,2.8,65.93,0,0
S105510,U13540,2026-01-02,Organic Search,Products,Desktop,Australia,Returning,5.41,4.3,65.93,0,0
S104039,U11768,2026-01-02,Organic Search,Products,Mobile,USA,New,4.98,4.5,58.19,0,0
S101833,U15290,2026-01-02,Paid Search,Pricing,Mobile,India,New,10.42,7.0,46.28,0,0
S105451,U12851,2026-01-02,Organic Search,Home,Mobile,Australia,Returning,5.24,3.7,75.72,0,0
S109078,U15612,2026-01-02,Paid Search,Services,Mobile,India,New,4.6,3.9,49.98,0,0
S108644,U14912,2026-01-02,Organic Search,Home,Mobile,India,New,5.02,4.1,70.32,0,0
S100426,U11410,2026-01-02,Direct,Pricing,Desktop,Australia,New,12.79,9.5,37.22,0,0
S102652,U14108,2026-01-02,Organic Search,Product Details,Desktop,India,Returning,4.7,4.5,57.82,0,0
S101620,U15914,2026-01-02,Social Media,Contact Us,Mobile,UK,Returning,2.98,3.5,71.78,0,0
S103523,U11532,2026-01-02,Organic Search,Services,Desktop,India,Returning,4.65,3.3,77.65,0,0
S102462,U16442,2026-01-02,Organic Search,Product Details,Desktop,UK,New,3.59,2.0,61.65,1,100
S108693,U15699,2026-01-02,Organic Search,Home,Mobile,India,Returning,7.64,5.5,51.74,0,0
S105383,U15249,2026-01-02,Paid Search,Services,Mobile,India,Returning,4.0,2.0,62.32,1,100
S102479,U13977,2026-01-02,Paid Search,FAQ,Desktop,India,Returning,16.81,10.3,17.05,0,0
S101497,U13925,2026-01-02,Direct,Product Details,Desktop,Canada,New,3.44,4.0,53.17,0,0
S103759,U14094,2026-01-02,Referral,Home,Mobile,India,New,2.44,1.6,79.12,0,0
S109737,U13783,2026-01-02,Direct,Product Details,Desktop,India,New,1.29,2.5,76.03,0,0
S101600,U13153,2026-01-02,Direct,Home,Desktop,India,New,5.4,3.4,54.02,0,0
S105657,U15458,2026-01-02,Direct,Home,Mobile,India,New,6.98,5.5,41.48,0,0
S107296,U10788,2026-01-02,Referral,Blog,Mobile,India,New,4.81,3.3,59.28,0,0
S106281,U12124,2026-01-02,Paid Search,Services,Mobile,India,Returning,1.69,2.9,60.18,0,0
S107480,U15905,2026-01-02,Organic Search,About Us,Mobile,India,Returning,7.07,4.9,47.79,0,0
S101983,U14445,2026-01-02,Referral,Home,Desktop,India,Returning,3.09,3.8,72.3,0,0
S101336,U15976,2026-01-02,Paid Search,Product Details,Desktop,Australia,Returning,4.45,4.3,50.27,0,0
S103270,U16166,2026-01-02,Organic Search,Pricing,Desktop,India,New,1.87,3.3,55.53,0,0
S104656,U14592,2026-01-02,Organic Search,Product Details,Desktop,USA,New,4.54,2.9,60.29,0,0
S106641,U14572,2026-01-02,Organic Search,Home,Mobile,India,New,1.11,2.0,72.79,0,0
S106185,U14559,2026-01-02,Paid Search,Blog,Desktop,India,New,5.76,3.9,42.42,0,0
S104502,U14106,2026-01-02,Referral,Contact Us,Desktop,Australia,New,8.41,6.0,63.48,0,0
S104718,U12525,2026-01-02,Organic Search,Product Details,Desktop,India,Returning,5.35,6.7,52.95,0,0
S100010,U14427,2026-01-02,Direct,Product Details,Mobile,USA,New,5.55,5.4,58.52,1,100
S104106,U10183,2026-01-02,Direct,Pricing,Mobile,India,Returning,3.21,3.1,54.64,0,0
S103331,U12556,2026-01-02,Direct,Home,Tablet,India,New,8.01,6.3,51.87,0,0
S100558,U11632,2026-01-02,Organic Search,Products,Mobile,India,Returning,2.25,2.0,76.04,0,0
S106239,U12967,2026-01-02,Organic Search,Product Details,Desktop,India,New,5.83,3.0,51.0,0,0
S106320,U12147,2026-01-02,Organic Search,Blog,Tablet,USA,New,4.17,2.9,69.75,0,0
S108891,U15562,2026-01-02,Paid Search,Home,Desktop,India,New,9.23,5.5,50.19,0,0
S109708,U13825,2026-01-02,Paid Search,Product Details,Mobile,UK,New,5.85,6.1,51.05,0,0
S104066,U13645,2026-01-02,Referral,Pricing,Mobile,India,Returning,7.52,7.2,44.72,0,0
S108299,U11205,2026-01-02,Direct,Product Details,Tablet,USA,New,4.2,3.7,47.01,0,0
S102044,U10936,2026-01-03,Organic Search,Services,Mobile,India,New,8.48,5.6,39.3,0,0
S104228,U12669,2026-01-03,Paid Search,Pricing,Desktop,India,New,1.1,2.1,70.78,0,0
S104479,U16218,2026-01-03,Referral,Product Details,Desktop,India,New,3.07,2.6,52.58,0,0
S104477,U14233,2026-01-03,Paid Search,Products,Desktop,UK,Returning,2.01,1.5,67.04,0,0
S104275,U14637,2026-01-03,Paid Search,Services,Mobile,India,New,4.09,3.5,52.27,0,0
S107217,U16061,2026-01-03,Organic Search,About Us,Desktop,Canada,Returning,8.13,5.9,47.87,0,0
S104229,U11879,2026-01-03,Paid Search,Services,Mobile,India,New,7.36,5.9,54.56,0,0
S107710,U13399,2026-01-03,Organic Search,About Us,Desktop,India,New,8.39,6.2,50.15,0,0
S107620,U15416,2026-01-03,Direct,About Us,Mobile,Australia,New,6.32,5.4,50.64,0,0
S104501,U11197,2026-01-03,Paid Search,Blog,Mobile,India,New,3.05,2.6,68.33,0,0
S104823,U12607,2026-01-03,Referral,Blog,Mobile,Australia,New,1.1,1.1,81.13,0,0
S100006,U15735,2026-01-03,Direct,Home,Tablet,India,New,3.4,3.9,56.23,0,0
S108488,U14121,2026-01-03,Referral,Pricing,Desktop,Canada,New,11.88,6.4,41.29,0,0
S103694,U13312,2026-01-03,Paid Search,Product Details,Mobile,Australia,New,2.8,1.8,79.41,0,0
S109028,U10727,2026-01-03,Direct,Blog,Desktop,USA,Returning,5.42,5.3,63.34,0,0
S104893,U13850,2026-01-03,Paid Search,Services,Mobile,India,New,5.78,3.8,60.33,0,0
S104906,U11178,2026-01-03,Referral,Pricing,Desktop,India,Returning,4.98,6.1,49.49,0,0
S100536,U12142,2026-01-03,Organic Search,Product Details,Mobile,India,Returning,2.22,2.1,71.99,0,0
S106522,U15216,2026-01-03,Organic Search,FAQ,Desktop,India,Returning,2.64,2.7,63.08,0,0
S102300,U14471,2026-01-03,Paid Search,Pricing,Mobile,India,New,5.62,5.3,68.49,0,0
S104962,U12260,2026-01-03,Paid Search,Blog,Desktop,India,New,20.74,11.6,12.87,1,100
S104145,U16469,2026-01-03,Direct,Services,Desktop,India,New,7.46,4.1,57.83,0,0
S109000,U12934,2026-01-03,Social Media,Products,Desktop,UK,Returning,5.84,3.2,72.71,0,0
S104153,U14233,2026-01-03,Organic Search,Pricing,Tablet,India,New,6.45,3.8,74.1,0,0
S107558,U15954,2026-01-03,Organic Search,Products,Tablet,India,Returning,1.8,3.2,61.47,0,0
S107351,U10732,2026-01-03,Referral,Contact Us,Tablet,India,New,8.55,5.8,33.7,0,0
S101949,U14965,2026-01-03,Organic Search,Contact Us,Mobile,India,New,6.22,4.2,61.97,0,0
S102190,U13053,2026-01-03,Social Media,Blog,Tablet,India,New,7.46,4.9,51.35,0,0
S109869,U14708,2026-01-03,Organic Search,Products,Desktop,India,Returning,8.37,7.7,34.8,0,0
S101652,U14460,2026-01-03,Referral,Home,Mobile,Canada,Returning,8.91,4.7,68.11,0,0
S102433,U15922,2026-01-03,Organic Search,FAQ,Desktop,Australia,Returning,2.36,1.3,76.82,0,0
S109169,U11583,2026-01-03,Referral,Pricing,Desktop,USA,Returning,4.19,3.1,49.87,0,0
S106874,U13623,2026-01-03,Social Media,Checkout,Desktop,India,Returning,3.14,3.3,63.77,0,0
S102600,U11932,2026-01-03,Referral,FAQ,Desktop,Canada,New,2.41,3.7,83.1,0,0
S108272,U16444,2026-01-03,Paid Search,Products,Desktop,UK,Returning,4.33,2.8,78.48,0,0
S109446,U13124,2026-01-03,Organic Search,Home,Mobile,India,New,3.65,2.9,66.77,0,0
S100996,U14622,2026-01-03,Referral,FAQ,Mobile,India,New,7.55,4.9,39.25,0,0
S109978,U12106,2026-01-03,Social Media,About Us,Desktop,India,New,13.72,7.1,34.43,0,0
S108211,U13030,2026-01-03,Direct,Home,Desktop,India,New,1.36,2.6,62.65,0,0
S109551,U11109,2026-01-03,Organic Search,Product Details,Desktop,USA,New,4.48,3.9,59.62,0,0
S106114,U12038,2026-01-03,Direct,Contact Us,Mobile,Australia,New,4.71,3.3,61.76,0,0
S100927,U14139,2026-01-03,Organic Search,FAQ,Desktop,India,New,4.89,3.3,75.11,0,0
S103294,U11178,2026-01-03,Organic Search,Checkout,Desktop,India,New,3.64,2.7,57.64,0,0
S109263,U10927,2026-01-03,Direct,Pricing,Mobile,Australia,Returning,6.63,6.2,53.26,0,0
S108158,U13965,2026-01-03,Referral,Checkout,Mobile,India,New,7.96,4.5,54.46,0,0
S107065,U16281,2026-01-03,Direct,Product Details,Tablet,Australia,New,9.2,7.5,38.86,0,0
S106941,U14977,2026-01-03,Organic Search,Pricing,Desktop,India,Returning,6.57,6.0,53.35,0,0
S108113,U12087,2026-01-03,Organic Search,Contact Us,Desktop,India,Returning,4.38,4.2,63.25,0,0
S108243,U15263,2026-01-03,Organic Search,Pricing,Mobile,India,Returning,3.17,2.6,52.72,0,0
S103344,U13340,2026-01-03,Organic Search,Contact Us,Mobile,India,New,2.81,2.6,65.44,0,0
S109382,U13013,2026-01-03,Organic Search,Home,Tablet,Canada,New,15.41,9.0,18.75,0,0
S103165,U15106,2026-01-03,Organic Search,About Us,Desktop,India,Returning,4.87,3.7,64.03,0,0
S106005,U15553,2026-01-03,Referral,Home,Mobile,UK,Returning,2.67,2.2,64.64,0,0
S106046,U14288,2026-01-03,Referral,Pricing,Desktop,India,New,6.56,6.5,52.48,0,0
S103296,U15998,2026-01-03,Organic Search,Home,Mobile,Australia,Returning,13.95,9.2,40.57,1,100
S107600,U10229,2026-01-04,Referral,Services,Mobile,USA,New,4.5,5.2,59.16,0,0
S105948,U14892,2026-01-04,Organic Search,About Us,Mobile,India,New,5.13,4.6,52.31,0,0
S101394,U11902,2026-01-04,Referral,Home,Mobile,USA,New,5.82,4.8,56.59,0,0
S104171,U13900,2026-01-04,Organic Search,FAQ,Desktop,India,New,16.67,9.6,26.99,0,0
S107793,U14079,2026-01-04,Direct,Product Details,Desktop,Canada,New,4.62,1.4,53.39,0,0
S103436,U16417,2026-01-04,Social Media,Pricing,Mobile,India,New,2.25,1.1,73.9,0,0
S108533,U13190,2026-01-04,Paid Search,Pricing,Mobile,India,New,8.13,4.4,52.52,0,0
S108588,U15820,2026-01-04,Paid Search,Products,Mobile,India,Returning,3.61,1.2,65.32,0,0
S103298,U16358,2026-01-04,Direct,Blog,Mobile,India,Returning,7.89,4.9,60.79,0,0
S104579,U13181,2026-01-04,Paid Search,About Us,Mobile,India,Returning,1.98,2.7,68.34,0,0
S102307,U14613,2026-01-04,Paid Search,Home,Desktop,India,New,2.56,1.2,74.0,0,0
S109029,U11245,2026-01-04,Paid Search,Pricing,Mobile,India,Returning,5.67,3.7,66.54,0,0
S101852,U12404,2026-01-04,Paid Search,Home,Desktop,Canada,New,1.14,1.0,69.12,0,0
S106619,U12365,2026-01-04,Paid Search,Home,Desktop,Canada,Returning,3.64,4.1,69.78,0,0
S102189,U14006,2026-01-04,Referral,Pricing,Mobile,India,New,7.38,4.7,59.42,0,0
S101993,U12254,2026-01-04,Social Media,Products,Mobile,India,New,10.28,4.8,51.12,1,100
S103412,U10588,2026-01-04,Referral,About Us,Mobile,India,New,1.9,1.3,55.67,0,0
S101551,U16213,2026-01-04,Social Media,Services,Desktop,India,New,2.26,2.0,72.31,0,0
S106330,U16402,2026-01-04,Organic Search,Services,Tablet,UK,Returning,4.82,5.6,55.08,0,0
S108464,U16365,2026-01-04,Social Media,Blog,Mobile,India,New,2.07,1.0,70.25,0,0
S102948,U12991,2026-01-04,Organic Search,Services,Desktop,India,New,1.99,1.6,81.28,0,0
S107510,U14175,2026-01-04,Organic Search,FAQ,Tablet,India,Returning,0.89,1.5,57.11,0,0
S109031,U13719,2026-01-04,Referral,About Us,Mobile,India,New,10.15,6.8,40.76,0,0
S106501,U14060,2026-01-04,Referral,Pricing,Desktop,India,New,3.39,1.7,74.02,0,0
S107894,U13768,2026-01-04,Paid Search,Contact Us,Mobile,Australia,New,4.66,3.3,44.16,0,0
S105080,U12331,2026-01-04,Organic Search,Products,Desktop,India,New,13.68,7.3,42.38,0,0
S106618,U13214,2026-01-04,Organic Search,Blog,Desktop,India,New,2.93,1.9,64.88,0,0
S109611,U12516,2026-01-04,Direct,Contact Us,Mobile,Australia,New,3.35,2.8,58.01,0,0
S102485,U12426,2026-01-04,Referral,Home,Desktop,India,New,1.71,1.0,79.67,0,0
S109652,U14549,2026-01-04,Paid Search,Home,Mobile,India,New,16.85,11.2,13.35,0,0
S106730,U14876,2026-01-04,Direct,Product Details,Tablet,Canada,New,3.55,4.8,56.17,0,0
S105407,U12582,2026-01-04,Social Media,Services,Mobile,India,New,2.94,3.2,67.08,0,0
S109591,U11705,2026-01-04,Referral,Home,Mobile,India,New,8.06,6.9,50.49,0,0
S105526,U11449,2026-01-04,Direct,Blog,Desktop,UK,Returning,15.09,10.2,28.93,0,0
S100959,U12394,2026-01-04,Direct,FAQ,Mobile,India,New,4.0,4.9,36.25,0,0
S100429,U13176,2026-01-04,Social Media,Products,Tablet,USA,New,9.18,6.0,62.92,0,0
S108913,U11075,2026-01-04,Organic Search,Checkout,Desktop,India,New,7.54,5.1,56.94,0,0
S108033,U11937,2026-01-04,Social Media,Home,Mobile,India,New,1.3,2.7,86.7,0,0
S107258,U12978,2026-01-04,Paid Search,Blog,Mobile,India,New,3.22,2.8,52.47,0,0
S101680,U12033,2026-01-04,Referral,Product Details,Mobile,UK,New,9.16,6.2,30.28,0,0
S103726,U12703,2026-01-04,Organic Search,Services,Desktop,India,Returning,5.02,3.3,61.06,0,0
S109563,U16259,2026-01-04,Organic Search,Pricing,Mobile,Australia,New,2.37,2.7,66.91,0,0
S108013,U11173,2026-01-04,Organic Search,Services,Mobile,India,Returning,2.25,2.0,77.2,0,0
S107554,U13237,2026-01-04,Paid Search,Contact Us,Desktop,India,New,2.99,3.1,63.01,0,0
S102550,U11915,2026-01-04,Organic Search,Checkout,Mobile,India,New,4.31,4.2,56.5,0,0
S109190,U12004,2026-01-04,Organic Search,About Us,Desktop,Australia,Returning,6.12,2.5,63.32,0,0
S100943,U11888,2026-01-04,Direct,Product Details,Mobile,India,New,10.46,6.4,47.09,0,0
S108552,U11105,2026-01-04,Direct,FAQ,Desktop,UK,New,5.27,4.3,56.3,1,100
S109423,U14870,2026-01-04,Referral,Services,Mobile,UK,New,3.95,2.5,72.53,0,0
S108160,U10309,2026-01-04,Social Media,Pricing,Mobile,India,New,7.3,6.5,54.82,0,0
S101787,U10955,2026-01-04,Direct,Pricing,Desktop,India,New,3.86,3.4,55.64,0,0
S107989,U15854,2026-01-04,Referral,Blog,Mobile,India,New,6.88,2.7,52.09,0,0
S101425,U15620,2026-01-04,Paid Search,Product Details,Mobile,India,Returning,3.72,4.6,58.65,1,100
S103204,U11720,2026-01-04,Organic Search,Products,Tablet,India,New,6.04,3.5,61.24,0,0
S104472,U12802,2026-01-04,Social Media,Products,Mobile,India,Returning,2.04,2.0,72.19,0,0
S103265,U12658,2026-01-04,Social Media,Checkout,Mobile,India,New,1.85,1.6,62.03,0,0
S104313,U15648,2026-01-04,Direct,Checkout,Desktop,India,New,2.93,3.8,64.65,0,0
S104692,U12801,2026-01-05,Organic Search,Contact Us,Desktop,India,New,7.59,6.7,48.15,0,0
S104367,U15188,2026-01-05,Organic Search,Home,Desktop,India,Returning,5.26,3.7,57.45,0,0
S109865,U16358,2026-01-05,Organic Search,Services,Desktop,India,Returning,2.14,2.9,59.02,1,100
S102056,U13175,2026-01-05,Organic Search,Checkout,Desktop,India,New,4.66,5.4,46.22,0,0
S102161,U12980,2026-01-05,Paid Search,Home,Mobile,India,New,4.73,2.8,53.18,0,0
S106838,U15868,2026-01-05,Organic Search,Products,Mobile,UK,New,5.5,3.9,43.34,0,0
S106831,U14477,2026-01-05,Social Media,Home,Tablet,India,New,4.38,2.8,60.65,0,0
S102025,U12044,2026-01-05,Direct,Home,Mobile,India,New,4.77,2.0,61.68,0,0
S101946,U10989,2026-01-05,Social Media,Services,Mobile,UK,New,5.99,6.2,37.96,0,0
S106556,U14884,2026-01-05,Organic Search,Home,Mobile,India,New,4.71,3.2,62.44,0,0
S103663,U11801,2026-01-05,Paid Search,Contact Us,Mobile,India,New,10.07,4.6,54.19,0,0
S108474,U15191,2026-01-05,Paid Search,Blog,Tablet,USA,Returning,3.29,4.5,58.82,0,0
S103582,U13137,2026-01-05,Paid Search,Contact Us,Mobile,USA,Returning,6.7,5.0,49.18,0,0
S103561,U15155,2026-01-05,Direct,Home,Desktop,USA,New,2.4,4.0,64.19,0,0
S106736,U15162,2026-01-05,Direct,Products,Desktop,USA,Returning,11.72,7.6,31.52,0,0
S106473,U14283,2026-01-05,Organic Search,Product Details,Desktop,India,Returning,2.69,3.2,72.75,0,0
S103076,U10594,2026-01-05,Organic Search,Home,Desktop,USA,New,1.59,1.9,73.25,0,0
S107035,U10306,2026-01-05,Organic Search,Home,Mobile,India,New,4.82,5.5,50.39,0,0
S108710,U13977,2026-01-05,Referral,Home,Mobile,India,New,3.73,1.3,63.48,0,0
S107330,U10791,2026-01-05,Organic Search,Product Details,Mobile,UK,New,5.19,2.3,67.4,0,0
S102900,U10370,2026-01-05,Organic Search,Home,Tablet,India,New,2.62,2.5,68.95,0,0
S105100,U16122,2026-01-05,Paid Search,Products,Mobile,Australia,New,7.53,5.2,54.42,0,0
S107028,U11515,2026-01-05,Social Media,Home,Tablet,India,New,6.93,3.5,53.84,0,0
S109952,U15610,2026-01-05,Referral,Checkout,Mobile,USA,New,9.28,6.3,43.61,1,100
S106554,U13810,2026-01-05,Direct,Pricing,Mobile,India,New,2.84,3.3,64.44,1,100
S105056,U13075,2026-01-05,Social Media,Products,Mobile,India,New,5.48,5.7,52.1,0,0
S108784,U10523,2026-01-05,Organic Search,Product Details,Mobile,India,New,3.47,3.0,64.61,0,0
S106620,U15831,2026-01-05,Organic Search,Blog,Desktop,India,New,0.67,2.2,68.05,0,0
S102653,U10561,2026-01-05,Paid Search,About Us,Mobile,India,New,2.97,1.1,69.71,0,0
S101902,U10687,2026-01-05,Organic Search,Products,Mobile,India,New,4.32,2.3,82.4,1,100
S104120,U15591,2026-01-05,Organic Search,Product Details,Desktop,India,New,4.38,3.0,63.96,0,0
S104950,U13677,2026-01-05,Paid Search,Home,Desktop,India,Returning,3.99,3.6,56.41,0,0
S104011,U14222,2026-01-05,Organic Search,Home,Desktop,India,New,3.19,1.0,77.89,0,0
S105949,U14993,2026-01-05,Social Media,Blog,Tablet,Australia,New,3.72,3.5,57.27,0,0
S105902,U15832,2026-01-05,Direct,Product Details,Tablet,Australia,New,4.52,2.8,72.66,0,0
S109328,U11508,2026-01-05,Paid Search,Home,Desktop,UK,Returning,1.85,2.5,77.89,0,0
S108638,U12242,2026-01-05,Organic Search,Pricing,Mobile,Canada,New,2.12,1.1,64.51,1,100
S101365,U10952,2026-01-05,Direct,FAQ,Desktop,India,Returning,4.87,5.5,49.78,0,0
S107852,U10152,2026-01-05,Social Media,Product Details,Mobile,UK,New,5.68,3.7,62.64,0,0
S108620,U11426,2026-01-05,Organic Search,Contact Us,Mobile,India,Returning,1.28,1.1,67.84,0,0
S108589,U12045,2026-01-06,Paid Search,Home,Mobile,India,Returning,3.71,2.8,62.95,0,0
S102596,U12960,2026-01-06,Organic Search,Home,Mobile,India,New,9.66,7.7,34.38,0,0
S103596,U11574,2026-01-06,Social Media,Product Details,Mobile,Canada,Returning,5.93,6.1,61.6,1,100
S103557,U11086,2026-01-06,Referral,Product Details,Desktop,USA,Returning,5.81,4.0,45.09,0,0
S100431,U15597,2026-01-06,Social Media,Product Details,Mobile,India,New,5.53,5.6,42.13,0,0
S108354,U13758,2026-01-06,Referral,Home,Desktop,UK,New,4.5,3.3,53.2,0,0
S103170,U12660,2026-01-06,Paid Search,Products,Mobile,Canada,Returning,11.26,7.5,19.72,0,0
S108308,U15803,2026-01-06,Organic Search,Products,Mobile,India,Returning,5.19,4.9,60.31,0,0
S108727,U13128,2026-01-06,Paid Search,FAQ,Tablet,India,New,7.39,6.6,41.78,0,0
S100407,U11185,2026-01-06,Paid Search,Contact Us,Tablet,USA,Returning,6.03,3.6,69.22,1,100
S103910,U12187,2026-01-06,Organic Search,Home,Tablet,India,New,0.36,1.4,72.58,0,0
S100316,U13992,2026-01-06,Organic Search,Product Details,Desktop,Canada,New,9.48,7.3,47.98,0,0
S107786,U10670,2026-01-06,Referral,Contact Us,Mobile,India,Returning,0.96,1.1,79.3,0,0
S108537,U10315,2026-01-06,Paid Search,Home,Mobile,India,New,1.97,2.7,63.08,0,0
S108169,U10943,2026-01-06,Paid Search,Home,Desktop,Australia,New,5.04,5.0,77.07,0,0
S101900,U12354,2026-01-06,Referral,Services,Tablet,India,Returning,8.29,5.5,52.59,0,0
S107092,U12861,2026-01-06,Referral,Product Details,Mobile,India,New,3.93,2.6,78.61,0,0
S106894,U12647,2026-01-06,Social Media,Pricing,Desktop,Canada,New,4.07,2.6,68.5,0,0
S104835,U15942,2026-01-06,Social Media,Checkout,Mobile,Canada,New,1.47,1.1,85.95,0,0
S106898,U11736,2026-01-06,Organic Search,Contact Us,Mobile,UK,New,7.16,6.2,58.53,0,0
S109332,U15474,2026-01-06,Paid Search,Blog,Tablet,India,Returning,2.61,3.3,63.43,0,0
S104937,U12705,2026-01-06,Organic Search,Products,Mobile,India,New,4.03,1.1,73.1,0,0
S105970,U12968,2026-01-06,Organic Search,Home,Desktop,India,New,5.08,3.2,71.28,0,0
S104956,U13857,2026-01-06,Organic Search,Product Details,Desktop,India,Returning,2.36,2.0,59.11,0,0
S106943,U16104,2026-01-06,Social Media,Products,Desktop,India,New,2.02,2.7,74.42,0,0
S101373,U11501,2026-01-06,Organic Search,Services,Mobile,India,New,2.99,3.5,85.9,0,0
S106944,U16166,2026-01-06,Organic Search,Services,Mobile,India,Returning,4.43,4.5,56.68,0,0
S105873,U12952,2026-01-06,Referral,Services,Desktop,India,New,7.79,6.0,54.12,0,0
S109293,U10809,2026-01-06,Referral,Services,Mobile,India,Returning,1.78,2.7,55.36,0,0
S109290,U11417,2026-01-06,Organic Search,About Us,Desktop,USA,Returning,2.29,3.9,54.84,1,100
S107359,U12934,2026-01-06,Paid Search,Pricing,Mobile,India,Returning,5.04,3.5,46.74,0,0
S109908,U14764,2026-01-06,Referral,Product Details,Mobile,India,Returning,1.28,2.0,70.69,0,0
S109912,U12005,2026-01-06,Organic Search,Contact Us,Mobile,India,New,2.27,2.3,61.83,0,0
S105743,U10270,2026-01-06,Social Media,Checkout,Desktop,India,New,8.52,5.5,49.83,0,0
S105142,U14385,2026-01-06,Referral,Product Details,Desktop,India,Returning,4.04,3.4,54.13,0,0
S105686,U10991,2026-01-06,Organic Search,Pricing,Mobile,USA,New,1.59,1.8,56.5,0,0
S107071,U15369,2026-01-06,Social Media,Contact Us,Desktop,India,Returning,7.58,5.8,64.97,0,0
S109214,U10362,2026-01-06,Organic Search,Products,Desktop,Canada,New,2.78,4.2,65.15,0,0
S101282,U16025,2026-01-06,Direct,Home,Desktop,USA,New,2.25,1.1,69.31,0,0
S100080,U13844,2026-01-06,Referral,Home,Mobile,India,New,4.23,4.3,61.46,0,0
S104857,U14521,2026-01-06,Organic Search,FAQ,Desktop,India,New,5.8,4.7,53.87,0,0
S106435,U16383,2026-01-06,Social Media,Contact Us,Tablet,India,Returning,6.63,4.8,64.8,0,0
S100012,U16232,2026-01-06,Social Media,Home,Mobile,India,New,2.78,1.8,69.8,0,0
S100023,U15052,2026-01-06,Referral,Products,Mobile,USA,New,1.2,3.6,62.39,0,0
S104537,U15997,2026-01-06,Organic Search,Product Details,Mobile,Australia,New,3.86,2.9,68.14,0,0
S108945,U12303,2026-01-06,Paid Search,Blog,Mobile,India,Returning,6.53,4.6,40.31,0,0
S107526,U15477,2026-01-06,Organic Search,Pricing,Mobile,India,Returning,12.69,8.0,39.01,0,0
S102005,U15464,2026-01-06,Paid Search,Products,Tablet,UK,Returning,4.68,3.2,77.15,0,0
S104610,U13253,2026-01-06,Organic Search,Home,Mobile,India,New,9.78,5.9,49.66,0,0
S105442,U11475,2026-01-06,Paid Search,Home,Mobile,India,New,4.45,5.1,60.07,0,0
S106176,U11074,2026-01-06,Referral,About Us,Mobile,India,Returning,2.76,3.0,55.33,0,0
S104747,U13491,2026-01-06,Social Media,Home,Desktop,Australia,New,3.14,1.9,79.53,0,0
S100226,U10699,2026-01-06,Paid Search,Product Details,Desktop,USA,New,2.72,3.1,72.42,0,0
S107553,U15737,2026-01-06,Referral,Home,Mobile,Australia,New,4.93,3.3,69.5,0,0
S108159,U11566,2026-01-07,Paid Search,Home,Mobile,India,New,7.41,3.0,65.21,0,0
S100125,U12279,2026-01-07,Paid Search,Checkout,Mobile,India,New,2.54,2.1,76.79,0,0
S106529,U11016,2026-01-07,Paid Search,Product Details,Desktop,India,Returning,3.55,2.0,67.31,0,0
S100658,U14947,2026-01-07,Referral,Blog,Tablet,India,New,2.67,2.4,76.2,0,0
S106543,U12210,2026-01-07,Paid Search,Products,Desktop,Australia,Returning,3.48,3.3,68.08,0,0
S105636,U12104,2026-01-07,Paid Search,Checkout,Mobile,Australia,New,1.73,2.7,61.21,0,0
S103623,U11937,2026-01-07,Referral,About Us,Desktop,USA,New,4.56,4.1,58.87,0,0
S109213,U14909,2026-01-07,Referral,About Us,Desktop,UK,Returning,5.98,4.1,62.52,0,0
S102556,U13714,2026-01-07,Direct,About Us,Mobile,India,Returning,3.73,3.8,43.28,0,0
S107142,U14080,2026-01-07,Paid Search,Product Details,Mobile,India,New,3.25,2.9,59.6,1,100
S105533,U11875,2026-01-07,Referral,About Us,Mobile,India,New,2.06,2.1,72.73,0,0
S102519,U12638,2026-01-07,Referral,Products,Desktop,Australia,New,4.05,4.1,60.88,1,100
S108079,U10752,2026-01-07,Organic Search,Home,Mobile,India,Returning,1.99,2.5,56.3,0,0
S106663,U10641,2026-01-07,Social Media,Blog,Tablet,India,New,8.27,4.5,57.55,0,0
S109379,U15765,2026-01-07,Paid Search,Pricing,Mobile,India,New,4.62,2.7,55.59,1,100
S105448,U16397,2026-01-07,Organic Search,Product Details,Desktop,Canada,New,6.05,3.6,56.76,0,0
S106228,U13682,2026-01-07,Paid Search,Home,Mobile,India,Returning,7.15,6.1,49.53,1,100
S105761,U15357,2026-01-07,Social Media,Blog,Desktop,USA,New,1.85,2.2,84.69,0,0
S108167,U13236,2026-01-07,Organic Search,Product Details,Desktop,India,New,3.96,3.4,57.2,0,0
S108527,U10849,2026-01-07,Direct,Checkout,Mobile,UK,New,1.37,1.8,62.58,0,0
S105855,U16452,2026-01-07,Social Media,Home,Desktop,India,Returning,7.17,4.5,64.23,0,0
S106743,U12950,2026-01-07,Social Media,Pricing,Desktop,India,New,2.53,2.2,67.73,0,0
S109296,U14143,2026-01-07,Organic Search,Blog,Mobile,India,Returning,4.91,2.8,51.21,0,0
S108340,U10772,2026-01-07,Organic Search,Product Details,Tablet,India,New,1.12,1.2,67.28,0,0
S106296,U15376,2026-01-07,Referral,FAQ,Mobile,India,New,5.19,5.2,34.17,0,0
S108626,U15299,2026-01-07,Social Media,Pricing,Desktop,India,New,4.4,4.2,66.54,0,0
S106027,U10471,2026-01-07,Direct,Checkout,Mobile,India,New,2.91,2.3,55.96,0,0
S106269,U12502,2026-01-07,Organic Search,Pricing,Desktop,India,New,12.88,7.3,37.91,0,0
S102782,U12386,2026-01-07,Paid Search,Home,Mobile,India,New,17.65,10.5,31.74,0,0
S103230,U14261,2026-01-07,Organic Search,FAQ,Desktop,India,New,5.06,5.1,54.9,0,0
S108403,U14021,2026-01-07,Referral,Contact Us,Tablet,UK,Returning,1.92,2.0,68.26,0,0
S102765,U12646,2026-01-07,Direct,Products,Desktop,India,Returning,9.84,7.3,49.02,0,0
S104342,U15722,2026-01-07,Organic Search,Pricing,Mobile,India,New,0.36,1.0,78.58,0,0
S109833,U10295,2026-01-07,Organic Search,FAQ,Mobile,India,New,6.86,4.6,53.5,0,0
S103926,U12212,2026-01-07,Social Media,Products,Mobile,India,New,8.24,6.2,41.46,0,0
S104628,U13157,2026-01-07,Social Media,Product Details,Tablet,USA,Returning,7.22,5.0,55.5,0,0
S102177,U14890,2026-01-07,Organic Search,Home,Mobile,India,New,8.02,5.7,42.23,0,0
S107344,U10788,2026-01-07,Organic Search,FAQ,Mobile,India,Returning,1.73,1.2,74.91,0,0
S107940,U11538,2026-01-07,Paid Search,Pricing,Mobile,Canada,New,7.36,4.7,67.16,0,0
S101774,U11641,2026-01-07,Organic Search,Product Details,Mobile,India,New,7.02,5.9,50.24,0,0
S102436,U10964,2026-01-07,Paid Search,Home,Tablet,India,New,1.97,2.8,78.05,0,0
S103820,U13055,2026-01-07,Referral,Checkout,Desktop,USA,New,7.91,5.4,40.07,0,0
S104588,U13566,2026-01-07,Referral,Checkout,Mobile,USA,New,8.89,5.2,61.61,1,100
S108844,U16369,2026-01-07,Organic Search,Contact Us,Desktop,India,New,3.92,3.7,58.61,0,0
S101999,U10521,2026-01-07,Paid Search,Products,Desktop,India,New,3.16,3.0,61.74,0,0
S104459,U10520,2026-01-07,Referral,Home,Desktop,India,Returning,3.81,3.1,66.52,0,0
S108034,U15777,2026-01-07,Paid Search,Contact Us,Mobile,India,New,7.36,4.3,50.43,0,0
S109018,U14699,2026-01-07,Referral,Pricing,Desktop,India,New,1.68,2.4,75.43,0,0
S104374,U10216,2026-01-07,Organic Search,Blog,Mobile,India,Returning,5.59,4.6,62.33,0,0
S108486,U12534,2026-01-07,Paid Search,Services,Desktop,India,Returning,1.5,2.1,70.06,0,0
S104842,U11416,2026-01-07,Referral,Home,Desktop,India,New,0.75,2.7,62.12,0,0
S101612,U15658,2026-01-07,Referral,Pricing,Mobile,India,Returning,5.79,4.2,50.25,0,0
S106226,U12781,2026-01-08,Direct,About Us,Mobile,USA,New,9.31,4.9,54.76,0,0
S102721,U14738,2026-01-08,Social Media,About Us,Desktop,India,Returning,3.28,3.1,71.2,0,0
S100995,U10365,2026-01-08,Referral,Home,Desktop,Australia,Returning,6.72,2.5,69.09,0,0
S100053,U15394,2026-01-08,Referral,Home,Tablet,USA,New,4.23,3.5,68.43,0,0
S109972,U10919,2026-01-08,Organic Search,About Us,Mobile,India,New,2.91,4.2,59.98,0,0
S103203,U15348,2026-01-08,Direct,Services,Mobile,India,New,4.99,3.6,62.01,0,0
S101043,U13515,2026-01-08,Social Media,Blog,Desktop,India,New,13.52,7.4,41.65,0,0
S108982,U15110,2026-01-08,Social Media,Home,Tablet,Canada,New,6.62,5.6,60.03,0,0
S106164,U11939,2026-01-08,Referral,Home,Desktop,India,Returning,10.83,7.4,29.15,0,0
S106825,U11193,2026-01-08,Referral,Blog,Mobile,USA,New,15.63,10.0,22.51,0,0
S104703,U13855,2026-01-08,Referral,FAQ,Mobile,India,New,8.53,6.1,40.19,1,100
S106739,U12658,2026-01-08,Organic Search,Contact Us,Desktop,India,New,7.84,5.7,33.82,0,0
S104555,U14747,2026-01-08,Social Media,Home,Desktop,Canada,New,2.55,4.3,50.65,0,0
S106657,U16061,2026-01-08,Social Media,About Us,Desktop,India,Returning,6.28,5.1,42.75,0,0
S102097,U10410,2026-01-08,Paid Search,Services,Mobile,Canada,Returning,4.28,2.5,60.14,0,0
S104418,U12381,2026-01-08,Social Media,Products,Desktop,USA,New,2.35,2.6,51.11,1,100
S100785,U10358,2026-01-08,Paid Search,About Us,Desktop,India,New,10.5,5.5,36.97,0,0
S104444,U15510,2026-01-08,Paid Search,About Us,Desktop,India,Returning,4.68,3.9,50.97,0,0
S108406,U12199,2026-01-08,Paid Search,Products,Desktop,USA,New,7.95,5.9,34.13,0,0
S103064,U12631,2026-01-08,Paid Search,Pricing,Mobile,USA,New,10.17,6.2,58.89,0,0
S106313,U11961,2026-01-08,Direct,Pricing,Desktop,India,New,4.98,3.0,52.55,0,0
S100252,U12328,2026-01-08,Paid Search,Checkout,Desktop,USA,Returning,9.62,6.1,57.72,0,0
S108371,U13816,2026-01-08,Paid Search,FAQ,Desktop,India,New,9.11,5.8,41.76,0,0
S106392,U13196,2026-01-08,Organic Search,Blog,Desktop,India,New,5.52,3.1,66.38,0,0
S102832,U14855,2026-01-08,Referral,Product Details,Mobile,India,New,2.88,1.8,80.74,0,0
S100034,U12559,2026-01-08,Organic Search,Products,Desktop,India,New,6.19,3.3,57.73,0,0
S103116,U14257,2026-01-08,Organic Search,Services,Desktop,India,New,2.14,2.1,63.67,0,0
S104778,U13732,2026-01-08,Organic Search,Products,Desktop,India,Returning,7.45,5.3,39.37,0,0
S100822,U11016,2026-01-08,Paid Search,Pricing,Mobile,India,New,5.0,2.9,73.93,0,0
S103082,U13889,2026-01-08,Direct,Contact Us,Mobile,India,New,5.18,2.7,48.76,0,0
S101894,U10886,2026-01-08,Direct,FAQ,Mobile,India,New,12.29,8.4,33.12,1,100
S105391,U13047,2026-01-08,Direct,Pricing,Desktop,India,Returning,2.52,1.7,69.48,0,0
S107191,U11371,2026-01-08,Organic Search,Pricing,Desktop,India,New,3.12,2.4,63.67,0,0
S107011,U12057,2026-01-08,Direct,Products,Desktop,USA,New,10.61,7.5,44.46,1,100
S108642,U13231,2026-01-08,Social Media,FAQ,Mobile,India,New,13.89,9.2,39.39,0,0
S105148,U11674,2026-01-08,Paid Search,Home,Mobile,USA,New,9.18,5.4,57.47,1,100
S108154,U15878,2026-01-08,Direct,Services,Mobile,USA,New,3.79,5.1,67.22,0,0
S102447,U11682,2026-01-08,Organic Search,Blog,Desktop,India,New,3.64,2.2,57.69,0,0
S105653,U13866,2026-01-08,Paid Search,Product Details,Desktop,UK,Returning,8.6,5.7,46.55,0,0
S104358,U13271,2026-01-08,Organic Search,Products,Mobile,India,New,4.06,4.0,61.78,0,0
S103799,U11142,2026-01-08,Paid Search,Products,Mobile,Canada,New,4.15,2.3,53.32,0,0
S105607,U16420,2026-01-08,Organic Search,Services,Mobile,India,New,1.56,1.0,68.72,0,0
S103798,U12042,2026-01-08,Direct,Home,Tablet,Canada,New,8.06,6.6,31.93,0,0
S107116,U11874,2026-01-08,Direct,Checkout,Mobile,USA,New,7.02,6.2,49.5,1,100
S105576,U15022,2026-01-08,Direct,Home,Desktop,India,New,4.72,4.3,46.48,0,0
S102455,U11287,2026-01-08,Paid Search,About Us,Mobile,India,New,2.15,1.5,56.38,0,0
S105372,U15489,2026-01-08,Organic Search,Services,Mobile,UK,New,6.72,6.6,39.32,0,0
S100724,U13523,2026-01-08,Referral,FAQ,Desktop,India,New,12.06,7.1,36.81,1,100
S109046,U15245,2026-01-08,Organic Search,Checkout,Desktop,India,Returning,1.2,1.0,72.41,0,0
S107946,U14826,2026-01-08,Referral,Home,Desktop,Canada,Returning,3.81,4.1,55.45,0,0
S103506,U14250,2026-01-08,Organic Search,Product Details,Tablet,India,Returning,3.08,2.3,66.98,0,0
S103945,U11208,2026-01-08,Organic Search,Product Details,Mobile,UK,Returning,4.79,4.2,65.21,1,100
S107506,U14849,2026-01-08,Direct,Home,Desktop,USA,New,6.07,4.3,46.22,0,0
S106887,U14351,2026-01-08,Paid Search,About Us,Desktop,India,Returning,13.12,8.4,29.12,0,0
S107910,U11153,2026-01-08,Direct,FAQ,Mobile,India,New,7.6,7.1,55.53,0,0
S103400,U10646,2026-01-08,Organic Search,About Us,Desktop,India,Returning,2.03,4.0,51.16,0,0
S102295,U14404,2026-01-08,Referral,Home,Desktop,UK,Returning,1.1,2.9,64.39,0,0
S101847,U13509,2026-01-08,Referral,Product Details,Desktop,UK,New,7.42,5.7,52.37,0,0
S101351,U10689,2026-01-08,Organic Search,Product Details,Mobile,USA,Returning,6.11,7.7,39.09,1,100
S100448,U12702,2026-01-08,Organic Search,About Us,Desktop,UK,New,4.61,3.4,67.55,0,0
S105005,U11994,2026-01-08,Organic Search,Blog,Mobile,India,Returning,9.57,4.7,44.58,1,100
S103958,U14791,2026-01-08,Organic Search,Checkout,Mobile,UK,New,9.31,6.6,45.42,1,100
S102067,U11896,2026-01-09,Organic Search,Services,Mobile,USA,New,4.28,4.0,58.98,0,0
S109656,U11024,2026-01-09,Referral,Product Details,Mobile,India,New,7.61,4.5,58.01,0,0
S101145,U14430,2026-01-09,Referral,Product Details,Mobile,India,Returning,10.55,6.8,56.4,0,0
S108704,U13210,2026-01-09,Referral,Blog,Desktop,Canada,New,4.45,4.7,68.11,0,0
S101889,U11266,2026-01-09,Direct,Home,Mobile,India,Returning,3.23,3.2,57.18,0,0
S102658,U11827,2026-01-09,Paid Search,Services,Mobile,UK,New,10.82,5.7,58.41,0,0
S109150,U13800,2026-01-09,Referral,Services,Mobile,UK,New,4.65,1.5,62.69,0,0
S101439,U13453,2026-01-09,Social Media,Checkout,Desktop,India,Returning,6.27,2.2,66.43,0,0
S100802,U15321,2026-01-09,Referral,Pricing,Tablet,India,New,5.49,4.5,48.29,0,0
S109432,U10944,2026-01-09,Paid Search,Home,Mobile,India,Returning,4.53,4.0,73.32,0,0
S102865,U15511,2026-01-09,Organic Search,Contact Us,Desktop,India,New,8.07,3.5,45.47,0,0
S101831,U12605,2026-01-09,Paid Search,Blog,Desktop,Australia,New,5.42,3.0,58.31,0,0
S101089,U12763,2026-01-09,Direct,Products,Desktop,USA,Returning,13.22,9.0,38.09,0,0
S100931,U16255,2026-01-09,Organic Search,Contact Us,Mobile,India,New,2.54,1.1,74.07,0,0
S101265,U13006,2026-01-09,Direct,Product Details,Mobile,India,Returning,8.85,6.4,47.78,0,0
S109033,U14772,2026-01-09,Organic Search,Pricing,Mobile,India,Returning,12.76,8.4,34.82,0,0
S109056,U13671,2026-01-09,Organic Search,Home,Desktop,India,New,5.51,3.7,63.97,0,0
S102580,U15918,2026-01-09,Organic Search,Services,Tablet,India,New,7.39,4.9,49.6,1,100
S101888,U14580,2026-01-09,Paid Search,Products,Mobile,India,New,7.33,4.0,48.55,0,0
S103734,U12498,2026-01-09,Social Media,Pricing,Mobile,UK,Returning,4.44,3.4,80.87,0,0
S100709,U14313,2026-01-09,Organic Search,Pricing,Mobile,India,Returning,18.73,12.8,10.0,0,0
S100074,U13944,2026-01-09,Direct,Products,Desktop,UK,New,3.44,1.7,58.0,0,0
S106871,U16404,2026-01-09,Referral,FAQ,Tablet,India,New,2.13,2.2,85.84,0,0
S106075,U16079,2026-01-09,Direct,Contact Us,Mobile,USA,Returning,3.5,3.1,71.95,0,0
S105702,U12154,2026-01-09,Paid Search,Services,Mobile,Canada,New,1.27,1.0,74.13,0,0
S103676,U15824,2026-01-09,Organic Search,Product Details,Mobile,USA,Returning,5.12,4.4,58.36,0,0
S105689,U12154,2026-01-09,Social Media,Pricing,Desktop,India,New,9.05,5.8,48.59,0,0
S109936,U16207,2026-01-09,Organic Search,Products,Mobile,UK,New,1.97,1.9,74.6,0,0
S107252,U14624,2026-01-09,Organic Search,Products,Desktop,India,New,5.3,3.3,71.71,0,0
S105196,U14391,2026-01-09,Organic Search,About Us,Mobile,USA,New,4.81,6.0,32.95,0,0
S105050,U13645,2026-01-09,Organic Search,Checkout,Mobile,India,Returning,3.29,2.0,72.75,0,0
S106865,U10508,2026-01-09,Direct,Home,Mobile,Canada,Returning,7.29,5.1,51.92,0,0
S104993,U11630,2026-01-09,Paid Search,Product Details,Desktop,Australia,New,5.52,4.0,50.64,0,0
S104762,U15288,2026-01-09,Direct,Checkout,Desktop,India,Returning,10.37,5.9,52.37,0,0
S107532,U14853,2026-01-09,Organic Search,Blog,Mobile,India,New,3.41,2.6,71.71,0,0
S102929,U13698,2026-01-09,Organic Search,Home,Mobile,USA,New,3.7,3.4,57.34,0,0
S104672,U13274,2026-01-09,Referral,Home,Mobile,India,Returning,4.39,4.3,60.22,0,0
S103933,U15986,2026-01-09,Organic Search,About Us,Tablet,Australia,New,2.12,1.2,71.26,0,0
S104591,U16010,2026-01-09,Referral,Products,Desktop,India,Returning,1.83,2.8,61.34,1,100
S103951,U10883,2026-01-09,Paid Search,Home,Mobile,UK,New,3.87,1.8,66.13,0,0
S103985,U12559,2026-01-09,Referral,Home,Mobile,India,New,4.77,3.4,53.0,0,0
S104575,U10874,2026-01-09,Social Media,Home,Mobile,UK,Returning,2.92,2.6,55.32,0,0
S107717,U10327,2026-01-09,Paid Search,Home,Mobile,India,New,1.29,2.0,68.08,0,0
S108016,U14518,2026-01-09,Paid Search,Home,Tablet,Australia,New,5.81,4.4,54.17,0,0
S109971,U12823,2026-01-09,Social Media,Products,Desktop,Australia,Returning,3.59,2.4,69.79,0,0
S105778,U10827,2026-01-09,Direct,Services,Desktop,USA,Returning,4.39,3.9,58.98,0,0
S103305,U10782,2026-01-09,Referral,Services,Desktop,India,New,6.83,6.6,39.07,0,0
S108307,U13658,2026-01-09,Direct,Services,Desktop,Canada,New,9.63,6.1,48.74,0,0
S106449,U11860,2026-01-09,Organic Search,Product Details,Mobile,India,Returning,2.71,3.8,49.07,0,0
S103036,U13984,2026-01-09,Referral,About Us,Mobile,India,New,2.6,2.4,70.25,0,0
S103141,U15739,2026-01-09,Direct,Products,Tablet,USA,Returning,11.11,7.9,37.23,0,0
S108283,U13766,2026-01-09,Social Media,FAQ,Desktop,India,New,7.89,7.0,43.38,0,0
S106528,U10845,2026-01-09,Direct,Checkout,Mobile,India,Returning,22.9,14.6,10.0,0,0
S106287,U16395,2026-01-09,Organic Search,Home,Desktop,India,New,3.34,1.7,62.27,0,0
S106740,U14523,2026-01-09,Organic Search,Products,Desktop,India,New,7.76,3.9,47.45,0,0
S106674,U13604,2026-01-09,Organic Search,Products,Desktop,UK,Returning,4.23,2.6,60.2,0,0
S107420,U11208,2026-01-10,Organic Search,Product Details,Tablet,USA,New,2.99,3.1,60.97,0,0
S104925,U11092,2026-01-10,Paid Search,Checkout,Mobile,Canada,Returning,13.1,8.6,30.81,1,100
S101874,U14682,2026-01-10,Paid Search,Home,Tablet,Canada,New,5.34,4.0,47.71,0,0
S104850,U15445,2026-01-10,Direct,Services,Desktop,India,Returning,16.7,14.1,10.0,1,100
S107503,U11952,2026-01-10,Paid Search,Home,Mobile,India,New,1.45,1.2,72.6,0,0
S100784,U15064,2026-01-10,Paid Search,Checkout,Mobile,Australia,New,5.92,5.2,57.97,0,0
S104642,U14516,2026-01-10,Organic Search,Pricing,Desktop,USA,New,3.94,1.5,66.99,0,0
S104597,U13355,2026-01-10,Organic Search,About Us,Desktop,UK,Returning,3.42,2.6,68.06,0,0
S106578,U11752,2026-01-10,Referral,Checkout,Desktop,UK,Returning,2.54,3.5,65.15,1,100
S100737,U13073,2026-01-10,Referral,Products,Desktop,India,Returning,3.88,4.3,51.06,0,0
S102009,U13789,2026-01-10,Paid Search,Blog,Desktop,India,New,4.7,3.3,75.17,0,0
S104562,U13955,2026-01-10,Paid Search,Home,Tablet,USA,Returning,7.95,5.3,35.9,0,0
S102021,U11568,2026-01-10,Direct,Home,Mobile,Australia,New,2.29,1.9,71.75,0,0
S107683,U13186,2026-01-10,Social Media,Products,Desktop,USA,Returning,1.99,2.7,67.32,0,0
S106635,U14943,2026-01-10,Organic Search,Checkout,Tablet,USA,New,3.87,2.3,72.52,0,0
S104310,U13897,2026-01-10,Social Media,Blog,Desktop,UK,Returning,3.77,2.1,64.93,0,0
S104276,U14267,2026-01-10,Organic Search,Home,Tablet,India,Returning,5.43,4.5,61.38,0,0
S100758,U12934,2026-01-10,Direct,FAQ,Desktop,UK,New,9.0,6.9,46.74,0,0
S109983,U11065,2026-01-10,Organic Search,Checkout,Mobile,UK,New,9.86,5.7,42.12,0,0
S107354,U11606,2026-01-10,Paid Search,Services,Desktop,UK,Returning,11.3,8.0,53.92,0,0
S107334,U15607,2026-01-10,Direct,About Us,Mobile,India,New,5.17,3.1,70.31,0,0
S101058,U13422,2026-01-10,Paid Search,FAQ,Desktop,UK,Returning,3.51,4.9,61.99,0,0
S106778,U14356,2026-01-10,Social Media,Pricing,Desktop,India,New,2.33,3.3,66.92,0,0
S106774,U10381,2026-01-10,Social Media,Blog,Mobile,India,Returning,6.68,5.1,72.46,0,0
S106279,U15635,2026-01-10,Social Media,Products,Mobile,India,New,5.73,3.7,68.05,0,0
S101195,U13688,2026-01-10,Paid Search,Checkout,Tablet,India,New,8.39,6.1,39.58,0,0
S101223,U14613,2026-01-10,Organic Search,Products,Mobile,India,New,3.83,3.1,57.57,0,0
S101224,U15755,2026-01-10,Organic Search,Contact Us,Desktop,India,New,2.85,3.8,51.62,0,0
S100079,U15226,2026-01-10,Direct,Products,Desktop,UK,New,3.05,2.9,66.72,0,0
S100089,U14912,2026-01-10,Organic Search,About Us,Mobile,India,New,9.65,7.2,29.87,0,0
S105989,U12399,2026-01-10,Organic Search,Blog,Mobile,India,New,3.18,3.3,64.2,0,0
S106951,U13257,2026-01-10,Paid Search,Checkout,Desktop,India,New,3.46,3.4,71.9,0,0
S101113,U16403,2026-01-10,Referral,Checkout,Mobile,India,New,3.99,4.7,61.31,1,100
S105891,U10424,2026-01-10,Organic Search,Products,Mobile,India,New,0.88,1.0,83.85,0,0
S106999,U10340,2026-01-10,Referral,About Us,Desktop,India,New,15.87,9.6,24.25,0,0
S104200,U11024,2026-01-10,Organic Search,Services,Desktop,India,New,7.76,3.9,62.23,0,0
S100977,U14433,2026-01-10,Organic Search,Blog,Mobile,India,Returning,6.49,4.7,61.96,0,0
S107081,U12654,2026-01-10,Organic Search,Blog,Tablet,India,New,4.94,5.5,63.38,0,0
S109469,U14931,2026-01-10,Organic Search,FAQ,Mobile,India,Returning,6.71,2.7,74.17,0,0
S107240,U14017,2026-01-10,Social Media,Blog,Mobile,India,New,8.13,5.2,33.15,0,0
S109919,U12427,2026-01-10,Paid Search,Blog,Desktop,Canada,New,4.54,3.3,52.76,1,100
S106759,U13389,2026-01-10,Referral,Home,Mobile,Canada,New,4.35,5.8,52.14,0,0
S101671,U11805,2026-01-10,Paid Search,About Us,Mobile,India,New,2.37,3.0,69.07,0,0
S109103,U15957,2026-01-10,Organic Search,Checkout,Desktop,USA,Returning,3.94,3.1,58.85,0,0
S106362,U16007,2026-01-10,Organic Search,Services,Tablet,India,New,1.07,1.7,75.62,0,0
S101403,U13080,2026-01-10,Referral,About Us,Mobile,India,New,8.49,4.2,44.08,0,0
S104173,U13801,2026-01-10,Paid Search,Pricing,Mobile,USA,New,0.4,1.6,60.22,0,0
S104727,U13409,2026-01-10,Social Media,About Us,Desktop,India,New,1.73,3.1,54.08,0,0
S102516,U11547,2026-01-10,Organic Search,Product Details,Mobile,India,Returning,8.5,5.7,45.21,0,0
S108561,U12333,2026-01-10,Organic Search,Blog,Tablet,USA,New,2.53,2.9,72.34,0,0
S102763,U11765,2026-01-10,Referral,FAQ,Desktop,India,Returning,5.0,3.5,57.15,0,0
S108037,U13807,2026-01-10,Direct,Pricing,Mobile,India,Returning,4.73,3.9,61.54,0,0
S102666,U15044,2026-01-10,Organic Search,Contact Us,Desktop,India,New,3.95,4.7,78.92,0,0
S108798,U11094,2026-01-10,Organic Search,Product Details,Mobile,USA,New,13.32,6.5,39.08,0,0
S100409,U13395,2026-01-10,Paid Search,About Us,Mobile,UK,New,4.27,3.4,57.44,0,0
S108789,U11930,2026-01-10,Organic Search,Blog,Desktop,India,New,1.32,3.1,58.82,0,0
S102575,U12662,2026-01-10,Paid Search,Product Details,Desktop,UK,Returning,3.67,3.0,66.1,0,0
S103942,U11511,2026-01-10,Organic Search,About Us,Desktop,India,New,7.59,5.3,52.37,0,0
S103456,U16145,2026-01-10,Organic Search,Home,Mobile,UK,Returning,3.35,4.0,56.93,0,0
S103410,U15078,2026-01-10,Paid Search,Product Details,Desktop,Australia,Returning,10.47,9.3,43.1,1,100
S103401,U16355,2026-01-10,Direct,Pricing,Desktop,Australia,Returning,1.25,2.4,60.17,1,100
S103394,U10227,2026-01-10,Direct,Products,Mobile,India,New,4.07,4.2,70.07,0,0
S108369,U13633,2026-01-10,Referral,Contact Us,Tablet,India,New,10.32,5.8,50.74,0,0
S102393,U13866,2026-01-10,Paid Search,Products,Desktop,Canada,New,9.02,6.5,56.27,1,100
S108410,U12085,2026-01-10,Direct,Products,Mobile,India,New,0.66,1.4,64.02,0,0
S103316,U11068,2026-01-10,Referral,Services,Mobile,India,Returning,1.94,2.8,73.03,0,0
S108492,U15650,2026-01-10,Paid Search,Products,Desktop,USA,New,5.74,3.0,60.62,0,0
S100533,U15189,2026-01-10,Paid Search,Product Details,Desktop,USA,Returning,11.28,9.4,29.49,0,0
S103670,U12867,2026-01-10,Social Media,Products,Mobile,India,New,8.6,4.8,51.72,0,0
S102738,U10883,2026-01-10,Direct,Product Details,Mobile,India,New,1.76,2.3,70.22,0,0
S103860,U12173,2026-01-11,Organic Search,Products,Mobile,India,New,5.42,5.7,64.33,0,0
S101193,U11998,2026-01-11,Organic Search,Product Details,Mobile,India,New,2.84,2.7,47.55,0,0
S101863,U11137,2026-01-11,Organic Search,Pricing,Tablet,India,New,1.46,2.1,70.4,0,0
S104072,U15777,2026-01-11,Organic Search,Services,Tablet,UK,Returning,3.67,2.8,69.19,0,0
S100097,U10879,2026-01-11,Direct,Checkout,Desktop,Canada,New,0.35,3.5,67.22,0,0
S102461,U10445,2026-01-11,Paid Search,Product Details,Mobile,India,Returning,5.48,5.6,44.11,0,0
S107002,U11715,2026-01-11,Organic Search,Contact Us,Mobile,India,New,7.5,5.9,68.6,0,0
S100346,U14912,2026-01-11,Direct,Home,Tablet,India,New,4.15,2.9,74.74,0,0
S101717,U14069,2026-01-11,Referral,Products,Mobile,Canada,New,8.15,5.1,43.53,0,0
S105751,U11696,2026-01-11,Referral,Pricing,Desktop,UK,New,1.88,1.9,72.09,0,0
S105748,U11575,2026-01-11,Paid Search,About Us,Desktop,USA,New,4.8,3.6,70.52,0,0
S107089,U11090,2026-01-11,Organic Search,Product Details,Mobile,India,Returning,8.42,5.4,38.19,0,0
S101625,U14431,2026-01-11,Referral,About Us,Mobile,Australia,Returning,2.66,4.1,58.16,0,0
S105955,U15064,2026-01-11,Organic Search,Pricing,Desktop,India,Returning,7.49,5.6,47.83,0,0
S105004,U12435,2026-01-11,Organic Search,Blog,Mobile,India,Returning,3.51,2.8,69.79,0,0
S104716,U14859,2026-01-11,Referral,Checkout,Tablet,India,New,3.64,3.2,42.96,0,0
S107885,U15600,2026-01-11,Referral,Services,Tablet,India,New,4.35,3.8,60.4,1,100
S102236,U15803,2026-01-11,Referral,Pricing,Mobile,India,New,4.12,2.5,63.08,0,0
S100299,U15424,2026-01-11,Social Media,Checkout,Desktop,India,Returning,9.01,4.8,50.9,0,0
S103080,U14156,2026-01-11,Organic Search,FAQ,Desktop,India,New,3.46,2.8,73.82,0,0
S107787,U15860,2026-01-11,Paid Search,Products,Mobile,India,New,9.22,7.6,31.91,0,0
S104222,U15579,2026-01-11,Direct,Services,Mobile,USA,Returning,9.52,6.9,48.49,1,100
S106479,U15984,2026-01-11,Paid Search,Pricing,Tablet,USA,Returning,4.89,2.7,61.21,0,0
S106680,U10129,2026-01-11,Social Media,Products,Tablet,India,New,2.62,2.7,70.08,0,0
S104280,U12278,2026-01-11,Paid Search,Pricing,Tablet,India,New,5.87,4.6,53.85,0,0
S101127,U10321,2026-01-11,Paid Search,Product Details,Mobile,Canada,New,0.5,1.5,67.54,0,0
S102749,U13293,2026-01-11,Organic Search,Product Details,Desktop,UK,New,6.1,4.5,64.89,0,0
S108792,U12210,2026-01-11,Organic Search,Home,Mobile,India,New,5.03,4.3,49.45,0,0
S105360,U12348,2026-01-11,Referral,Pricing,Tablet,UK,New,8.04,6.2,60.24,0,0
S100516,U14993,2026-01-11,Referral,Blog,Desktop,Canada,New,2.4,2.2,75.53,1,100
S108964,U10438,2026-01-11,Paid Search,Home,Tablet,Canada,Returning,1.77,2.8,66.91,0,0
S102731,U13977,2026-01-12,Direct,Home,Desktop,India,New,5.9,4.4,51.19,0,0
S101124,U15288,2026-01-12,Referral,Services,Mobile,USA,New,6.25,3.4,57.8,0,0
S102518,U10969,2026-01-12,Direct,Pricing,Mobile,India,New,3.85,4.1,58.47,0,0
S101540,U12059,2026-01-12,Organic Search,Blog,Mobile,USA,New,7.14,4.1,50.77,0,0
S106802,U14444,2026-01-12,Referral,Home,Desktop,India,New,14.69,10.6,25.43,0,0
S102536,U15700,2026-01-12,Direct,Contact Us,Mobile,USA,Returning,4.49,4.6,65.45,0,0
S101484,U13431,2026-01-12,Referral,Product Details,Mobile,India,New,1.27,2.2,75.15,0,0
S109254,U13937,2026-01-12,Paid Search,Home,Tablet,India,New,8.11,4.7,47.83,0,0
S106090,U11612,2026-01-12,Direct,Home,Desktop,India,New,1.23,2.2,69.92,0,0
S103131,U14698,2026-01-12,Organic Search,About Us,Mobile,Canada,Returning,5.79,4.7,60.85,0,0
S108226,U13045,2026-01-12,Paid Search,About Us,Desktop,India,Returning,1.87,3.4,66.58,0,0
S106484,U13179,2026-01-12,Organic Search,Product Details,Tablet,India,New,5.49,4.9,42.74,0,0
S105753,U13263,2026-01-12,Paid Search,Services,Desktop,India,Returning,2.4,2.4,65.87,0,0
S106233,U12398,2026-01-12,Paid Search,Blog,Tablet,India,New,12.44,9.4,31.77,0,0
S108271,U14970,2026-01-12,Organic Search,FAQ,Desktop,Australia,Returning,5.93,4.3,55.58,0,0
S100109,U10065,2026-01-12,Referral,Contact Us,Desktop,Australia,Returning,3.12,2.6,65.78,0,0
S103556,U12525,2026-01-12,Organic Search,FAQ,Desktop,Canada,New,1.36,1.7,79.65,0,0
S102776,U10901,2026-01-12,Direct,Product Details,Tablet,India,New,6.86,5.7,54.55,1,100
S109375,U13610,2026-01-12,Paid Search,Services,Desktop,India,New,2.15,1.1,81.69,0,0
S102770,U15694,2026-01-12,Direct,FAQ,Desktop,India,New,3.1,4.0,71.31,0,0
S108285,U13384,2026-01-12,Referral,Services,Tablet,India,New,6.16,5.1,40.7,0,0
S106326,U13793,2026-01-12,Organic Search,Blog,Mobile,India,New,9.78,8.4,34.58,0,0
S100092,U13799,2026-01-12,Paid Search,Product Details,Mobile,UK,New,1.32,3.3,74.15,0,0
S105983,U11187,2026-01-12,Referral,Home,Desktop,Australia,New,2.57,4.5,52.94,0,0
S103487,U11467,2026-01-12,Organic Search,Product Details,Mobile,India,New,4.62,4.0,54.21,0,0
S100998,U14979,2026-01-12,Paid Search,Product Details,Mobile,Canada,Returning,3.73,3.7,40.33,0,0
S100476,U15692,2026-01-12,Organic Search,Contact Us,Tablet,India,New,3.71,3.4,82.57,0,0
S102977,U15164,2026-01-12,Organic Search,Blog,Mobile,UK,New,3.76,4.6,54.56,0,0
S107519,U13776,2026-01-12,Social Media,Product Details,Mobile,India,New,1.19,1.7,80.88,0,0
S104705,U11915,2026-01-12,Paid Search,Services,Mobile,UK,Returning,3.21,1.7,67.51,0,0
S100517,U13344,2026-01-12,Organic Search,FAQ,Desktop,USA,New,3.6,1.0,76.79,0,0
S104623,U13897,2026-01-12,Referral,Home,Desktop,USA,New,0.3,3.5,53.23,0,0
S108745,U14276,2026-01-12,Referral,Blog,Mobile,India,Returning,0.78,1.0,87.16,0,0
S101992,U13225,2026-01-12,Paid Search,Product Details,Desktop,India,New,1.7,1.3,83.88,0,0
S108766,U11037,2026-01-12,Direct,FAQ,Desktop,India,Returning,3.36,3.0,58.17,0,0
S103862,U16314,2026-01-12,Social Media,Pricing,Desktop,India,Returning,4.96,3.2,53.47,0,0
S103996,U10943,2026-01-12,Organic Search,Blog,Mobile,Canada,New,3.43,3.0,73.15,0,0
S101862,U11691,2026-01-12,Organic Search,Contact Us,Desktop,UK,Returning,3.31,2.9,61.33,0,0
S108814,U12690,2026-01-12,Social Media,Product Details,Desktop,UK,Returning,7.79,6.3,54.68,1,100
S104960,U12218,2026-01-12,Paid Search,Home,Mobile,India,New,6.66,6.9,47.41,0,0
S109906,U15433,2026-01-12,Paid Search,About Us,Mobile,India,New,4.26,3.7,52.6,0,0
S107349,U15754,2026-01-12,Social Media,Checkout,Tablet,India,Returning,2.58,1.0,63.61,0,0
S101802,U10796,2026-01-12,Referral,Products,Desktop,India,Returning,3.14,4.0,53.1,0,0
S104221,U13238,2026-01-12,Direct,Home,Desktop,Australia,Returning,3.18,3.5,72.99,0,0
S101947,U14117,2026-01-12,Organic Search,About Us,Mobile,India,Returning,2.32,1.0,62.16,0,0
S103769,U11151,2026-01-12,Organic Search,Services,Mobile,India,New,4.21,2.2,64.59,0,0
S100348,U11528,2026-01-12,Referral,Pricing,Desktop,Canada,Returning,2.82,1.8,55.37,0,0
S108683,U12604,2026-01-12,Social Media,Product Details,Tablet,UK,New,5.14,4.1,62.79,0,0
S108061,U13339,2026-01-12,Organic Search,Pricing,Mobile,India,Returning,3.26,3.8,54.72,0,0
S101646,U16332,2026-01-12,Referral,Blog,Tablet,India,New,4.22,3.2,64.73,0,0
S107245,U14441,2026-01-12,Direct,Services,Desktop,India,Returning,5.68,3.4,55.02,0,0
S107250,U16039,2026-01-12,Organic Search,Checkout,Mobile,India,New,11.08,7.4,38.41,0,0
S104051,U14898,2026-01-12,Paid Search,FAQ,Desktop,Australia,New,1.94,2.3,68.39,0,0
S107292,U16009,2026-01-12,Organic Search,Blog,Mobile,India,New,3.31,2.2,65.9,0,0
S109126,U11668,2026-01-12,Organic Search,Services,Mobile,India,New,11.07,7.1,46.3,0,0
S107860,U10557,2026-01-13,Organic Search,Products,Desktop,USA,New,6.25,4.2,65.53,0,0
S106779,U11099,2026-01-13,Social Media,Contact Us,Desktop,USA,New,4.98,3.6,63.93,0,0
S108420,U10019,2026-01-13,Organic Search,About Us,Mobile,India,New,8.81,8.2,42.21,0,0
S107924,U11358,2026-01-13,Paid Search,Blog,Desktop,India,New,3.51,3.6,67.32,0,0
S108949,U14367,2026-01-13,Paid Search,Pricing,Mobile,India,New,2.19,1.0,61.44,0,0
S104646,U16029,2026-01-13,Organic Search,Product Details,Mobile,Australia,New,7.38,5.3,50.99,1,100
S106629,U12157,2026-01-13,Organic Search,Home,Desktop,UK,New,1.83,2.4,67.25,0,0
S102756,U15694,2026-01-13,Direct,Product Details,Mobile,India,New,4.81,3.0,60.48,0,0
S104544,U14201,2026-01-13,Paid Search,About Us,Mobile,India,New,10.22,8.3,38.64,1,100
S107615,U11859,2026-01-13,Organic Search,Blog,Mobile,India,New,4.98,6.1,54.03,0,0
S102259,U11940,2026-01-13,Social Media,Home,Desktop,India,New,1.36,3.3,65.02,0,0
S104514,U13907,2026-01-13,Social Media,Blog,Desktop,India,New,6.35,5.0,54.97,0,0
S104500,U11677,2026-01-13,Organic Search,Checkout,Mobile,India,New,1.8,1.7,75.61,0,0
S100876,U14364,2026-01-13,Organic Search,Home,Desktop,India,New,2.72,3.1,80.67,0,0
S108808,U12374,2026-01-13,Direct,Product Details,Desktop,USA,New,4.11,4.6,49.13,0,0
S106380,U14816,2026-01-13,Paid Search,Home,Tablet,India,New,11.62,8.7,35.87,1,100
S102875,U12568,2026-01-13,Referral,Pricing,Desktop,USA,Returning,2.32,3.2,73.82,0,0
S106182,U11152,2026-01-13,Organic Search,Contact Us,Desktop,UK,Returning,11.03,6.8,50.43,1,100
S103145,U16125,2026-01-13,Organic Search,Home,Mobile,India,New,9.84,8.3,26.87,1,100
S104245,U15185,2026-01-13,Referral,Product Details,Tablet,Australia,Returning,1.49,1.3,56.48,0,0
S102143,U11978,2026-01-13,Referral,Pricing,Mobile,India,Returning,4.84,2.6,63.36,0,0
S102152,U16296,2026-01-13,Organic Search,Product Details,Mobile,India,Returning,4.63,3.6,57.3,0,0
S104164,U16092,2026-01-13,Paid Search,FAQ,Desktop,India,New,1.94,1.2,75.79,0,0
S106387,U13735,2026-01-13,Referral,Home,Desktop,India,New,1.94,3.4,72.15,0,0
S105516,U16333,2026-01-13,Paid Search,Services,Mobile,India,New,10.23,7.6,45.79,1,100
S101944,U13454,2026-01-13,Social Media,Product Details,Desktop,USA,New,4.06,3.7,55.81,0,0
S107132,U15730,2026-01-13,Referral,About Us,Desktop,India,New,9.48,6.4,59.46,0,0
S108080,U15558,2026-01-13,Organic Search,Blog,Desktop,India,Returning,7.41,3.0,59.77,0,0
S105692,U10226,2026-01-13,Direct,Products,Mobile,India,New,1.25,4.0,58.23,1,100
S103674,U15671,2026-01-13,Referral,Blog,Mobile,India,New,3.94,4.3,52.69,0,0
S105252,U12608,2026-01-13,Social Media,About Us,Mobile,India,Returning,3.19,3.4,58.89,0,0
S105709,U12441,2026-01-13,Social Media,About Us,Mobile,India,New,2.54,3.0,66.9,0,0
S105774,U14483,2026-01-13,Referral,Services,Mobile,India,New,3.89,1.9,59.03,0,0
S103770,U14319,2026-01-13,Organic Search,Home,Desktop,India,New,2.82,1.0,73.42,0,0
S105105,U16241,2026-01-13,Referral,Contact Us,Mobile,UK,Returning,1.51,2.5,59.56,0,0
S108165,U10194,2026-01-13,Direct,Blog,Tablet,UK,New,6.75,6.9,38.86,0,0
S103507,U11751,2026-01-13,Referral,Home,Desktop,India,New,2.95,2.7,58.9,0,0
S101385,U15798,2026-01-13,Paid Search,Product Details,Desktop,India,Returning,12.96,8.3,45.55,0,0
S108038,U10883,2026-01-13,Direct,Home,Tablet,India,New,11.1,7.1,57.21,0,0
S102451,U12138,2026-01-13,Paid Search,Pricing,Mobile,UK,New,4.9,4.5,53.64,1,100
S103812,U12607,2026-01-13,Social Media,Product Details,Desktop,India,Returning,15.42,10.4,37.24,0,0
S103494,U10840,2026-01-13,Organic Search,Home,Mobile,India,Returning,2.67,4.3,48.24,0,0
S101311,U14213,2026-01-13,Direct,Contact Us,Mobile,India,Returning,4.52,4.1,63.29,0,0
S108991,U15369,2026-01-13,Organic Search,Services,Mobile,Australia,New,10.94,6.5,43.05,0,0
S109007,U10848,2026-01-13,Direct,FAQ,Desktop,India,New,1.58,1.9,61.1,0,0
S103373,U11911,2026-01-13,Referral,Product Details,Desktop,UK,New,6.12,4.2,59.06,0,0
S103908,U15005,2026-01-13,Organic Search,Home,Mobile,India,New,5.5,3.6,55.73,0,0
S105433,U15670,2026-01-13,Organic Search,Product Details,Desktop,UK,New,5.08,4.9,64.83,0,0
S101188,U12193,2026-01-13,Referral,Contact Us,Desktop,Australia,Returning,8.45,7.4,43.23,1,100
S101090,U15512,2026-01-13,Paid Search,Contact Us,Desktop,USA,New,4.55,3.6,68.92,0,0
S104803,U11925,2026-01-13,Paid Search,Blog,Desktop,USA,New,3.94,3.0,45.35,0,0
S104892,U11307,2026-01-13,Organic Search,Home,Desktop,Australia,New,3.17,4.2,59.44,0,0
S103427,U14137,2026-01-13,Direct,Contact Us,Mobile,Canada,New,6.55,4.7,53.69,0,0
S101269,U10828,2026-01-13,Direct,FAQ,Desktop,Australia,New,5.02,5.1,58.36,0,0
S106038,U11987,2026-01-13,Direct,Home,Desktop,India,Returning,2.66,2.2,65.56,0,0
S106913,U10905,2026-01-13,Organic Search,Services,Desktop,Australia,New,6.08,2.5,58.42,0,0
S107434,U15320,2026-01-13,Paid Search,Contact Us,Desktop,India,Returning,7.58,7.3,39.29,0,0
S107972,U10078,2026-01-13,Organic Search,Blog,Mobile,UK,Returning,4.51,4.6,50.21,0,0
S105602,U13295,2026-01-13,Referral,Services,Desktop,India,New,4.51,2.9,61.27,0,0
S109999,U10284,2026-01-13,Organic Search,Blog,Desktop,USA,Returning,8.73,6.1,36.66,0,0
S109898,U11739,2026-01-13,Social Media,Blog,Desktop,USA,New,3.65,2.6,80.07,0,0
S109613,U14165,2026-01-13,Organic Search,Home,Mobile,India,New,5.4,3.6,65.08,0,0
S109842,U10372,2026-01-13,Organic Search,Pricing,Mobile,India,New,9.76,4.8,54.46,0,0
S109768,U16230,2026-01-13,Paid Search,Home,Tablet,India,New,0.4,2.1,55.98,0,0
S105342,U11494,2026-01-14,Referral,Blog,Desktop,Australia,New,3.72,3.0,56.87,0,0
S104900,U15179,2026-01-14,Organic Search,Services,Mobile,India,Returning,12.81,7.9,35.16,0,0
S105816,U10315,2026-01-14,Organic Search,Checkout,Tablet,India,New,6.18,4.9,40.59,0,0
S106518,U16018,2026-01-14,Organic Search,Product Details,Desktop,India,New,6.88,5.5,62.67,0,0
S105837,U11118,2026-01-14,Direct,Blog,Desktop,USA,New,4.94,3.3,62.93,0,0
S109581,U15140,2026-01-14,Organic Search,Products,Desktop,India,New,10.67,7.9,47.22,0,0
S105332,U13472,2026-01-14,Direct,FAQ,Desktop,Canada,New,7.76,5.9,43.99,0,0
S107975,U12722,2026-01-14,Paid Search,Blog,Tablet,UK,Returning,2.65,1.0,80.47,0,0
S102060,U12170,2026-01-14,Paid Search,Pricing,Mobile,India,New,9.02,8.1,25.78,1,100
S102618,U11767,2026-01-14,Organic Search,Blog,Desktop,India,Returning,1.91,1.7,62.2,0,0
S107534,U16435,2026-01-14,Paid Search,FAQ,Desktop,Australia,Returning,2.69,3.9,64.93,0,0
S106548,U14684,2026-01-14,Social Media,Product Details,Mobile,UK,New,5.93,6.4,41.27,1,100
S103049,U10227,2026-01-14,Direct,Contact Us,Desktop,India,New,7.21,4.3,59.23,0,0
S103246,U14725,2026-01-14,Social Media,Products,Desktop,Canada,New,3.2,3.4,61.44,0,0
S100438,U12456,2026-01-14,Organic Search,Home,Desktop,India,Returning,1.32,3.3,66.51,0,0
S109583,U10660,2026-01-14,Organic Search,Products,Mobile,India,New,2.48,2.3,68.0,0,0
S106552,U11888,2026-01-14,Direct,About Us,Mobile,USA,New,6.16,5.4,69.64,0,0
S108415,U16350,2026-01-14,Paid Search,Product Details,Mobile,Canada,New,4.82,2.9,56.95,0,0
S109897,U10975,2026-01-14,Referral,Products,Mobile,USA,Returning,2.26,2.9,74.68,0,0
S109003,U10839,2026-01-14,Paid Search,Home,Mobile,India,New,6.38,7.2,31.3,0,0
S106202,U10758,2026-01-14,Referral,Home,Desktop,USA,New,3.71,5.5,67.0,0,0
S108212,U13020,2026-01-14,Referral,Product Details,Mobile,USA,New,7.41,5.9,49.37,1,100
S103564,U11586,2026-01-14,Organic Search,FAQ,Desktop,UK,Returning,2.46,1.7,68.5,0,0
S103604,U12396,2026-01-14,Referral,Home,Desktop,Australia,New,7.52,4.3,63.35,1,100
S108529,U15442,2026-01-14,Organic Search,Services,Tablet,India,New,6.93,3.6,55.3,0,0
S100589,U12445,2026-01-14,Social Media,Product Details,Tablet,Canada,Returning,1.39,1.1,83.04,0,0
S108101,U10378,2026-01-14,Direct,Pricing,Mobile,India,New,3.88,1.9,55.61,0,0
S101872,U12515,2026-01-14,Referral,Blog,Tablet,Canada,New,5.84,5.5,56.83,0,0
S101410,U12491,2026-01-14,Direct,Pricing,Desktop,India,Returning,2.6,3.1,35.14,0,0
S101703,U16468,2026-01-14,Paid Search,Blog,Mobile,UK,New,13.85,8.9,44.72,0,0
S106353,U10076,2026-01-14,Social Media,Product Details,Desktop,India,New,8.6,5.8,47.18,0,0
S100903,U14262,2026-01-14,Social Media,Home,Mobile,India,New,8.2,6.5,60.8,1,100
S107405,U16041,2026-01-14,Social Media,Home,Desktop,India,New,1.36,1.0,67.38,0,0
S103690,U13005,2026-01-14,Referral,Blog,Mobile,India,Returning,1.79,1.2,72.85,0,0
S100914,U13473,2026-01-14,Paid Search,Product Details,Mobile,India,New,10.17,5.9,35.08,0,0
S106322,U15643,2026-01-14,Direct,Products,Mobile,India,Returning,2.81,1.6,60.15,0,0
S109761,U12556,2026-01-14,Direct,Products,Desktop,India,New,8.06,4.5,53.05,0,0
S104946,U15529,2026-01-14,Organic Search,Blog,Desktop,India,New,7.75,5.7,45.94,0,0
S103762,U12283,2026-01-14,Paid Search,FAQ,Tablet,India,Returning,5.81,5.2,64.22,0,0
S108574,U14894,2026-01-14,Direct,Product Details,Tablet,UK,Returning,1.22,1.0,75.79,1,100
S109284,U13763,2026-01-14,Organic Search,Checkout,Desktop,India,New,4.03,3.7,57.59,0,0
S105882,U14235,2026-01-14,Organic Search,Products,Desktop,India,New,2.12,4.7,68.9,1,100
S109082,U12584,2026-01-14,Paid Search,Product Details,Desktop,UK,New,6.09,6.2,55.79,0,0
S104285,U12832,2026-01-14,Paid Search,Home,Desktop,Australia,New,6.83,7.0,47.94,0,0
S107765,U15729,2026-01-14,Paid Search,FAQ,Mobile,India,Returning,5.54,3.1,53.55,0,0
S101160,U10873,2026-01-14,Paid Search,Product Details,Desktop,India,Returning,7.74,6.6,55.57,0,0
S105443,U14461,2026-01-14,Direct,Home,Desktop,India,New,5.44,4.7,54.78,0,0
S108749,U14267,2026-01-14,Paid Search,Products,Desktop,India,New,4.77,1.0,65.36,0,0
S107573,U13332,2026-01-14,Paid Search,Services,Tablet,UK,Returning,6.97,5.1,46.43,0,0
S101053,U12325,2026-01-14,Direct,FAQ,Mobile,India,Returning,5.27,4.7,59.35,0,0
S101152,U12561,2026-01-14,Organic Search,Home,Desktop,India,New,9.21,7.3,50.06,0,0
S103119,U11284,2026-01-14,Social Media,Blog,Desktop,Canada,New,1.84,2.3,56.88,0,0
S102112,U10750,2026-01-14,Paid Search,Contact Us,Mobile,India,Returning,4.56,3.0,70.55,0,0
S104257,U12101,2026-01-14,Paid Search,Contact Us,Desktop,India,New,9.33,5.7,27.42,1,100
S106859,U15931,2026-01-14,Social Media,Product Details,Tablet,India,New,3.37,5.1,63.07,0,0
S107877,U14627,2026-01-14,Referral,Home,Mobile,India,Returning,3.62,2.9,60.07,0,0
S101136,U12039,2026-01-14,Organic Search,Home,Tablet,Canada,New,2.16,1.7,72.7,0,0
S100154,U15978,2026-01-14,Organic Search,Checkout,Desktop,India,Returning,4.27,2.4,71.42,0,0
S100720,U10714,2026-01-14,Organic Search,Home,Tablet,India,Returning,2.88,2.3,64.04,0,0
S104551,U11961,2026-01-14,Paid Search,Product Details,Mobile,India,New,9.49,5.6,36.37,0,0
S107708,U13463,2026-01-14,Direct,Blog,Mobile,India,New,5.05,4.3,56.54,0,0
S107703,U15824,2026-01-14,Organic Search,About Us,Tablet,India,Returning,2.94,1.9,71.47,0,0
S108705,U15649,2026-01-15,Organic Search,Services,Tablet,India,Returning,2.72,1.0,75.66,0,0
S100535,U15105,2026-01-15,Direct,Pricing,Desktop,Canada,New,6.7,4.3,55.83,0,0
S106884,U15924,2026-01-15,Referral,Products,Mobile,India,Returning,5.53,6.1,45.7,0,0
S105762,U12786,2026-01-15,Direct,FAQ,Mobile,Australia,New,6.45,4.0,57.76,0,0
S109387,U13484,2026-01-15,Direct,Home,Mobile,India,New,4.6,5.0,53.48,0,0
S106860,U15403,2026-01-15,Referral,Home,Desktop,India,Returning,0.74,1.0,62.15,0,0
S107538,U13200,2026-01-15,Organic Search,Blog,Desktop,Australia,Returning,6.39,5.6,52.78,0,0
S102785,U10672,2026-01-15,Paid Search,Home,Desktop,India,Returning,1.45,3.3,60.26,0,0
S109515,U13840,2026-01-15,Organic Search,Products,Tablet,India,New,4.29,3.9,55.98,1,100
S104274,U14980,2026-01-15,Paid Search,Blog,Mobile,USA,New,5.15,4.1,37.37,1,100
S106849,U14553,2026-01-15,Referral,Pricing,Desktop,India,New,9.99,8.9,34.79,1,100
S102274,U11009,2026-01-15,Social Media,Services,Desktop,USA,Returning,13.94,9.5,32.05,1,100
S106741,U13347,2026-01-15,Social Media,Home,Desktop,India,Returning,3.23,3.5,53.88,0,0
S109968,U11264,2026-01-15,Organic Search,Services,Desktop,Canada,New,8.87,6.7,45.69,0,0
S101350,U13433,2026-01-15,Referral,FAQ,Tablet,India,New,2.51,4.7,65.79,0,0
S100366,U10563,2026-01-15,Organic Search,Home,Mobile,India,Returning,5.15,3.8,52.04,0,0
S109914,U14842,2026-01-15,Social Media,Pricing,Mobile,India,Returning,3.45,4.3,57.51,0,0
S108164,U10139,2026-01-15,Direct,Products,Mobile,Australia,New,3.63,4.6,49.9,0,0
S106436,U13407,2026-01-15,Direct,Contact Us,Desktop,India,New,4.03,4.5,52.36,0,0
S106746,U14838,2026-01-15,Organic Search,Blog,Desktop,India,Returning,2.94,2.6,51.78,0,0
S101071,U10920,2026-01-15,Referral,Checkout,Tablet,Australia,Returning,4.98,5.3,59.14,1,100
S107810,U11466,2026-01-15,Referral,Product Details,Mobile,India,New,6.94,3.6,64.84,0,0
S107435,U11336,2026-01-15,Social Media,Product Details,Mobile,Australia,Returning,6.11,2.7,54.0,0,0
S101010,U15751,2026-01-15,Referral,Services,Mobile,India,Returning,0.81,1.0,82.64,0,0
S109882,U14750,2026-01-15,Paid Search,Product Details,Mobile,India,New,1.55,2.2,83.61,0,0
S105895,U14438,2026-01-15,Direct,About Us,Desktop,India,New,9.14,7.7,49.88,0,0
S109829,U10935,2026-01-15,Organic Search,Home,Mobile,India,New,4.95,4.9,62.64,0,0
S101017,U15351,2026-01-15,Organic Search,Pricing,Mobile,USA,Returning,2.89,2.9,65.33,0,0
S104713,U16457,2026-01-15,Paid Search,Checkout,Mobile,USA,New,5.13,5.7,45.41,0,0
S109451,U11210,2026-01-15,Referral,FAQ,Desktop,India,Returning,8.32,6.8,44.25,0,0
S107560,U12660,2026-01-15,Paid Search,Products,Desktop,India,New,7.98,6.1,42.51,0,0
S105876,U15388,2026-01-15,Direct,Services,Desktop,India,New,1.97,1.9,52.64,0,0
S103512,U12947,2026-01-15,Referral,Checkout,Tablet,UK,New,2.49,1.7,61.1,0,0
S109363,U16171,2026-01-15,Organic Search,Checkout,Desktop,Australia,Returning,3.14,5.5,64.44,0,0
S106227,U10423,2026-01-15,Paid Search,Home,Mobile,India,New,3.06,4.3,63.51,0,0
S107958,U12794,2026-01-15,Paid Search,Contact Us,Mobile,USA,New,4.53,4.2,33.41,0,0
S106995,U13139,2026-01-15,Paid Search,Home,Mobile,Australia,Returning,4.44,4.8,59.98,0,0
S102523,U10770,2026-01-15,Direct,Pricing,Desktop,India,New,0.3,1.6,82.99,1,100
S102141,U15845,2026-01-15,Paid Search,Products,Mobile,Australia,New,2.73,3.0,47.78,0,0
S107499,U10984,2026-01-15,Organic Search,Pricing,Desktop,India,Returning,1.52,1.4,70.18,0,0
S102576,U11233,2026-01-15,Organic Search,Product Details,Mobile,India,New,2.8,3.0,61.78,0,0
S107437,U13107,2026-01-15,Organic Search,Product Details,Desktop,India,Returning,3.22,2.7,71.58,0,0
S101194,U14917,2026-01-15,Paid Search,Services,Mobile,India,Returning,4.09,3.5,68.69,0,0
S107596,U15138,2026-01-15,Social Media,Services,Mobile,India,New,6.46,2.7,51.03,0,0
S101295,U11646,2026-01-15,Paid Search,Product Details,Desktop,India,New,0.52,2.2,77.51,0,0
S109693,U15520,2026-01-15,Referral,Products,Desktop,India,New,1.65,2.7,64.11,0,0
S106847,U11284,2026-01-15,Paid Search,Blog,Tablet,India,New,16.52,11.1,27.2,1,100
S101279,U13057,2026-01-15,Organic Search,FAQ,Mobile,Canada,New,3.44,2.1,61.21,0,0
S108598,U16253,2026-01-15,Social Media,About Us,Mobile,USA,New,1.44,2.1,67.29,0,0
S103829,U15512,2026-01-15,Organic Search,Blog,Mobile,India,Returning,8.7,6.2,56.23,0,0
S103844,U16219,2026-01-15,Social Media,About Us,Desktop,India,Returning,8.21,6.6,48.57,0,0
S101048,U13813,2026-01-15,Direct,FAQ,Mobile,Australia,New,1.99,2.3,79.08,0,0
S108609,U10679,2026-01-15,Paid Search,Products,Desktop,Australia,New,2.7,2.5,67.46,0,0
S102031,U13763,2026-01-15,Organic Search,Home,Desktop,India,New,3.13,1.3,72.17,0,0
S100542,U12960,2026-01-15,Paid Search,Services,Desktop,India,Returning,4.76,3.1,64.18,0,0
S106984,U15459,2026-01-15,Social Media,Services,Mobile,UK,New,1.25,1.9,67.48,0,0
S102353,U14590,2026-01-15,Organic Search,Pricing,Tablet,India,Returning,7.13,6.9,59.8,1,100
S105298,U11280,2026-01-15,Referral,Home,Desktop,India,New,7.0,5.2,37.32,0,0
S103194,U13472,2026-01-15,Direct,Products,Desktop,India,New,3.13,2.8,57.92,0,0
S100695,U11218,2026-01-15,Direct,FAQ,Desktop,UK,New,11.42,7.5,26.99,0,0
S106532,U10554,2026-01-15,Organic Search,Home,Tablet,India,New,16.75,11.0,11.77,0,0
S103404,U12991,2026-01-15,Referral,Services,Mobile,India,New,7.67,6.4,58.21,0,0
S100819,U10798,2026-01-15,Social Media,Pricing,Desktop,India,Returning,3.3,3.6,68.68,0,0
S105581,U10942,2026-01-15,Paid Search,FAQ,Tablet,India,Returning,9.01,7.0,31.74,0,0
S105217,U16123,2026-01-15,Organic Search,Contact Us,Mobile,USA,New,6.99,4.1,66.57,0,0
S105550,U15163,2026-01-15,Organic Search,Home,Mobile,India,New,4.23,2.1,71.36,0,0
S100744,U13441,2026-01-15,Referral,Contact Us,Desktop,USA,New,3.71,3.9,34.7,0,0
S103339,U12286,2026-01-15,Referral,Products,Desktop,USA,New,1.46,2.7,61.33,0,0
S103245,U16305,2026-01-15,Paid Search,Home,Desktop,India,New,3.69,3.7,64.01,0,0
S101533,U13364,2026-01-15,Organic Search,Blog,Mobile,India,New,6.4,5.2,45.04,0,0
S103143,U11886,2026-01-15,Paid Search,Products,Desktop,India,Returning,2.89,3.0,67.45,0,0
S105456,U14595,2026-01-15,Organic Search,Home,Mobile,India,New,4.92,5.1,67.72,0,0
S108221,U10254,2026-01-15,Organic Search,Product Details,Mobile,India,New,2.38,1.7,76.83,0,0
S109146,U13397,2026-01-15,Referral,Home,Desktop,UK,Returning,6.18,5.5,49.04,0,0
S103248,U16471,2026-01-15,Paid Search,Contact Us,Mobile,Canada,New,2.77,1.0,74.35,0,0
S101516,U10455,2026-01-15,Paid Search,Products,Desktop,USA,New,16.13,12.6,13.15,1,100
S103292,U12325,2026-01-15,Direct,Home,Mobile,UK,Returning,3.65,2.7,77.52,0,0
S109573,U10871,2026-01-15,Organic Search,Services,Mobile,India,New,1.43,3.2,66.95,0,0
S105499,U13263,2026-01-15,Direct,Product Details,Desktop,USA,New,7.03,5.6,61.0,0,0
S109663,U12105,2026-01-15,Organic Search,Checkout,Tablet,India,New,4.83,4.3,48.22,0,0
S109208,U12080,2026-01-15,Direct,Blog,Desktop,Australia,New,2.35,1.5,81.16,0,0
S106639,U15475,2026-01-15,Paid Search,Product Details,Mobile,India,New,8.13,6.2,44.88,0,0
S100765,U15779,2026-01-15,Direct,Products,Desktop,India,New,12.24,8.5,26.42,0,0
S103110,U12811,2026-01-15,Referral,Home,Mobile,India,Returning,9.97,7.7,49.78,0,0
S102558,U12565,2026-01-16,Paid Search,Checkout,Mobile,Canada,Returning,6.67,4.4,48.09,0,0
S103130,U16281,2026-01-16,Referral,Contact Us,Mobile,India,New,1.69,1.2,68.44,0,0
S109159,U12740,2026-01-16,Social Media,Pricing,Desktop,UK,New,1.95,2.4,84.09,0,0
S105087,U13391,2026-01-16,Organic Search,Product Details,Mobile,India,New,3.67,2.2,60.12,0,0
S107047,U14230,2026-01-16,Paid Search,Blog,Desktop,India,New,0.97,2.1,62.96,0,0
S109881,U15276,2026-01-16,Social Media,Blog,Tablet,India,New,5.91,4.6,59.81,0,0
S105225,U11848,2026-01-16,Direct,About Us,Tablet,India,Returning,1.3,2.8,69.37,0,0
S106970,U16341,2026-01-16,Organic Search,Blog,Tablet,USA,New,16.69,10.2,32.23,0,0
S101973,U15777,2026-01-16,Referral,Checkout,Desktop,India,New,4.75,4.7,60.02,0,0
S102693,U12965,2026-01-16,Paid Search,Pricing,Desktop,India,Returning,0.55,1.0,73.33,0,0
S107239,U12477,2026-01-16,Referral,Services,Desktop,India,Returning,4.92,4.5,72.77,0,0
S103979,U13823,2026-01-16,Referral,About Us,Desktop,India,New,3.12,3.7,51.53,0,0
S100200,U15576,2026-01-16,Organic Search,Blog,Desktop,UK,New,6.61,5.4,46.32,0,0
S101922,U13554,2026-01-16,Organic Search,Product Details,Tablet,India,Returning,7.78,4.3,52.66,0,0
S100317,U14724,2026-01-16,Referral,Blog,Desktop,UK,Returning,5.06,3.0,46.14,0,0
S107193,U14341,2026-01-16,Social Media,About Us,Tablet,Canada,New,6.81,5.7,42.53,0,0
S103778,U12659,2026-01-16,Organic Search,Product Details,Mobile,India,Returning,10.61,6.8,31.48,0,0
S107244,U13554,2026-01-16,Paid Search,Checkout,Mobile,UK,New,1.9,1.3,73.75,0,0
S102971,U10283,2026-01-16,Referral,Products,Mobile,India,New,8.4,5.8,33.87,0,0
S101000,U15123,2026-01-16,Organic Search,Product Details,Mobile,India,New,4.07,3.3,44.31,0,0
S109956,U11031,2026-01-16,Social Media,Blog,Tablet,UK,New,4.92,3.5,66.59,0,0
S103720,U10936,2026-01-16,Organic Search,Blog,Desktop,India,Returning,4.98,4.2,59.62,0,0
S104721,U14678,2026-01-16,Referral,Products,Desktop,India,New,4.18,2.3,66.18,0,0
S105432,U13840,2026-01-16,Organic Search,Services,Mobile,India,New,6.87,3.2,51.57,0,0
S107608,U13254,2026-01-16,Organic Search,Product Details,Tablet,India,New,9.21,5.1,46.26,0,0
S104992,U14434,2026-01-16,Organic Search,Product Details,Mobile,Canada,New,3.31,4.2,56.91,1,100
S104603,U13608,2026-01-16,Direct,Contact Us,Mobile,India,Returning,7.37,6.2,33.64,0,0
S105832,U10871,2026-01-16,Direct,Product Details,Desktop,India,New,6.55,4.1,58.11,0,0
S108810,U15211,2026-01-16,Paid Search,Blog,Desktop,India,New,5.45,3.9,70.86,0,0
S105094,U15934,2026-01-16,Organic Search,About Us,Desktop,USA,New,2.55,2.3,67.58,0,0
S101249,U15780,2026-01-16,Paid Search,Contact Us,Desktop,USA,New,9.8,5.0,37.15,0,0
S106238,U13165,2026-01-16,Referral,About Us,Mobile,Canada,Returning,3.5,2.5,67.14,0,0
S106438,U11033,2026-01-16,Paid Search,Product Details,Mobile,USA,New,4.46,4.2,69.86,0,0
S101810,U10318,2026-01-16,Referral,Pricing,Desktop,USA,New,3.36,3.3,78.41,0,0
S100373,U16428,2026-01-16,Direct,Contact Us,Desktop,India,Returning,5.37,4.6,60.29,0,0
S109541,U14327,2026-01-16,Referral,Products,Tablet,UK,Returning,3.9,2.9,64.28,1,100
S106640,U10785,2026-01-16,Organic Search,Blog,Mobile,India,New,2.62,1.9,70.58,0,0
S107731,U14847,2026-01-16,Social Media,About Us,Desktop,USA,Returning,5.64,5.5,56.96,0,0
S101793,U13973,2026-01-16,Organic Search,Checkout,Tablet,India,Returning,2.47,2.4,56.61,0,0
S106146,U10710,2026-01-16,Direct,Home,Desktop,Canada,New,2.73,1.0,72.99,0,0
S107651,U15078,2026-01-16,Social Media,Pricing,Desktop,UK,Returning,4.66,4.0,69.35,0,0
S109916,U12164,2026-01-16,Social Media,Pricing,Mobile,India,New,3.38,3.3,60.24,1,100
S102619,U14896,2026-01-16,Paid Search,Home,Desktop,India,Returning,3.78,2.8,63.95,0,0
S105188,U10239,2026-01-16,Social Media,Products,Desktop,India,New,2.5,1.7,71.69,0,0
S108206,U12946,2026-01-16,Social Media,Home,Tablet,Canada,New,2.92,2.7,63.48,0,0
S108892,U15323,2026-01-16,Direct,Pricing,Tablet,India,New,7.77,5.3,44.55,0,0
S103879,U13141,2026-01-16,Direct,Contact Us,Mobile,USA,New,2.0,3.2,71.63,1,100
S104558,U10661,2026-01-16,Paid Search,Home,Desktop,UK,New,21.21,12.1,17.43,1,100
S104365,U13765,2026-01-16,Paid Search,About Us,Mobile,Canada,Returning,1.37,1.0,72.06,0,0
S107493,U12295,2026-01-16,Organic Search,Product Details,Mobile,Australia,New,7.73,4.1,61.88,0,0
S104292,U13867,2026-01-16,Direct,Products,Mobile,India,New,3.47,3.9,74.65,0,0
S104503,U12788,2026-01-16,Paid Search,Contact Us,Desktop,India,New,7.3,7.0,37.78,0,0
S100444,U14116,2026-01-16,Paid Search,Services,Desktop,Canada,Returning,12.97,7.0,34.99,0,0
S105711,U13803,2026-01-16,Paid Search,Services,Tablet,India,New,1.96,2.1,77.85,0,0
S106526,U14904,2026-01-16,Paid Search,Checkout,Desktop,India,New,1.15,1.0,70.11,0,0
S103583,U15128,2026-01-16,Direct,Blog,Desktop,India,New,4.31,2.6,69.17,0,0
S108421,U10365,2026-01-16,Organic Search,Blog,Mobile,UK,New,3.05,2.4,71.39,0,0
S108528,U12557,2026-01-16,Direct,Pricing,Mobile,India,New,3.41,3.0,67.08,0,0
S101044,U11976,2026-01-16,Paid Search,Pricing,Mobile,India,Returning,14.55,9.0,16.2,0,0
S100659,U13578,2026-01-16,Organic Search,Products,Desktop,USA,New,2.96,1.5,72.23,0,0
S104582,U11392,2026-01-16,Referral,Products,Tablet,India,New,5.4,3.5,57.31,0,0
S104128,U15195,2026-01-17,Organic Search,Services,Mobile,Canada,New,6.52,5.0,33.05,0,0
S108599,U11546,2026-01-17,Paid Search,FAQ,Mobile,UK,New,7.74,5.6,48.93,0,0
S101559,U10482,2026-01-17,Direct,Products,Desktop,Australia,New,4.59,3.5,58.53,0,0
S101503,U15498,2026-01-17,Referral,Blog,Desktop,India,New,2.48,1.6,65.39,0,0
S106280,U15513,2026-01-17,Social Media,Products,Desktop,India,New,14.05,8.2,28.3,0,0
S108029,U13310,2026-01-17,Organic Search,Product Details,Tablet,India,Returning,1.67,1.0,76.88,0,0
S102473,U11709,2026-01-17,Referral,Products,Desktop,Australia,Returning,12.59,8.6,33.95,1,100
S108317,U15516,2026-01-17,Organic Search,Home,Desktop,Canada,New,3.76,3.2,59.06,0,0
S101960,U13234,2026-01-17,Social Media,Home,Mobile,USA,New,1.31,1.2,64.76,0,0
S106229,U14267,2026-01-17,Referral,Home,Desktop,USA,New,9.45,8.5,29.6,0,0
S103897,U15100,2026-01-17,Direct,Blog,Mobile,India,New,6.07,5.2,46.08,0,0
S109282,U14676,2026-01-17,Social Media,Services,Tablet,India,Returning,10.14,6.8,45.22,0,0
S105591,U15301,2026-01-17,Paid Search,Blog,Mobile,UK,New,8.42,5.1,46.57,1,100
S103885,U14917,2026-01-17,Referral,Contact Us,Mobile,India,New,3.32,3.4,72.88,0,0
S104341,U10516,2026-01-17,Direct,Blog,Desktop,India,Returning,5.1,4.0,59.74,0,0
S103870,U10797,2026-01-17,Organic Search,Home,Desktop,India,New,2.27,1.0,68.2,0,0
S105331,U12449,2026-01-17,Referral,Blog,Mobile,India,New,1.6,1.1,66.88,0,0
S104831,U11550,2026-01-17,Organic Search,Services,Desktop,USA,New,6.78,5.1,53.8,0,0
S102312,U16455,2026-01-17,Organic Search,Pricing,Desktop,Canada,New,7.31,5.9,61.7,1,100
S104078,U15133,2026-01-17,Direct,Product Details,Mobile,India,Returning,2.38,2.1,68.3,0,0
S100032,U10475,2026-01-17,Referral,Blog,Desktop,India,Returning,10.13,6.1,39.41,0,0
S102828,U14096,2026-01-17,Direct,Contact Us,Desktop,India,Returning,8.09,6.4,32.28,0,0
S108523,U15491,2026-01-17,Direct,Blog,Mobile,India,New,3.09,3.5,70.98,0,0
S101837,U12470,2026-01-17,Paid Search,Home,Desktop,UK,New,6.54,3.9,67.04,0,0
S103584,U10343,2026-01-17,Social Media,Contact Us,Mobile,India,Returning,5.01,5.4,42.07,0,0
S105216,U13701,2026-01-17,Paid Search,Checkout,Desktop,India,New,6.42,3.2,48.13,0,0
S106566,U14665,2026-01-17,Organic Search,Home,Mobile,India,New,2.88,3.7,64.54,1,100
S106411,U11188,2026-01-17,Social Media,Contact Us,Mobile,India,Returning,2.77,2.1,64.66,0,0
S109949,U12101,2026-01-17,Paid Search,Contact Us,Desktop,India,New,2.19,2.3,80.2,0,0
S102860,U10366,2026-01-17,Paid Search,Products,Mobile,India,New,7.7,4.8,73.59,0,0
S106385,U14172,2026-01-17,Paid Search,FAQ,Desktop,Australia,New,3.99,4.8,44.1,0,0
S109309,U12009,2026-01-17,Organic Search,Home,Mobile,India,Returning,1.89,2.1,70.68,0,0
S103172,U12857,2026-01-17,Paid Search,Pricing,Mobile,Canada,New,10.57,7.1,38.56,1,100
S107066,U16376,2026-01-17,Organic Search,Services,Mobile,UK,New,2.96,5.4,58.15,1,100
S108503,U14373,2026-01-17,Paid Search,Pricing,Tablet,India,Returning,2.73,1.5,63.03,0,0
S107297,U16223,2026-01-17,Organic Search,Checkout,Mobile,India,Returning,0.39,1.7,73.33,0,0
S105210,U11777,2026-01-17,Organic Search,About Us,Desktop,India,New,4.01,3.9,62.99,0,0
S106567,U15198,2026-01-17,Referral,About Us,Desktop,Australia,New,7.56,5.6,50.42,0,0
S100068,U14015,2026-01-17,Organic Search,About Us,Mobile,UK,Returning,8.93,5.0,49.84,0,0
S101380,U14290,2026-01-17,Paid Search,Contact Us,Desktop,India,New,3.22,5.8,38.64,0,0
S109262,U15701,2026-01-17,Paid Search,Product Details,Mobile,India,New,6.3,4.6,56.08,0,0
S102147,U14612,2026-01-17,Organic Search,Pricing,Desktop,Australia,New,16.13,9.6,20.93,0,0
S107059,U15561,2026-01-17,Paid Search,FAQ,Desktop,India,Returning,1.09,1.9,66.41,0,0
S108396,U10588,2026-01-17,Organic Search,Services,Mobile,India,New,3.39,3.1,77.01,0,0
S109822,U13555,2026-01-17,Direct,Home,Desktop,India,New,2.56,1.0,74.89,0,0
S104143,U16057,2026-01-17,Organic Search,Pricing,Desktop,India,New,3.9,2.0,63.0,0,0
S102579,U11495,2026-01-17,Social Media,Blog,Desktop,Canada,New,3.45,3.5,49.23,0,0
S102735,U11180,2026-01-17,Paid Search,About Us,Desktop,USA,Returning,3.77,1.0,65.1,0,0
S107416,U16222,2026-01-17,Direct,Product Details,Desktop,India,Returning,10.64,7.1,33.3,0,0
S105475,U10515,2026-01-17,Organic Search,Product Details,Desktop,India,New,1.33,1.0,83.35,0,0
S101203,U11203,2026-01-17,Paid Search,Services,Desktop,India,New,9.53,6.6,40.71,0,0
S102742,U15892,2026-01-17,Organic Search,Blog,Mobile,India,New,3.17,4.2,55.42,0,0
S109429,U11302,2026-01-17,Organic Search,Pricing,Desktop,India,New,3.56,1.8,65.6,0,0
S101326,U14972,2026-01-17,Paid Search,Services,Tablet,Canada,Returning,2.48,3.1,53.84,1,100
S106335,U13067,2026-01-17,Organic Search,Services,Mobile,UK,Returning,25.04,15.0,18.2,0,0
S107218,U11099,2026-01-17,Referral,Product Details,Desktop,India,New,2.16,1.7,67.59,0,0
S102950,U13469,2026-01-17,Social Media,Blog,Mobile,India,New,1.21,3.1,72.8,0,0
S104299,U15541,2026-01-17,Direct,Pricing,Desktop,India,New,4.81,3.5,56.4,0,0
S104991,U11552,2026-01-17,Organic Search,Pricing,Mobile,USA,New,7.13,4.9,41.97,0,0
S101682,U14414,2026-01-17,Paid Search,Product Details,Desktop,India,New,7.98,6.6,62.54,0,0
S108294,U10570,2026-01-17,Paid Search,Products,Desktop,India,Returning,2.59,2.9,53.77,0,0
S101891,U16336,2026-01-17,Paid Search,Checkout,Mobile,India,New,7.43,4.7,57.48,0,0
S100286,U15535,2026-01-17,Direct,Product Details,Desktop,UK,Returning,5.27,4.5,65.82,0,0
S105043,U10063,2026-01-17,Organic Search,Product Details,Mobile,India,New,5.58,4.5,47.42,0,0
S100408,U13328,2026-01-18,Organic Search,Blog,Mobile,India,New,3.07,3.0,79.36,0,0
S104749,U14174,2026-01-18,Referral,Product Details,Mobile,Canada,Returning,8.86,7.5,39.3,0,0
S106575,U12670,2026-01-18,Organic Search,Home,Desktop,India,Returning,16.5,10.7,24.93,0,0
S102136,U15327,2026-01-18,Organic Search,Blog,Mobile,UK,Returning,2.06,1.7,72.42,0,0
S103948,U10558,2026-01-18,Social Media,Blog,Tablet,India,New,1.96,1.4,72.71,0,0
S104734,U14288,2026-01-18,Paid Search,Checkout,Mobile,India,New,4.86,5.4,52.93,1,100
S107839,U13721,2026-01-18,Referral,Contact Us,Mobile,India,New,2.65,2.4,59.09,0,0
S109374,U13719,2026-01-18,Organic Search,Blog,Desktop,Canada,Returning,3.75,4.8,54.02,0,0
S107943,U13358,2026-01-18,Organic Search,Product Details,Desktop,USA,New,6.75,3.7,65.14,0,0
S103055,U12453,2026-01-18,Organic Search,About Us,Desktop,USA,Returning,6.79,5.6,56.99,0,0
S105461,U15424,2026-01-18,Paid Search,Pricing,Tablet,Canada,Returning,11.32,7.1,46.81,0,0
S109357,U13968,2026-01-18,Direct,Pricing,Desktop,India,New,1.4,2.4,70.79,0,0
S104928,U10083,2026-01-18,Paid Search,Products,Mobile,India,New,2.17,3.0,59.7,0,0
S102634,U12818,2026-01-18,Organic Search,Contact Us,Desktop,Australia,Returning,3.37,2.3,74.58,0,0
S101904,U14812,2026-01-18,Paid Search,Blog,Tablet,Australia,Returning,10.68,5.5,40.58,1,100
S101687,U13512,2026-01-18,Paid Search,Blog,Desktop,USA,Returning,2.9,2.7,60.76,0,0
S106502,U15301,2026-01-18,Paid Search,Contact Us,Desktop,Australia,Returning,5.67,3.3,74.59,0,0
S103666,U14913,2026-01-18,Direct,Product Details,Mobile,Canada,Returning,12.57,7.2,25.49,0,0
S103644,U15094,2026-01-18,Paid Search,Contact Us,Desktop,India,Returning,1.68,1.6,59.73,0,0
S102804,U10594,2026-01-18,Direct,Blog,Mobile,UK,New,0.95,1.0,70.74,0,0
S105092,U15869,2026-01-18,Referral,Blog,Mobile,India,Returning,5.7,4.0,38.54,0,0
S102821,U16273,2026-01-18,Referral,Home,Desktop,India,New,4.29,4.1,49.15,0,0
S108321,U14944,2026-01-18,Paid Search,Home,Mobile,India,New,4.8,3.3,55.25,0,0
S106220,U14067,2026-01-18,Referral,Product Details,Desktop,India,New,6.55,4.9,55.13,1,100
S106040,U12186,2026-01-18,Organic Search,Services,Desktop,India,New,7.02,5.2,42.9,0,0
S101397,U14065,2026-01-18,Organic Search,Blog,Mobile,India,Returning,7.87,4.6,59.34,1,100
S105505,U15682,2026-01-18,Organic Search,Products,Mobile,Australia,Returning,6.33,4.0,61.04,0,0
S105548,U14001,2026-01-18,Paid Search,Home,Desktop,India,New,8.44,5.7,38.3,0,0
S107325,U16452,2026-01-18,Referral,Blog,Tablet,UK,New,3.41,2.1,63.78,0,0
S106698,U13145,2026-01-18,Social Media,Services,Desktop,India,New,7.6,5.2,57.93,0,0
S105154,U11737,2026-01-18,Paid Search,Blog,Desktop,India,New,4.48,3.2,66.25,0,0
S105183,U14237,2026-01-18,Paid Search,About Us,Mobile,UK,New,16.8,9.6,29.88,1,100
S107652,U13769,2026-01-18,Social Media,Services,Mobile,India,Returning,0.81,2.1,75.71,0,0
S108193,U10005,2026-01-18,Social Media,Products,Mobile,India,New,2.85,3.0,65.64,0,0
S107779,U11760,2026-01-18,Social Media,Blog,Mobile,India,New,4.66,3.5,58.14,0,0
S107790,U13169,2026-01-18,Referral,Contact Us,Tablet,India,New,12.89,8.7,44.18,0,0
S106587,U14132,2026-01-18,Referral,Product Details,Desktop,India,New,0.92,1.6,78.49,0,0
S102754,U13303,2026-01-18,Paid Search,Product Details,Desktop,India,New,10.15,6.6,47.14,1,100
S107299,U10623,2026-01-18,Paid Search,Products,Mobile,India,New,6.59,4.3,56.78,0,0
S109165,U11045,2026-01-18,Direct,Products,Mobile,India,New,1.24,2.5,80.96,0,0
S108600,U11071,2026-01-18,Social Media,Products,Desktop,India,New,2.94,3.8,72.59,0,0
S103013,U11429,2026-01-18,Direct,Home,Desktop,India,New,3.42,1.6,65.16,0,0
S108853,U15947,2026-01-18,Social Media,Home,Tablet,India,New,2.72,3.1,67.78,0,0
S103129,U10075,2026-01-18,Organic Search,Home,Desktop,India,New,2.89,4.6,65.39,0,0
S102209,U10028,2026-01-18,Paid Search,Product Details,Mobile,India,New,0.85,1.0,66.9,0,0
S108249,U16155,2026-01-18,Referral,Services,Mobile,India,Returning,3.06,4.3,45.55,0,0
S102712,U14139,2026-01-18,Organic Search,Contact Us,Desktop,India,New,16.39,11.1,25.83,0,0
S108075,U10874,2026-01-18,Referral,Products,Mobile,India,New,4.01,2.7,65.49,0,0
S107032,U13000,2026-01-18,Organic Search,FAQ,Mobile,India,Returning,8.35,5.5,73.0,0,0
S106827,U14746,2026-01-18,Direct,Blog,Mobile,India,Returning,6.51,5.3,34.39,0,0
S107236,U12049,2026-01-18,Direct,Pricing,Desktop,USA,New,3.05,3.3,66.39,0,0
S108057,U10774,2026-01-18,Paid Search,Blog,Desktop,India,New,4.14,2.7,72.71,0,0
S102227,U11994,2026-01-18,Referral,Home,Mobile,USA,New,5.29,4.3,66.91,0,0
S104966,U10369,2026-01-18,Direct,Products,Mobile,Canada,Returning,2.85,2.1,62.29,0,0
S100912,U10138,2026-01-18,Organic Search,Home,Mobile,India,Returning,1.74,1.1,53.56,0,0
S108670,U10318,2026-01-19,Social Media,Home,Mobile,India,Returning,3.07,2.6,76.62,0,0
S107741,U14487,2026-01-19,Referral,Blog,Mobile,Canada,New,4.56,3.9,59.7,1,100
S107792,U15311,2026-01-19,Organic Search,Home,Mobile,UK,New,6.19,4.8,57.62,0,0
S109204,U13461,2026-01-19,Referral,Blog,Tablet,India,New,3.76,4.2,68.3,0,0
S109436,U10601,2026-01-19,Direct,About Us,Mobile,UK,New,4.23,2.4,73.12,0,0
S106594,U14536,2026-01-19,Referral,Products,Desktop,USA,Returning,3.83,2.0,62.49,0,0
S106609,U15875,2026-01-19,Organic Search,Blog,Desktop,India,New,3.13,2.1,62.33,0,0
S102388,U10962,2026-01-19,Organic Search,Products,Mobile,India,New,1.22,1.8,69.06,0,0
S106022,U12938,2026-01-19,Paid Search,Blog,Desktop,Australia,New,1.22,1.7,66.4,0,0
S104198,U15424,2026-01-19,Organic Search,Home,Desktop,India,New,0.3,1.0,68.24,0,0
S109891,U10229,2026-01-19,Organic Search,Services,Desktop,India,Returning,4.79,4.1,55.97,0,0
S104684,U12833,2026-01-19,Organic Search,FAQ,Mobile,India,New,1.69,2.1,56.87,0,0
S109617,U16344,2026-01-19,Social Media,Home,Mobile,Australia,New,3.55,3.0,56.59,0,0
S100925,U16270,2026-01-19,Organic Search,FAQ,Desktop,Australia,Returning,2.36,4.4,65.38,0,0
S108993,U13849,2026-01-19,Direct,Pricing,Mobile,India,New,3.64,4.1,66.79,1,100
S101315,U10537,2026-01-19,Referral,Services,Desktop,India,New,2.46,3.2,51.38,0,0
S104965,U12087,2026-01-19,Social Media,Checkout,Mobile,USA,New,0.77,2.1,77.07,0,0
S109924,U10618,2026-01-19,Organic Search,FAQ,Mobile,India,New,3.43,3.5,72.85,0,0
S105614,U16035,2026-01-19,Paid Search,Services,Desktop,India,Returning,6.91,4.9,56.69,0,0
S105307,U15256,2026-01-19,Organic Search,Pricing,Tablet,India,Returning,3.75,3.6,52.45,0,0
S103683,U14097,2026-01-19,Referral,Product Details,Desktop,Australia,Returning,3.66,3.4,62.63,0,0
S101885,U10278,2026-01-19,Organic Search,Checkout,Desktop,India,New,0.67,2.6,84.34,0,0
S103664,U15464,2026-01-19,Social Media,Pricing,Desktop,India,Returning,4.48,2.7,67.82,0,0
S108449,U11169,2026-01-19,Organic Search,FAQ,Tablet,Australia,Returning,2.46,1.0,62.25,0,0
S101870,U11008,2026-01-19,Paid Search,Services,Desktop,USA,New,1.4,1.7,59.15,0,0
S100869,U16298,2026-01-19,Social Media,Checkout,Desktop,India,New,10.31,5.9,37.05,0,0
S103573,U12045,2026-01-19,Paid Search,Contact Us,Mobile,Australia,New,7.26,5.9,51.87,1,100
S106408,U16425,2026-01-19,Paid Search,Services,Mobile,India,New,6.95,5.4,51.61,0,0
S100855,U15998,2026-01-19,Direct,About Us,Mobile,India,New,2.06,2.0,92.11,0,0
S101834,U14452,2026-01-19,Paid Search,FAQ,Mobile,India,New,4.16,3.9,61.12,0,0
S102868,U13563,2026-01-19,Social Media,Products,Desktop,India,New,0.94,2.1,61.66,0,0
S103420,U11242,2026-01-19,Organic Search,Product Details,Mobile,Canada,New,4.88,4.8,52.76,0,0
S109854,U15539,2026-01-19,Referral,Product Details,Mobile,India,New,6.54,4.2,53.98,0,0
S100451,U11167,2026-01-19,Organic Search,Home,Mobile,India,New,3.71,2.7,64.79,0,0
S102905,U15979,2026-01-19,Direct,Product Details,Mobile,India,Returning,4.53,3.0,58.11,1,100
S100381,U15312,2026-01-19,Direct,Home,Mobile,USA,Returning,7.69,5.8,61.93,0,0
S103398,U13558,2026-01-19,Social Media,Home,Mobile,USA,New,7.32,5.9,40.47,0,0
S104126,U14946,2026-01-19,Paid Search,Home,Mobile,India,New,4.92,3.7,70.88,0,0
S103354,U12268,2026-01-19,Organic Search,FAQ,Mobile,India,New,4.87,4.1,57.59,0,0
S100395,U10302,2026-01-19,Direct,Products,Mobile,India,New,7.05,4.4,50.66,0,0
S109589,U11050,2026-01-19,Paid Search,Blog,Desktop,India,New,2.31,2.8,68.3,0,0
S108652,U16145,2026-01-19,Organic Search,Home,Mobile,Canada,New,14.25,8.7,33.05,1,100
S107878,U12906,2026-01-19,Organic Search,FAQ,Desktop,Canada,New,8.14,4.8,60.6,0,0
S100309,U12256,2026-01-19,Organic Search,FAQ,Desktop,India,New,5.87,4.0,51.98,0,0
S107898,U14663,2026-01-19,Direct,Contact Us,Desktop,Australia,Returning,1.27,1.0,65.58,0,0
S106562,U16134,2026-01-19,Paid Search,Blog,Mobile,India,New,3.26,3.2,51.73,0,0
S102085,U15438,2026-01-19,Social Media,Services,Mobile,India,New,19.31,12.2,23.63,0,0
S106976,U13323,2026-01-19,Referral,Pricing,Desktop,India,New,3.53,2.3,65.87,0,0
S101611,U10489,2026-01-19,Organic Search,Home,Desktop,Canada,New,2.15,2.3,60.66,0,0
S106208,U16345,2026-01-19,Referral,FAQ,Mobile,UK,New,4.5,2.5,48.26,0,0
S100202,U14745,2026-01-19,Organic Search,Services,Desktop,India,New,8.24,3.3,51.39,0,0
S103033,U15753,2026-01-19,Direct,Blog,Desktop,Australia,New,3.47,2.3,76.11,0,0
S103932,U11141,2026-01-19,Paid Search,Products,Mobile,UK,Returning,3.08,4.6,71.57,0,0
S107118,U14535,2026-01-19,Organic Search,Home,Mobile,India,New,4.19,2.5,69.07,0,0
S104807,U13169,2026-01-19,Social Media,Home,Desktop,India,New,5.96,4.0,56.26,0,0
S100970,U12287,2026-01-19,Paid Search,Products,Desktop,India,New,4.19,4.6,55.13,1,100
S106875,U14400,2026-01-19,Direct,Services,Desktop,Canada,New,4.51,1.6,73.11,0,0
S104814,U15438,2026-01-19,Direct,Checkout,Mobile,India,New,13.0,8.8,25.35,0,0
S106517,U14752,2026-01-19,Direct,Blog,Desktop,India,Returning,11.39,5.7,40.93,0,0
S109158,U12340,2026-01-19,Organic Search,Services,Desktop,India,New,3.41,4.5,47.68,0,0
S101636,U10935,2026-01-19,Direct,Home,Desktop,India,Returning,18.49,10.4,33.22,0,0
S102696,U15700,2026-01-19,Social Media,Home,Desktop,India,New,4.4,4.6,69.78,0,0
S108044,U10866,2026-01-19,Referral,Services,Mobile,USA,New,4.08,4.0,52.85,1,100
S102625,U12786,2026-01-19,Paid Search,Products,Desktop,India,Returning,4.25,4.2,57.37,0,0
S106010,U13553,2026-01-19,Direct,About Us,Desktop,India,New,1.34,1.2,73.47,0,0
S107147,U12888,2026-01-20,Paid Search,Contact Us,Desktop,India,Returning,1.66,2.3,53.62,0,0
S100148,U10503,2026-01-20,Organic Search,Products,Tablet,India,New,6.63,5.8,45.73,0,0
S100085,U14298,2026-01-20,Organic Search,Product Details,Tablet,UK,New,5.11,2.9,56.06,1,100
S105662,U13967,2026-01-20,Organic Search,Pricing,Mobile,USA,Returning,5.96,4.1,67.35,0,0
S104494,U15723,2026-01-20,Referral,Products,Desktop,India,Returning,11.03,8.3,49.3,0,0
S101792,U15371,2026-01-20,Paid Search,Services,Desktop,UK,New,6.07,4.7,62.82,0,0
S101835,U14287,2026-01-20,Organic Search,Checkout,Mobile,UK,New,3.54,2.1,72.95,0,0
S107051,U15650,2026-01-20,Paid Search,FAQ,Desktop,India,New,7.74,5.8,59.63,0,0
S109038,U12585,2026-01-20,Paid Search,Home,Tablet,India,Returning,5.81,4.7,62.64,0,0
S104890,U15254,2026-01-20,Referral,Services,Mobile,India,New,2.25,4.4,71.75,1,100
S108953,U15541,2026-01-20,Organic Search,Home,Mobile,Canada,New,7.01,4.9,59.65,0,0
S107504,U11280,2026-01-20,Organic Search,Home,Desktop,UK,New,12.2,8.8,38.02,0,0
S109276,U15001,2026-01-20,Social Media,FAQ,Desktop,Australia,New,8.81,6.8,39.79,0,0
S105414,U13192,2026-01-20,Organic Search,Contact Us,Mobile,India,New,2.11,1.7,68.17,0,0
S106971,U15674,2026-01-20,Social Media,Contact Us,Mobile,USA,New,3.13,3.8,42.77,0,0
S105434,U12736,2026-01-20,Paid Search,Contact Us,Mobile,Australia,New,1.7,3.7,57.19,0,0
S101217,U10951,2026-01-20,Referral,Pricing,Desktop,USA,New,6.3,6.5,53.49,0,0
S108880,U14278,2026-01-20,Organic Search,Blog,Desktop,India,New,7.57,4.8,70.98,1,100
S104607,U13907,2026-01-20,Organic Search,Products,Desktop,UK,New,6.38,5.4,41.85,0,0
S108867,U10565,2026-01-20,Referral,Product Details,Desktop,India,Returning,5.69,3.7,56.24,1,100
S105925,U13191,2026-01-20,Direct,Checkout,Tablet,Australia,New,4.98,5.7,56.04,0,0
S109629,U10728,2026-01-20,Paid Search,Products,Desktop,India,New,5.1,4.6,57.12,0,0
S105462,U12851,2026-01-20,Direct,Blog,Desktop,Australia,New,6.09,4.6,51.73,0,0
S100254,U10198,2026-01-20,Social Media,FAQ,Mobile,India,New,8.09,4.1,50.14,0,0
S104521,U13675,2026-01-20,Paid Search,Product Details,Tablet,India,New,11.28,5.6,24.86,0,0
S108826,U13862,2026-01-20,Organic Search,Blog,Mobile,Australia,New,2.34,2.0,61.71,0,0
S108817,U11876,2026-01-20,Direct,Products,Desktop,India,New,1.41,1.0,59.0,0,0
S100199,U10710,2026-01-20,Referral,Blog,Desktop,India,Returning,8.79,5.3,64.61,0,0
S105539,U11750,2026-01-20,Organic Search,About Us,Mobile,India,New,8.93,6.4,28.64,0,0
S101077,U10004,2026-01-20,Organic Search,Blog,Desktop,India,New,5.41,2.4,52.14,0,0
S104144,U12438,2026-01-20,Direct,Home,Desktop,UK,Returning,3.11,3.9,60.09,0,0
S103497,U15662,2026-01-20,Organic Search,Blog,Mobile,India,Returning,2.24,3.0,62.4,0,0
S107736,U10902,2026-01-20,Paid Search,Pricing,Desktop,India,Returning,1.54,1.8,76.69,1,100
S103849,U11258,2026-01-20,Organic Search,Products,Desktop,India,Returning,4.33,2.2,69.71,0,0
S104238,U15148,2026-01-20,Paid Search,Blog,Mobile,India,New,8.13,6.8,49.3,0,0
S106701,U10243,2026-01-20,Organic Search,Checkout,Mobile,India,New,3.19,3.1,49.23,1,100
S106439,U11312,2026-01-20,Paid Search,Products,Mobile,UK,New,6.59,4.8,54.07,0,0
S100672,U12157,2026-01-20,Referral,Product Details,Desktop,India,Returning,4.83,3.5,59.68,0,0
S109732,U12991,2026-01-20,Organic Search,Product Details,Desktop,Canada,New,12.68,7.8,24.64,1,100
S102878,U11574,2026-01-20,Organic Search,Checkout,Mobile,India,New,2.32,2.5,67.92,0,0
S106360,U16216,2026-01-20,Direct,Products,Desktop,USA,Returning,4.93,2.4,88.11,0,0
S108152,U14531,2026-01-20,Referral,FAQ,Mobile,USA,New,5.21,4.6,72.04,0,0
S103620,U12262,2026-01-20,Direct,Pricing,Desktop,Canada,New,4.75,4.7,28.37,0,0
S103603,U11479,2026-01-20,Direct,About Us,Mobile,India,New,6.48,6.2,60.49,0,0
S107862,U11553,2026-01-20,Organic Search,Product Details,Tablet,India,Returning,7.06,4.7,60.64,0,0
S103588,U16318,2026-01-20,Referral,Products,Mobile,India,New,1.77,2.3,82.76,0,0
S102478,U11244,2026-01-20,Referral,Blog,Desktop,India,New,3.67,2.5,69.96,0,0
S100913,U16328,2026-01-20,Paid Search,Products,Desktop,India,New,3.24,3.2,61.27,0,0
S106504,U15738,2026-01-20,Organic Search,Blog,Mobile,USA,New,4.96,2.7,60.87,0,0
S103935,U11846,2026-01-20,Direct,Pricing,Mobile,Australia,New,1.8,3.5,65.97,0,0
S100791,U15468,2026-01-20,Paid Search,Home,Desktop,India,New,4.99,3.1,53.11,0,0
S100936,U16032,2026-01-20,Paid Search,Services,Mobile,India,Returning,3.77,2.3,71.88,0,0
S101030,U12159,2026-01-20,Direct,Checkout,Mobile,India,New,4.32,3.7,64.49,0,0
S100833,U15337,2026-01-20,Paid Search,Services,Desktop,India,New,0.61,2.0,67.66,0,0
S109569,U14072,2026-01-20,Organic Search,Blog,Tablet,India,New,2.29,2.5,60.18,0,0
S104112,U10160,2026-01-20,Referral,Home,Tablet,India,New,2.95,3.1,58.55,0,0
S106499,U10321,2026-01-20,Referral,Blog,Mobile,UK,New,7.37,7.0,41.72,0,0
S103898,U11557,2026-01-20,Referral,Services,Mobile,USA,New,3.21,2.9,68.79,0,0
S103426,U12594,2026-01-20,Referral,Blog,Desktop,India,New,8.74,5.5,48.16,0,0
S109614,U13544,2026-01-21,Direct,About Us,Mobile,India,New,5.92,5.7,54.37,0,0
S108546,U11553,2026-01-21,Paid Search,Services,Mobile,India,New,3.23,4.4,59.34,1,100
S109683,U10995,2026-01-21,Organic Search,Blog,Tablet,Canada,New,10.55,8.1,37.52,0,0
S101437,U14243,2026-01-21,Paid Search,Product Details,Mobile,UK,New,3.32,1.8,70.97,0,0
S109279,U14158,2026-01-21,Paid Search,Blog,Desktop,India,Returning,2.7,1.6,68.53,0,0
S104565,U10700,2026-01-21,Direct,Home,Desktop,India,New,1.65,1.8,75.45,0,0
S103244,U10425,2026-01-21,Organic Search,Pricing,Mobile,India,New,6.64,4.7,61.31,0,0
S104013,U12000,2026-01-21,Organic Search,Services,Desktop,India,Returning,5.01,4.1,53.55,0,0
S101661,U15546,2026-01-21,Organic Search,Checkout,Desktop,UK,New,6.14,4.1,53.45,0,0
S101662,U11132,2026-01-21,Organic Search,Pricing,Desktop,India,New,3.63,1.0,56.23,0,0
S107452,U15243,2026-01-21,Paid Search,Products,Tablet,India,New,4.32,2.2,54.3,0,0
S104099,U12829,2026-01-21,Organic Search,Home,Desktop,India,New,2.52,1.0,84.53,0,0
S102183,U10940,2026-01-21,Paid Search,Blog,Mobile,India,New,2.73,1.4,70.24,0,0
S105894,U14486,2026-01-21,Organic Search,Checkout,Desktop,USA,New,9.17,6.7,42.61,1,100
S104018,U10696,2026-01-21,Organic Search,Products,Mobile,Canada,Returning,9.55,7.9,44.86,0,0
S102492,U13226,2026-01-21,Direct,About Us,Mobile,India,New,6.74,3.0,46.0,0,0
S102553,U13047,2026-01-21,Paid Search,Pricing,Mobile,India,New,3.29,3.3,66.28,0,0
S107808,U12235,2026-01-21,Organic Search,Pricing,Desktop,UK,Returning,1.88,3.1,82.74,0,0
S102511,U10662,2026-01-21,Direct,Services,Mobile,USA,New,1.82,1.3,70.88,0,0
S103205,U15739,2026-01-21,Organic Search,Products,Desktop,India,New,3.49,1.0,60.25,0,0
S103739,U10910,2026-01-21,Direct,Products,Desktop,India,New,2.3,4.3,71.88,0,0
S106152,U15369,2026-01-21,Social Media,Product Details,Mobile,UK,New,2.83,3.5,64.86,1,100
S109562,U15797,2026-01-21,Paid Search,Home,Mobile,India,Returning,3.7,2.6,43.19,0,0
S104874,U16059,2026-01-21,Organic Search,Home,Mobile,Canada,New,3.21,4.5,63.57,0,0
S109525,U14475,2026-01-21,Referral,Services,Desktop,India,New,10.32,5.7,55.34,0,0
S106724,U10924,2026-01-21,Organic Search,Pricing,Desktop,India,New,0.82,1.0,87.64,0,0
S108796,U14077,2026-01-21,Organic Search,Services,Desktop,Canada,New,6.82,6.6,46.42,1,100
S100333,U14974,2026-01-21,Direct,Home,Mobile,India,Returning,2.11,2.4,70.71,0,0
S108355,U15290,2026-01-21,Referral,Product Details,Mobile,India,Returning,7.73,5.8,41.63,0,0
S104321,U14427,2026-01-21,Direct,About Us,Mobile,India,New,9.58,6.2,44.6,0,0
S105547,U11136,2026-01-21,Paid Search,Home,Desktop,India,New,6.95,5.2,70.41,0,0
S105507,U15878,2026-01-21,Direct,About Us,Mobile,India,Returning,1.33,2.2,70.93,0,0
S106456,U12183,2026-01-21,Organic Search,Blog,Desktop,India,New,3.04,4.0,56.08,0,0
S105366,U12562,2026-01-21,Social Media,Pricing,Mobile,India,Returning,2.3,1.3,79.64,0,0
S109793,U16042,2026-01-21,Organic Search,Checkout,Mobile,India,New,4.77,3.4,48.18,0,0
S109405,U12606,2026-01-21,Direct,Blog,Mobile,India,New,10.42,7.4,35.07,0,0
S101710,U12633,2026-01-21,Referral,Services,Mobile,India,New,1.66,1.4,79.52,0,0
S109403,U13970,2026-01-21,Organic Search,Products,Desktop,UK,Returning,9.61,7.6,41.25,0,0
S102335,U12409,2026-01-21,Social Media,FAQ,Desktop,India,Returning,16.14,12.0,31.0,0,0
S109085,U13619,2026-01-21,Organic Search,Checkout,Tablet,India,New,13.04,8.2,19.42,1,100
S104797,U14596,2026-01-21,Organic Search,Contact Us,Desktop,India,New,4.72,3.2,48.69,0,0
S107720,U10002,2026-01-21,Direct,Product Details,Desktop,Australia,New,8.81,5.8,49.01,0,0
S108401,U13927,2026-01-21,Direct,FAQ,Mobile,India,New,8.84,6.3,56.61,0,0
S100835,U14785,2026-01-21,Social Media,Products,Mobile,Australia,Returning,6.26,4.7,47.46,0,0
S107465,U13504,2026-01-21,Direct,FAQ,Mobile,Australia,New,8.44,7.9,23.19,0,0
S103162,U11626,2026-01-21,Organic Search,Pricing,Desktop,India,New,4.38,5.3,54.02,0,0
S108720,U14355,2026-01-21,Paid Search,Services,Mobile,India,Returning,0.59,2.3,69.87,0,0
S104858,U16065,2026-01-21,Organic Search,Blog,Mobile,Australia,Returning,6.77,4.0,59.87,0,0
S107791,U12122,2026-01-21,Referral,Blog,Mobile,Australia,Returning,3.32,3.8,62.73,0,0
S100742,U11215,2026-01-21,Referral,About Us,Mobile,Australia,New,12.08,8.8,32.27,0,0
S108320,U13986,2026-01-21,Paid Search,Pricing,Desktop,Australia,Returning,2.87,2.6,56.87,0,0
S103190,U13292,2026-01-21,Direct,Services,Desktop,Australia,Returning,7.45,4.5,60.41,0,0
S109449,U10226,2026-01-21,Referral,Products,Mobile,Australia,New,1.64,1.3,60.19,0,0
S106856,U16066,2026-01-21,Social Media,Home,Tablet,India,New,2.69,4.2,62.49,0,0
S106928,U10172,2026-01-21,Organic Search,Home,Desktop,Canada,New,5.99,3.7,63.31,0,0
S101272,U14452,2026-01-21,Social Media,Products,Desktop,India,New,0.85,3.0,72.03,0,0
S101819,U13931,2026-01-21,Direct,Home,Mobile,UK,New,5.32,3.7,52.4,0,0
S106925,U15812,2026-01-21,Referral,Home,Desktop,India,Returning,3.66,2.7,66.29,0,0
S109053,U11602,2026-01-21,Paid Search,Home,Mobile,USA,Returning,2.02,1.5,66.96,0,0
S106103,U15455,2026-01-21,Direct,Checkout,Tablet,USA,New,16.61,10.4,30.42,1,100
S108709,U11994,2026-01-21,Organic Search,Product Details,Desktop,India,New,5.4,5.2,68.98,0,0
S104243,U14918,2026-01-21,Organic Search,Services,Tablet,India,Returning,7.18,5.3,58.44,0,0
S104256,U15164,2026-01-21,Paid Search,Home,Tablet,India,Returning,16.86,8.6,24.61,0,0
S103536,U13448,2026-01-21,Referral,Contact Us,Desktop,India,Returning,3.88,1.3,65.39,0,0
S107463,U12257,2026-01-22,Referral,Blog,Tablet,India,New,3.99,2.5,59.87,0,0
S106257,U13178,2026-01-22,Organic Search,Blog,Mobile,India,Returning,3.09,3.0,68.86,0,0
S103804,U14775,2026-01-22,Referral,Home,Desktop,India,New,3.61,4.5,76.87,0,0
S100050,U16165,2026-01-22,Direct,Home,Desktop,USA,Returning,3.09,1.3,59.62,0,0
S105356,U12434,2026-01-22,Organic Search,Pricing,Tablet,India,New,1.76,4.1,71.05,0,0
S108624,U12043,2026-01-22,Organic Search,Product Details,Mobile,India,New,2.87,4.8,66.85,0,0
S108262,U12509,2026-01-22,Organic Search,Home,Tablet,India,New,3.56,3.4,52.31,0,0
S100636,U16361,2026-01-22,Paid Search,Products,Desktop,Australia,Returning,4.88,1.0,75.72,0,0
S105214,U10251,2026-01-22,Organic Search,Home,Mobile,India,Returning,4.31,5.7,47.73,0,0
S101724,U10011,2026-01-22,Social Media,Checkout,Mobile,India,Returning,2.91,1.7,62.77,0,0
S107300,U13842,2026-01-22,Paid Search,Services,Mobile,India,Returning,11.74,6.3,44.84,1,100
S103437,U11675,2026-01-22,Paid Search,Services,Desktop,UK,New,2.85,3.4,63.0,0,0
S100807,U10925,2026-01-22,Direct,Home,Mobile,Canada,New,2.61,3.1,64.85,0,0
S108173,U13114,2026-01-22,Organic Search,Product Details,Mobile,Canada,New,5.46,4.8,39.71,0,0
S107269,U12599,2026-01-22,Organic Search,Services,Mobile,USA,New,6.03,4.3,56.26,0,0
S109140,U14535,2026-01-22,Organic Search,Products,Desktop,India,Returning,5.45,3.2,61.63,0,0
S106711,U12159,2026-01-22,Referral,Product Details,Mobile,India,Returning,7.3,3.0,70.11,0,0
S109143,U11850,2026-01-22,Paid Search,Home,Tablet,India,Returning,8.65,5.7,47.46,1,100
S105706,U14775,2026-01-22,Paid Search,Checkout,Tablet,India,New,7.21,6.9,41.07,0,0
S108462,U15112,2026-01-22,Organic Search,Products,Desktop,India,New,2.03,2.6,57.17,0,0
S105102,U14410,2026-01-22,Paid Search,FAQ,Desktop,India,Returning,1.16,1.6,64.82,0,0
S100867,U16239,2026-01-22,Referral,FAQ,Mobile,India,New,8.28,5.8,39.92,0,0
S109040,U12971,2026-01-22,Organic Search,Services,Mobile,Canada,Returning,2.73,2.2,63.83,0,0
S101887,U11888,2026-01-22,Direct,FAQ,Desktop,India,Returning,7.78,5.0,43.8,0,0
S100581,U13499,2026-01-22,Direct,Contact Us,Desktop,India,Returning,8.83,5.5,59.3,0,0
S108550,U10758,2026-01-22,Paid Search,Home,Desktop,UK,New,2.74,1.7,77.21,0,0
S100119,U15795,2026-01-22,Paid Search,Product Details,Desktop,India,Returning,6.95,6.9,36.65,1,100
S109557,U15058,2026-01-22,Organic Search,Product Details,Desktop,Canada,Returning,0.97,1.0,78.87,0,0
S103356,U15111,2026-01-22,Paid Search,Home,Mobile,India,Returning,5.21,3.7,54.19,0,0
S108566,U14110,2026-01-22,Direct,Checkout,Desktop,Australia,Returning,4.24,4.8,54.49,0,0
S103022,U15513,2026-01-22,Referral,Home,Mobile,India,Returning,4.01,4.0,57.25,0,0
S102623,U12508,2026-01-22,Paid Search,Services,Mobile,Australia,New,4.18,5.8,52.56,0,0
S106495,U12655,2026-01-22,Organic Search,Product Details,Mobile,India,Returning,4.24,1.8,62.45,0,0
S106563,U15019,2026-01-22,Paid Search,Home,Desktop,India,New,0.61,3.6,68.02,0,0
S102157,U13812,2026-01-22,Paid Search,FAQ,Desktop,India,Returning,1.5,2.1,70.02,0,0
S106965,U10265,2026-01-22,Paid Search,FAQ,Mobile,India,Returning,5.64,4.9,62.63,0,0
S106145,U14486,2026-01-22,Direct,Blog,Desktop,Australia,Returning,4.06,5.5,46.98,0,0
S100501,U15950,2026-01-22,Social Media,Blog,Mobile,India,New,13.57,9.9,22.47,0,0
S104583,U13219,2026-01-22,Direct,FAQ,Mobile,India,New,3.99,4.0,73.24,0,0
S108862,U13386,2026-01-22,Referral,Pricing,Mobile,India,New,1.08,1.8,69.83,0,0
S108645,U10404,2026-01-22,Social Media,Pricing,Mobile,UK,Returning,7.86,4.2,52.86,0,0
S102089,U12055,2026-01-22,Organic Search,Product Details,Mobile,India,New,5.41,3.1,55.78,0,0
S106846,U10730,2026-01-22,Paid Search,Product Details,Desktop,USA,Returning,5.15,5.0,70.94,1,100
S107928,U14295,2026-01-22,Paid Search,Home,Mobile,India,Returning,8.2,6.7,48.08,0,0
S100251,U14390,2026-01-22,Social Media,FAQ,Mobile,India,Returning,6.17,3.9,62.44,0,0
S100005,U13093,2026-01-22,Direct,Products,Mobile,India,New,1.41,2.9,75.04,0,0
S108367,U12263,2026-01-22,Paid Search,Home,Mobile,India,Returning,0.33,1.6,64.49,0,0
S109860,U14608,2026-01-22,Social Media,Blog,Desktop,UK,Returning,4.15,3.9,54.66,0,0
S104740,U11568,2026-01-22,Direct,About Us,Mobile,India,New,9.38,5.6,50.31,0,0
S103135,U10500,2026-01-22,Paid Search,Checkout,Desktop,India,Returning,9.11,6.2,54.02,0,0
S103947,U11961,2026-01-22,Organic Search,Services,Desktop,USA,Returning,2.6,2.5,73.25,1,100
S101250,U14107,2026-01-22,Referral,Products,Mobile,India,Returning,4.03,3.9,63.12,0,0
S104340,U11242,2026-01-22,Referral,Services,Desktop,India,New,2.36,2.5,65.75,0,0
S109265,U12282,2026-01-22,Organic Search,Home,Mobile,UK,Returning,4.47,3.0,62.65,0,0
S109602,U16476,2026-01-22,Social Media,Product Details,Desktop,India,Returning,2.98,1.0,71.31,0,0
S105567,U15954,2026-01-22,Direct,Pricing,Desktop,USA,Returning,7.18,6.4,44.25,0,0
S101686,U10272,2026-01-23,Organic Search,Product Details,Desktop,India,New,3.86,5.1,55.99,1,100
S104581,U13976,2026-01-23,Social Media,Products,Desktop,India,Returning,3.94,3.8,58.97,0,0
S109790,U14637,2026-01-23,Organic Search,About Us,Mobile,India,New,6.91,4.1,53.66,0,0
S105209,U10193,2026-01-23,Organic Search,Product Details,Desktop,UK,Returning,2.83,2.3,62.68,0,0
S103510,U14089,2026-01-23,Direct,Services,Mobile,India,Returning,9.99,7.2,34.83,0,0
S103406,U11900,2026-01-23,Paid Search,Product Details,Tablet,Canada,Returning,7.03,4.6,60.74,0,0
S107829,U14462,2026-01-23,Referral,Blog,Desktop,USA,New,1.76,1.0,90.86,0,0
S105615,U14590,2026-01-23,Referral,Blog,Mobile,Australia,New,5.3,3.9,68.68,0,0
S100351,U15255,2026-01-23,Paid Search,Home,Desktop,India,New,3.24,1.4,55.38,0,0
S102493,U14955,2026-01-23,Organic Search,Blog,Desktop,India,New,11.23,7.0,33.66,0,0
S105917,U10273,2026-01-23,Paid Search,Home,Mobile,USA,New,2.79,2.1,57.49,0,0
S106051,U10311,2026-01-23,Organic Search,Product Details,Mobile,India,Returning,6.26,2.3,71.0,0,0
S100247,U13256,2026-01-23,Organic Search,Pricing,Desktop,India,Returning,4.39,3.5,59.27,0,0
S105744,U11631,2026-01-23,Organic Search,FAQ,Desktop,Australia,New,1.74,1.7,86.3,0,0
S102475,U12939,2026-01-23,Social Media,Products,Desktop,India,New,5.5,4.1,43.47,0,0
S105934,U13360,2026-01-23,Paid Search,Products,Tablet,India,New,1.67,1.0,76.06,0,0
S101369,U12718,2026-01-23,Referral,Products,Mobile,USA,New,4.8,4.8,53.79,0,0
S107313,U12315,2026-01-23,Direct,Home,Tablet,USA,Returning,4.79,2.7,66.76,0,0
S101087,U14290,2026-01-23,Organic Search,Pricing,Desktop,India,Returning,1.48,1.2,59.89,0,0
S101086,U15561,2026-01-23,Organic Search,Home,Mobile,India,New,6.49,4.2,64.67,0,0
S105488,U13522,2026-01-23,Referral,Checkout,Desktop,India,New,6.38,4.8,56.41,0,0
S105479,U16282,2026-01-23,Organic Search,Home,Mobile,Australia,Returning,4.06,2.8,56.73,0,0
S100874,U10771,2026-01-23,Organic Search,Contact Us,Mobile,Australia,New,16.64,9.9,10.0,0,0
S101172,U15869,2026-01-23,Paid Search,Product Details,Desktop,India,New,1.27,1.0,74.04,0,0
S106116,U15773,2026-01-23,Referral,Services,Tablet,India,Returning,1.89,2.4,52.11,0,0
S108807,U15677,2026-01-23,Organic Search,Blog,Desktop,India,New,4.33,4.5,46.36,0,0
S101144,U11970,2026-01-23,Paid Search,Services,Mobile,USA,Returning,0.54,2.7,59.62,0,0
S103576,U15444,2026-01-23,Paid Search,Product Details,Desktop,USA,Returning,3.21,4.1,57.91,0,0
S106877,U14058,2026-01-23,Social Media,Product Details,Desktop,USA,New,4.31,3.4,53.04,0,0
S100273,U12912,2026-01-23,Referral,FAQ,Desktop,USA,New,5.27,5.7,42.0,1,100
S104541,U14411,2026-01-23,Organic Search,Home,Mobile,Australia,Returning,17.72,10.7,40.07,0,0
S107858,U13796,2026-01-23,Paid Search,Checkout,Desktop,Canada,Returning,4.27,4.7,57.49,0,0
S104261,U13749,2026-01-23,Organic Search,Home,Desktop,India,New,2.59,2.2,76.78,0,0
S106289,U11815,2026-01-23,Direct,Contact Us,Mobile,Australia,New,9.26,7.4,40.25,0,0
S100494,U15907,2026-01-23,Organic Search,Home,Desktop,Australia,New,4.99,4.8,62.85,0,0
S100152,U10207,2026-01-23,Organic Search,Pricing,Mobile,India,New,4.0,4.7,64.23,0,0
S102547,U16019,2026-01-23,Direct,Product Details,Desktop,USA,New,13.42,10.8,36.43,0,0
S107990,U13123,2026-01-23,Organic Search,About Us,Desktop,India,Returning,1.75,2.1,80.64,0,0
S107905,U11070,2026-01-23,Organic Search,About Us,Mobile,India,New,3.07,3.2,81.29,0,0
S104885,U14692,2026-01-23,Referral,Checkout,Desktop,India,Returning,4.77,4.2,65.61,0,0
S105787,U12335,2026-01-23,Referral,Services,Mobile,USA,New,3.69,3.4,62.52,0,0
S101241,U13757,2026-01-23,Organic Search,Pricing,Mobile,India,Returning,8.84,7.4,45.3,0,0
S109336,U10616,2026-01-23,Paid Search,Services,Desktop,India,New,2.87,2.0,62.55,0,0
S101013,U10714,2026-01-23,Organic Search,Services,Mobile,Canada,New,5.87,4.6,49.5,0,0
S100767,U13513,2026-01-23,Social Media,Contact Us,Mobile,UK,Returning,4.34,3.2,63.65,0,0
S109994,U15736,2026-01-23,Organic Search,Services,Desktop,India,Returning,5.05,3.2,60.24,0,0
S104845,U15789,2026-01-23,Social Media,Services,Mobile,UK,New,7.26,6.2,60.47,0,0
S106651,U15765,2026-01-23,Social Media,Products,Mobile,UK,New,0.5,1.0,64.16,0,0
S108004,U11717,2026-01-23,Referral,Pricing,Mobile,India,Returning,4.69,3.8,55.34,0,0
S101966,U11810,2026-01-23,Paid Search,Product Details,Desktop,India,New,6.45,6.2,48.17,0,0
S107478,U11341,2026-01-23,Paid Search,Home,Mobile,USA,New,1.35,1.0,83.03,0,0
S105648,U13612,2026-01-23,Direct,Products,Mobile,India,New,2.05,2.4,76.15,1,100
S103314,U13971,2026-01-23,Referral,Product Details,Desktop,India,Returning,17.39,11.2,10.0,0,0
S109484,U11430,2026-01-23,Paid Search,Pricing,Mobile,USA,New,2.01,3.2,68.16,0,0
S102077,U10553,2026-01-23,Paid Search,Home,Desktop,India,Returning,1.5,1.9,54.74,0,0
S108636,U15056,2026-01-23,Organic Search,Products,Mobile,India,Returning,4.71,3.1,65.97,0,0
S103784,U13706,2026-01-23,Organic Search,About Us,Desktop,India,New,13.15,8.3,28.35,0,0
S101647,U15218,2026-01-23,Organic Search,Home,Desktop,India,New,2.95,5.2,59.15,0,0
S108793,U13784,2026-01-24,Referral,Services,Mobile,Australia,New,3.74,5.1,50.05,0,0
S102927,U14942,2026-01-24,Referral,Services,Desktop,Australia,New,7.49,6.4,55.9,0,0
S101392,U14874,2026-01-24,Direct,FAQ,Desktop,India,New,0.3,2.0,86.5,0,0
S104764,U12241,2026-01-24,Social Media,FAQ,Mobile,India,New,4.99,1.8,59.09,0,0
S105250,U12483,2026-01-24,Organic Search,Home,Mobile,India,Returning,3.9,2.0,59.97,0,0
S107337,U13278,2026-01-24,Referral,Home,Mobile,Canada,Returning,2.88,4.3,71.6,1,100
S107342,U16233,2026-01-24,Organic Search,Services,Desktop,USA,New,7.18,5.1,60.88,0,0
S105697,U10530,2026-01-24,Organic Search,Home,Desktop,Canada,New,4.4,3.0,56.7,0,0
S103142,U13697,2026-01-24,Social Media,Services,Desktop,India,New,3.43,2.0,62.24,0,0
S104794,U14691,2026-01-24,Referral,Services,Tablet,India,New,6.86,2.7,52.17,0,0
S100594,U12547,2026-01-24,Referral,Services,Mobile,India,New,1.9,3.2,55.45,0,0
S105284,U15952,2026-01-24,Direct,Checkout,Desktop,Canada,New,5.45,5.2,51.35,0,0
S104829,U12439,2026-01-24,Direct,Services,Mobile,India,New,7.88,4.5,53.32,0,0
S102417,U10021,2026-01-24,Referral,Blog,Mobile,Canada,New,1.97,2.7,56.35,0,0
S102391,U11027,2026-01-24,Social Media,Product Details,Mobile,India,Returning,5.88,5.8,68.09,0,0
S107513,U10889,2026-01-24,Organic Search,FAQ,Mobile,India,New,4.62,1.9,77.44,0,0
S107973,U12832,2026-01-24,Referral,Pricing,Mobile,India,New,8.03,7.8,46.29,1,100
S109742,U11760,2026-01-24,Organic Search,Blog,Tablet,UK,New,2.36,3.9,68.86,0,0
S101521,U13029,2026-01-24,Organic Search,Checkout,Mobile,India,Returning,10.86,6.7,57.86,0,0
S101417,U15384,2026-01-24,Organic Search,About Us,Tablet,India,New,10.67,6.7,48.51,0,0
S103032,U11038,2026-01-24,Direct,Products,Desktop,Australia,New,4.57,3.0,62.61,0,0
S104427,U14676,2026-01-24,Organic Search,Product Details,Mobile,USA,New,2.52,2.8,60.33,0,0
S108785,U11918,2026-01-24,Organic Search,Services,Mobile,USA,New,4.78,5.5,63.05,0,0
S101413,U13311,2026-01-24,Paid Search,FAQ,Mobile,India,Returning,1.91,4.6,65.62,0,0
S108298,U12884,2026-01-24,Direct,Contact Us,Mobile,UK,New,6.65,4.4,59.34,0,0
S106274,U16000,2026-01-24,Direct,About Us,Mobile,USA,Returning,5.31,3.4,65.87,1,100
S105308,U10250,2026-01-24,Paid Search,Home,Desktop,UK,Returning,9.29,6.8,44.3,0,0
S104852,U11342,2026-01-24,Direct,Contact Us,Mobile,UK,New,13.16,9.8,35.19,0,0
S105910,U11474,2026-01-24,Paid Search,Contact Us,Tablet,India,New,3.01,3.4,55.3,1,100
S105764,U10406,2026-01-24,Organic Search,About Us,Desktop,Canada,Returning,7.41,6.8,49.37,1,100
S108900,U14434,2026-01-24,Organic Search,Home,Desktop,India,New,12.27,7.2,36.68,0,0
S104140,U15208,2026-01-24,Paid Search,Products,Desktop,India,Returning,13.38,7.0,40.81,0,0
S102113,U13428,2026-01-24,Organic Search,Product Details,Mobile,India,Returning,2.83,3.4,59.62,0,0
S102986,U10703,2026-01-24,Paid Search,Blog,Mobile,USA,New,10.87,6.8,40.53,0,0
S105784,U13417,2026-01-24,Paid Search,Blog,Desktop,Canada,New,3.23,1.0,60.39,0,0
S109764,U15960,2026-01-24,Referral,Pricing,Mobile,India,New,6.93,5.3,53.28,0,0
S100591,U15727,2026-01-24,Organic Search,About Us,Desktop,Canada,Returning,3.16,3.6,64.08,0,0
S108036,U13006,2026-01-24,Referral,Home,Mobile,India,Returning,3.62,1.6,63.12,0,0
S108674,U14599,2026-01-24,Referral,About Us,Mobile,India,Returning,3.86,3.8,62.73,0,0
S105928,U13290,2026-01-24,Paid Search,Products,Mobile,India,New,5.8,3.8,52.58,0,0
S106840,U10930,2026-01-24,Social Media,Blog,Desktop,India,New,1.36,1.2,73.95,0,0
S109493,U12703,2026-01-24,Organic Search,Blog,Mobile,India,New,6.16,5.5,55.19,0,0
S103369,U16027,2026-01-24,Organic Search,Blog,Mobile,USA,New,5.43,3.9,59.92,0,0
S103626,U10730,2026-01-24,Organic Search,Pricing,Desktop,India,New,4.23,4.2,67.11,0,0
S100588,U14381,2026-01-24,Organic Search,Pricing,Desktop,USA,New,1.91,1.5,70.08,0,0
S107030,U11646,2026-01-24,Social Media,Blog,Mobile,India,New,12.87,8.2,38.22,1,100
S109200,U15511,2026-01-24,Referral,Blog,Desktop,India,New,8.43,4.5,53.57,1,100
S105455,U12965,2026-01-24,Direct,Contact Us,Desktop,India,New,9.72,6.4,36.23,1,100
S102198,U14600,2026-01-24,Paid Search,Products,Tablet,USA,Returning,2.15,1.0,66.39,0,0
S103818,U11443,2026-01-24,Referral,Contact Us,Desktop,India,Returning,5.46,5.2,57.88,0,0
S100336,U12870,2026-01-24,Paid Search,Product Details,Tablet,India,New,1.39,1.1,77.7,0,0
S100345,U11301,2026-01-24,Direct,About Us,Mobile,India,Returning,7.18,5.4,56.02,0,0
S104208,U15356,2026-01-24,Paid Search,Services,Desktop,India,Returning,7.61,3.8,64.13,0,0
S102807,U13805,2026-01-24,Organic Search,Home,Mobile,India,New,7.48,6.3,32.63,1,100
S101318,U10386,2026-01-24,Organic Search,Blog,Mobile,India,Returning,6.31,5.0,46.58,0,0
S100704,U11857,2026-01-25,Direct,Home,Tablet,India,Returning,1.17,1.8,74.02,0,0
S106510,U15291,2026-01-25,Paid Search,About Us,Desktop,USA,New,6.84,4.4,50.91,0,0
S109187,U12919,2026-01-25,Social Media,Products,Mobile,USA,Returning,14.09,8.9,33.33,0,0
S100800,U13776,2026-01-25,Referral,Pricing,Mobile,Canada,New,4.44,1.8,53.09,0,0
S105545,U13476,2026-01-25,Organic Search,Products,Desktop,India,New,3.59,5.5,52.57,0,0
S101488,U12052,2026-01-25,Paid Search,Services,Desktop,Canada,New,6.12,4.1,60.93,0,0
S108315,U14403,2026-01-25,Referral,Pricing,Mobile,India,New,2.91,2.2,80.55,0,0
S106631,U10372,2026-01-25,Organic Search,About Us,Desktop,India,New,5.1,5.0,69.48,0,0
S105577,U14736,2026-01-25,Organic Search,Checkout,Tablet,India,Returning,4.56,3.7,59.62,0,0
S103026,U12650,2026-01-25,Direct,FAQ,Mobile,USA,New,2.65,2.1,54.87,0,0
S103094,U12975,2026-01-25,Social Media,Contact Us,Desktop,USA,Returning,0.62,1.1,76.95,0,0
S103208,U10875,2026-01-25,Organic Search,Home,Mobile,India,New,6.32,4.3,57.39,0,0
S101468,U14689,2026-01-25,Social Media,Blog,Desktop,India,Returning,2.14,2.2,62.57,0,0
S101126,U11620,2026-01-25,Organic Search,Pricing,Desktop,India,New,12.85,8.1,32.54,0,0
S106492,U13951,2026-01-25,Organic Search,Product Details,Desktop,USA,Returning,3.61,1.9,81.46,0,0
S107721,U11034,2026-01-25,Paid Search,Services,Desktop,India,New,2.02,1.8,79.04,0,0
S104943,U13491,2026-01-25,Paid Search,Checkout,Desktop,USA,New,3.53,5.2,58.49,0,0
S103777,U15778,2026-01-25,Referral,Product Details,Desktop,India,New,10.24,6.7,48.05,0,0
S100338,U13792,2026-01-25,Social Media,Products,Mobile,Australia,New,5.61,4.2,53.92,0,0
S105814,U10328,2026-01-25,Organic Search,Services,Tablet,India,New,2.72,2.7,59.01,0,0
S103389,U12244,2026-01-25,Direct,Home,Mobile,India,New,2.86,3.5,79.23,0,0
S108951,U11281,2026-01-25,Paid Search,About Us,Mobile,UK,New,1.41,1.5,71.02,0,0
S108003,U10535,2026-01-25,Organic Search,Home,Desktop,India,New,2.31,4.3,62.2,0,0
S105846,U10143,2026-01-25,Referral,Product Details,Desktop,India,New,7.93,5.8,53.07,0,0
S102642,U13268,2026-01-25,Organic Search,Home,Mobile,UK,Returning,10.09,8.2,51.3,1,100
S107516,U11991,2026-01-25,Referral,Product Details,Mobile,India,New,7.2,5.9,60.99,0,0
S109458,U12807,2026-01-25,Paid Search,Blog,Mobile,India,New,6.71,5.2,51.78,0,0
S108641,U11174,2026-01-25,Direct,Product Details,Mobile,India,Returning,9.5,6.6,35.31,0,0
S100045,U11529,2026-01-25,Paid Search,Blog,Desktop,UK,New,2.14,3.3,57.72,0,0
S109880,U12270,2026-01-25,Paid Search,Home,Mobile,India,Returning,0.79,1.7,60.18,0,0
S102122,U13666,2026-01-25,Organic Search,Contact Us,Mobile,India,New,4.01,2.7,58.73,0,0
S101033,U11494,2026-01-25,Referral,Pricing,Desktop,India,Returning,9.37,6.8,44.91,0,0
S102172,U10530,2026-01-25,Social Media,Contact Us,Tablet,India,New,3.44,1.8,64.84,0,0
S107797,U14152,2026-01-25,Referral,Contact Us,Tablet,India,Returning,5.18,3.6,59.41,0,0
S102241,U13193,2026-01-25,Social Media,Services,Desktop,UK,New,6.42,4.0,57.81,0,0
S104516,U12452,2026-01-25,Organic Search,Pricing,Mobile,India,New,9.31,7.4,46.94,0,0
S107639,U12580,2026-01-25,Paid Search,Services,Desktop,India,New,3.13,2.4,64.06,0,0
S105980,U13355,2026-01-25,Referral,Product Details,Desktop,India,New,0.64,1.0,80.74,0,0
S104423,U13564,2026-01-25,Organic Search,Home,Desktop,India,New,3.75,3.9,68.94,0,0
S101138,U13678,2026-01-25,Organic Search,Home,Mobile,India,New,8.19,5.7,53.66,0,0
S106065,U16174,2026-01-25,Social Media,Product Details,Mobile,Australia,Returning,5.15,4.7,46.3,0,0
S107725,U12700,2026-01-25,Social Media,Home,Mobile,India,New,1.86,2.0,59.56,0,0
S101123,U12061,2026-01-25,Direct,Home,Desktop,UK,New,6.2,3.4,69.52,0,0
S102532,U13352,2026-01-25,Direct,Blog,Mobile,UK,New,3.5,3.2,75.24,0,0
S100924,U14301,2026-01-25,Social Media,Checkout,Desktop,India,Returning,9.74,7.3,38.17,0,0
S106304,U13097,2026-01-25,Organic Search,Services,Desktop,UK,New,2.93,4.1,56.9,1,100
S105676,U11944,2026-01-25,Paid Search,Product Details,Tablet,India,New,1.68,1.9,61.56,0,0
S102724,U15373,2026-01-25,Direct,Home,Desktop,UK,New,7.15,4.2,54.53,0,0
S105159,U13631,2026-01-25,Paid Search,Blog,Desktop,Canada,New,0.98,1.9,56.91,0,0
S108531,U16355,2026-01-25,Paid Search,Blog,Mobile,India,Returning,3.27,2.9,65.92,0,0
S105064,U10925,2026-01-25,Paid Search,Home,Mobile,India,New,9.78,7.0,37.9,0,0
S109072,U14201,2026-01-25,Direct,Checkout,Desktop,Canada,New,3.26,3.3,58.67,0,0
S103659,U14414,2026-01-25,Paid Search,Pricing,Mobile,USA,New,11.09,7.2,46.92,1,100
S102786,U10164,2026-01-25,Paid Search,Blog,Mobile,USA,Returning,4.41,4.9,50.52,0,0
S106354,U11357,2026-01-25,Paid Search,About Us,Desktop,India,New,9.23,4.1,56.57,0,0
S108140,U14573,2026-01-25,Direct,About Us,Mobile,India,Returning,3.05,2.9,80.35,0,0
S101832,U11717,2026-01-25,Organic Search,Blog,Mobile,USA,New,4.68,3.1,55.83,0,0
S108066,U11675,2026-01-25,Social Media,FAQ,Mobile,India,New,8.58,6.6,59.99,0,0
S101911,U15127,2026-01-25,Organic Search,Home,Desktop,India,New,3.39,2.5,69.38,0,0
S105191,U15553,2026-01-26,Direct,Home,Mobile,India,Returning,3.68,4.3,59.05,0,0
S100596,U12083,2026-01-26,Organic Search,Home,Desktop,India,New,8.33,5.8,55.75,0,0
S102522,U15017,2026-01-26,Referral,Services,Tablet,Australia,New,4.96,4.7,61.38,0,0
S103409,U15346,2026-01-26,Direct,Home,Mobile,India,Returning,4.58,5.1,46.18,0,0
S100387,U11070,2026-01-26,Paid Search,Blog,Desktop,USA,New,9.0,3.9,54.23,0,0
S108874,U16031,2026-01-26,Paid Search,Products,Tablet,UK,Returning,3.67,2.7,61.76,0,0
S101785,U11561,2026-01-26,Organic Search,About Us,Mobile,India,New,4.05,3.5,67.97,0,0
S103202,U15933,2026-01-26,Paid Search,Home,Mobile,Australia,Returning,5.98,5.0,48.74,0,0
S109670,U15907,2026-01-26,Organic Search,Checkout,Tablet,India,New,4.25,3.7,55.74,0,0
S102360,U11389,2026-01-26,Paid Search,Blog,Mobile,India,Returning,11.17,7.4,49.66,0,0
S108841,U15420,2026-01-26,Referral,Products,Desktop,Australia,New,4.04,2.1,67.7,1,100
S101712,U10964,2026-01-26,Paid Search,Pricing,Mobile,USA,New,3.26,2.3,84.87,0,0
S107696,U10061,2026-01-26,Paid Search,Product Details,Mobile,India,Returning,7.46,5.6,49.02,1,100
S104337,U13277,2026-01-26,Direct,Services,Desktop,India,New,4.79,6.6,49.69,1,100
S102310,U11199,2026-01-26,Organic Search,Products,Desktop,Canada,Returning,0.54,1.0,58.28,0,0
S107278,U14477,2026-01-26,Direct,Blog,Desktop,UK,New,3.73,2.8,56.8,0,0
S107775,U10617,2026-01-26,Referral,Products,Desktop,Australia,New,4.62,1.7,69.38,0,0
S107735,U16355,2026-01-26,Organic Search,Pricing,Tablet,India,New,3.78,1.0,66.28,0,0
S104445,U11284,2026-01-26,Organic Search,Product Details,Tablet,India,New,4.23,5.0,54.16,0,0
S105267,U13121,2026-01-26,Social Media,Pricing,Mobile,India,New,4.19,4.8,53.66,1,100
S103757,U15201,2026-01-26,Organic Search,Products,Desktop,Canada,Returning,5.11,2.9,54.21,1,100
S103956,U14960,2026-01-26,Organic Search,About Us,Tablet,USA,New,15.29,10.1,28.86,0,0
S103070,U15175,2026-01-26,Organic Search,Pricing,Mobile,India,New,1.85,2.4,67.19,0,0
S108568,U11962,2026-01-26,Organic Search,Home,Mobile,India,New,3.89,1.9,48.98,0,0
S104955,U10860,2026-01-26,Referral,Home,Mobile,USA,Returning,10.92,8.8,46.0,0,0
S102713,U14350,2026-01-26,Paid Search,Products,Desktop,Australia,New,5.33,3.4,64.32,0,0
S108259,U14315,2026-01-26,Referral,Blog,Desktop,Australia,Returning,3.42,3.0,75.05,0,0
S109687,U15017,2026-01-26,Social Media,Pricing,Desktop,India,New,5.22,2.6,65.49,0,0
S103313,U15374,2026-01-26,Social Media,Pricing,Mobile,India,New,4.06,1.9,72.11,0,0
S108263,U14759,2026-01-26,Referral,Home,Tablet,India,New,6.53,5.5,52.86,0,0
S108035,U10963,2026-01-26,Direct,Products,Mobile,India,New,3.89,2.8,79.6,0,0
S108958,U10525,2026-01-26,Organic Search,About Us,Mobile,India,New,5.39,2.9,52.82,0,0
S103686,U10019,2026-01-26,Organic Search,Home,Desktop,India,New,5.35,3.5,65.28,0,0
S109675,U11097,2026-01-26,Social Media,FAQ,Desktop,India,New,1.94,2.9,73.57,0,0
S102773,U12709,2026-01-26,Paid Search,Home,Mobile,Australia,Returning,9.99,6.6,47.35,0,0
S108090,U14231,2026-01-26,Organic Search,Blog,Mobile,Canada,Returning,12.5,9.1,28.12,0,0
S108947,U11608,2026-01-26,Organic Search,Home,Mobile,UK,Returning,3.43,1.6,78.76,0,0
S107515,U12550,2026-01-26,Organic Search,Services,Mobile,India,New,1.35,2.3,74.13,0,0
S105385,U14252,2026-01-26,Organic Search,Blog,Mobile,India,New,6.68,3.5,49.71,0,0
S104792,U13698,2026-01-26,Referral,Checkout,Desktop,USA,New,6.09,4.2,67.01,0,0
S103930,U16208,2026-01-26,Paid Search,Home,Desktop,India,New,1.15,2.5,71.11,0,0
S107527,U15070,2026-01-26,Paid Search,Home,Desktop,India,New,5.12,4.6,45.73,0,0
S103953,U14762,2026-01-26,Direct,Pricing,Mobile,India,New,2.94,2.9,68.95,0,0
S103569,U15424,2026-01-26,Direct,Home,Mobile,India,New,1.57,1.7,59.55,0,0
S102566,U10067,2026-01-26,Organic Search,FAQ,Desktop,India,New,4.58,3.3,52.59,0,0
S104873,U10154,2026-01-26,Social Media,Product Details,Mobile,Australia,Returning,15.15,11.2,21.1,1,100
S103277,U14733,2026-01-26,Organic Search,Pricing,Mobile,Canada,New,5.58,3.9,63.45,0,0
S103310,U14543,2026-01-26,Referral,Pricing,Tablet,India,New,6.98,6.4,39.75,0,0
S101301,U14022,2026-01-26,Organic Search,FAQ,Mobile,USA,New,5.42,3.6,48.47,0,0
S106405,U12075,2026-01-26,Paid Search,Products,Mobile,Australia,New,6.52,5.4,49.74,0,0
S105851,U12432,2026-01-26,Organic Search,Home,Mobile,India,New,7.29,4.3,68.13,0,0
S101319,U13282,2026-01-26,Paid Search,Home,Desktop,India,New,3.73,2.5,61.27,0,0
S106078,U15558,2026-01-26,Social Media,Home,Mobile,India,New,5.81,5.0,62.01,1,100
S106066,U15899,2026-01-26,Paid Search,About Us,Tablet,India,New,0.88,2.1,76.37,0,0
S105737,U15510,2026-01-26,Organic Search,FAQ,Mobile,UK,Returning,2.46,2.9,57.94,0,0
S105728,U16489,2026-01-26,Organic Search,Checkout,Mobile,India,Returning,8.24,6.8,49.62,1,100
S100871,U10674,2026-01-26,Social Media,Blog,Desktop,USA,New,2.24,1.2,73.86,0,0
S101339,U14381,2026-01-26,Organic Search,Blog,Mobile,India,New,10.69,6.4,45.96,0,0
S109397,U13789,2026-01-26,Direct,Products,Desktop,USA,Returning,3.54,3.3,60.12,0,0
S100623,U11123,2026-01-26,Paid Search,Home,Desktop,Australia,New,1.64,2.1,64.7,0,0
S101422,U12539,2026-01-26,Referral,Blog,Mobile,Australia,Returning,4.61,3.2,65.13,0,0
S106800,U13619,2026-01-26,Referral,Services,Tablet,India,Returning,9.06,5.6,42.48,0,0
S106275,U12807,2026-01-26,Referral,Blog,Mobile,India,New,5.83,2.9,60.92,0,0
S105962,U12960,2026-01-26,Organic Search,Product Details,Mobile,USA,Returning,4.07,3.8,71.65,0,0
S105447,U13472,2026-01-27,Organic Search,Products,Desktop,UK,Returning,2.51,1.9,73.77,0,0
S105975,U13082,2026-01-27,Referral,Home,Mobile,India,Returning,1.96,2.1,53.44,0,0
S103641,U15944,2026-01-27,Referral,Blog,Mobile,USA,Returning,1.76,3.1,72.54,0,0
S102078,U10716,2026-01-27,Organic Search,Pricing,Mobile,India,New,2.12,1.0,74.69,0,0
S104738,U13855,2026-01-27,Social Media,Home,Mobile,UK,New,2.86,3.6,59.15,0,0
S107196,U14392,2026-01-27,Referral,Contact Us,Mobile,India,New,3.36,3.6,54.07,0,0
S106291,U11107,2026-01-27,Direct,FAQ,Tablet,India,New,3.63,3.9,66.67,0,0
S107614,U13780,2026-01-27,Organic Search,Services,Mobile,USA,New,1.92,1.4,80.07,1,100
S106283,U13342,2026-01-27,Direct,Blog,Mobile,India,New,2.23,2.4,65.75,0,0
S101568,U10061,2026-01-27,Organic Search,Services,Mobile,Canada,Returning,2.21,2.2,70.7,0,0
S103090,U10542,2026-01-27,Organic Search,Home,Mobile,India,New,6.06,3.5,57.65,0,0
S104880,U16164,2026-01-27,Referral,Blog,Mobile,UK,Returning,1.75,1.8,63.9,0,0
S104785,U14409,2026-01-27,Social Media,About Us,Mobile,India,New,3.2,2.6,76.38,0,0
S101168,U10078,2026-01-27,Direct,Product Details,Desktop,USA,Returning,7.7,4.2,44.36,0,0
S105666,U12012,2026-01-27,Social Media,Pricing,Tablet,USA,New,3.74,5.4,48.58,0,0
S103009,U14970,2026-01-27,Direct,Pricing,Mobile,UK,Returning,5.95,5.7,54.06,0,0
S108225,U12831,2026-01-27,Organic Search,Services,Mobile,India,New,7.46,6.3,49.79,0,0
S105677,U16060,2026-01-27,Organic Search,Services,Desktop,India,New,0.54,2.3,67.75,0,0
S101377,U10769,2026-01-27,Organic Search,Product Details,Tablet,India,New,11.82,7.6,48.23,1,100
S109303,U11130,2026-01-27,Direct,Home,Mobile,USA,Returning,2.1,2.1,69.56,0,0
S107249,U16035,2026-01-27,Paid Search,Blog,Mobile,India,Returning,8.71,6.7,45.59,0,0
S109042,U13498,2026-01-27,Organic Search,Blog,Desktop,India,New,5.71,3.5,63.25,0,0
S101341,U15099,2026-01-27,Organic Search,Products,Desktop,Australia,Returning,6.31,6.4,39.75,0,0
S105072,U15716,2026-01-27,Organic Search,Product Details,Desktop,UK,New,4.14,2.8,55.68,0,0
S109316,U14493,2026-01-27,Direct,FAQ,Desktop,India,New,7.03,6.5,41.0,0,0
S105040,U15669,2026-01-27,Organic Search,Product Details,Desktop,India,New,1.18,2.6,93.1,0,0
S101890,U14827,2026-01-27,Paid Search,Home,Desktop,Canada,New,0.74,2.1,70.55,0,0
S103250,U13063,2026-01-27,Social Media,Checkout,Mobile,USA,New,4.88,4.6,58.85,1,100
S109901,U13096,2026-01-27,Paid Search,Home,Mobile,India,New,4.27,2.5,64.36,0,0
S108405,U14303,2026-01-27,Organic Search,Product Details,Desktop,India,New,5.31,4.3,52.55,0,0
S108153,U14978,2026-01-27,Direct,Services,Desktop,USA,New,1.1,1.2,57.29,0,0
S108965,U12203,2026-01-27,Organic Search,Home,Mobile,India,Returning,1.43,1.6,60.38,0,0
S105470,U16048,2026-01-27,Paid Search,Services,Desktop,USA,Returning,5.85,4.4,57.26,0,0
S103337,U14655,2026-01-27,Organic Search,Services,Desktop,India,New,7.03,5.0,61.43,0,0
S109409,U13288,2026-01-27,Direct,Home,Desktop,India,New,4.29,1.7,65.94,0,0
S101536,U14125,2026-01-27,Paid Search,Blog,Mobile,India,New,5.57,5.8,58.09,0,0
S106127,U13517,2026-01-27,Organic Search,FAQ,Mobile,Canada,New,3.34,1.9,62.81,0,0
S104360,U13513,2026-01-27,Direct,Services,Mobile,India,Returning,15.21,10.4,25.95,0,0
S104271,U12065,2026-01-27,Paid Search,FAQ,Desktop,India,New,8.84,6.4,57.78,0,0
S104092,U13702,2026-01-27,Paid Search,Checkout,Desktop,USA,New,3.52,3.6,53.58,0,0
S104332,U13997,2026-01-27,Paid Search,Contact Us,Mobile,India,New,3.66,1.8,65.64,1,100
S107782,U13082,2026-01-27,Organic Search,Pricing,Desktop,India,Returning,4.78,2.6,57.2,0,0
S105509,U12218,2026-01-27,Organic Search,Contact Us,Mobile,India,New,2.75,2.1,78.39,0,0
S101063,U12871,2026-01-27,Social Media,Home,Desktop,India,New,6.41,4.1,49.63,0,0
S105543,U14750,2026-01-27,Paid Search,Pricing,Mobile,India,New,7.56,5.7,46.98,1,100
S106023,U12118,2026-01-27,Paid Search,Services,Mobile,UK,New,2.1,2.4,70.09,0,0
S107743,U11068,2026-01-27,Organic Search,FAQ,Tablet,India,New,4.29,3.1,53.43,0,0
S106083,U10615,2026-01-27,Referral,About Us,Desktop,India,New,6.42,5.3,57.69,0,0
S103695,U16049,2026-01-28,Paid Search,FAQ,Desktop,India,New,4.01,4.4,51.22,0,0
S103435,U10896,2026-01-28,Organic Search,Pricing,Mobile,India,New,4.66,2.4,58.11,0,0
S102110,U12170,2026-01-28,Paid Search,FAQ,Mobile,India,New,7.75,8.2,33.27,0,0
S100776,U13638,2026-01-28,Organic Search,Products,Mobile,India,Returning,2.79,2.7,58.48,0,0
S106079,U10732,2026-01-28,Social Media,Product Details,Desktop,Canada,New,11.29,5.5,66.36,0,0
S104782,U11538,2026-01-28,Organic Search,Products,Tablet,Canada,New,10.7,6.2,45.33,0,0
S105259,U12799,2026-01-28,Social Media,Home,Mobile,Australia,New,2.84,3.3,57.7,0,0
S105865,U11289,2026-01-28,Organic Search,Products,Desktop,India,New,3.62,4.4,38.73,0,0
S105099,U14718,2026-01-28,Direct,Home,Tablet,Canada,Returning,2.18,3.4,65.3,0,0
S100144,U15582,2026-01-28,Organic Search,Blog,Mobile,India,New,5.1,4.7,63.46,0,0
S103408,U12773,2026-01-28,Direct,FAQ,Desktop,India,New,1.61,1.8,81.22,0,0
S105727,U10187,2026-01-28,Direct,Product Details,Mobile,Canada,Returning,17.75,12.8,11.47,1,100
S109698,U13953,2026-01-28,Direct,Home,Mobile,India,Returning,4.62,5.3,58.19,1,100
S105519,U15687,2026-01-28,Organic Search,Home,Mobile,India,New,2.3,2.0,79.68,0,0
S109171,U11309,2026-01-28,Direct,Home,Desktop,India,Returning,5.27,3.4,65.5,0,0
S108733,U11165,2026-01-28,Organic Search,Pricing,Desktop,UK,New,5.44,2.4,66.29,1,100
S103502,U11905,2026-01-28,Paid Search,Products,Mobile,UK,Returning,0.62,1.8,72.05,0,0
S108407,U10165,2026-01-28,Organic Search,Home,Mobile,India,Returning,6.07,3.9,62.42,0,0
S107404,U13198,2026-01-28,Referral,Checkout,Desktop,India,Returning,2.94,4.5,53.02,0,0
S105758,U11758,2026-01-28,Direct,Contact Us,Desktop,India,Returning,4.55,5.2,68.65,1,100
S107410,U13554,2026-01-28,Organic Search,Product Details,Desktop,India,Returning,2.58,4.5,57.52,0,0
S106708,U15206,2026-01-28,Social Media,FAQ,Mobile,USA,Returning,2.69,2.3,75.46,0,0
S100766,U15652,2026-01-28,Organic Search,Home,Tablet,Australia,New,3.71,3.3,53.35,0,0
S104141,U10818,2026-01-28,Referral,Product Details,Desktop,India,New,2.8,3.1,74.93,0,0
S109427,U11123,2026-01-28,Referral,Product Details,Mobile,India,New,6.43,5.8,41.51,0,0
S101675,U13811,2026-01-28,Paid Search,Services,Desktop,Canada,Returning,3.78,2.7,70.99,0,0
S100975,U14144,2026-01-28,Social Media,Products,Mobile,India,New,1.91,3.2,68.01,0,0
S106216,U14199,2026-01-28,Organic Search,Services,Desktop,Australia,New,3.98,1.7,52.16,0,0
S100729,U13710,2026-01-28,Direct,Blog,Mobile,Canada,New,3.81,3.1,49.78,0,0
S106254,U13963,2026-01-28,Social Media,About Us,Mobile,India,New,6.42,4.7,59.3,0,0
S107097,U15234,2026-01-28,Referral,Blog,Mobile,UK,New,8.5,6.8,48.19,1,100
S102329,U15407,2026-01-28,Referral,Home,Mobile,USA,New,3.78,3.4,55.5,0,0
S105556,U16310,2026-01-28,Referral,Product Details,Desktop,USA,Returning,2.1,1.5,63.29,0,0
S105286,U16203,2026-01-28,Direct,FAQ,Mobile,India,Returning,3.54,2.8,57.45,0,0
S105932,U15389,2026-01-28,Organic Search,Product Details,Desktop,UK,New,3.97,4.9,54.26,0,0
S104174,U15002,2026-01-28,Paid Search,Contact Us,Mobile,India,New,2.72,3.3,69.57,0,0
S103813,U13220,2026-01-28,Paid Search,Products,Desktop,USA,Returning,6.89,5.9,52.37,1,100
S103086,U14502,2026-01-28,Social Media,Services,Mobile,India,New,9.55,7.4,43.52,0,0
S103526,U14494,2026-01-28,Paid Search,Blog,Desktop,India,Returning,1.66,2.6,66.63,0,0
S102193,U11526,2026-01-28,Organic Search,Services,Tablet,Australia,New,0.82,1.0,75.33,0,0
S105185,U12978,2026-01-28,Organic Search,Blog,Mobile,Canada,Returning,3.01,4.2,52.87,0,0
S102711,U11885,2026-01-28,Paid Search,About Us,Mobile,USA,New,0.87,1.0,59.81,0,0
S100686,U13302,2026-01-28,Paid Search,About Us,Desktop,India,New,4.35,4.0,59.03,0,0
S101201,U15766,2026-01-28,Direct,Blog,Desktop,UK,New,6.88,6.2,52.53,0,0
S105192,U14341,2026-01-28,Social Media,Home,Tablet,Canada,New,1.73,1.3,54.0,0,0
S101696,U12625,2026-01-29,Direct,About Us,Mobile,India,New,2.99,3.7,53.97,0,0
S107394,U12221,2026-01-29,Organic Search,Checkout,Desktop,India,Returning,6.07,4.6,63.6,0,0
S101718,U10939,2026-01-29,Organic Search,Home,Mobile,UK,New,2.39,2.7,78.0,0,0
S103338,U16064,2026-01-29,Referral,FAQ,Mobile,India,New,1.21,2.8,77.53,0,0
S104091,U11051,2026-01-29,Organic Search,Blog,Desktop,India,New,2.6,1.1,64.98,0,0
S107077,U11542,2026-01-29,Direct,Checkout,Desktop,UK,Returning,2.44,1.7,72.57,0,0
S103138,U12098,2026-01-29,Social Media,About Us,Mobile,USA,New,4.06,2.4,77.6,0,0
S104947,U14463,2026-01-29,Referral,Home,Desktop,India,Returning,2.11,1.0,75.9,0,0
S100372,U14894,2026-01-29,Organic Search,Product Details,Mobile,India,New,0.32,1.6,69.89,1,100
S102456,U13180,2026-01-29,Referral,Services,Desktop,Australia,New,1.46,3.9,65.87,0,0
S107084,U14244,2026-01-29,Direct,Home,Desktop,India,New,10.01,8.8,33.68,0,0
S109244,U11453,2026-01-29,Direct,Home,Tablet,Canada,New,2.92,2.6,62.28,0,0
S101740,U12801,2026-01-29,Social Media,FAQ,Desktop,India,Returning,3.33,1.6,67.73,0,0
S107291,U10143,2026-01-29,Referral,Home,Desktop,India,New,2.73,1.4,77.94,0,0
S105329,U12973,2026-01-29,Paid Search,About Us,Mobile,India,Returning,3.5,2.3,74.45,0,0
S100604,U10115,2026-01-29,Referral,Home,Tablet,Australia,New,7.18,4.4,53.15,0,0
S103403,U15570,2026-01-29,Social Media,Pricing,Desktop,India,Returning,9.28,4.8,66.28,0,0
S105645,U11084,2026-01-29,Referral,Blog,Desktop,India,New,8.1,6.3,45.81,0,0
S107361,U10325,2026-01-29,Direct,Services,Desktop,Australia,New,2.88,2.5,53.96,0,0
S109312,U11791,2026-01-29,Direct,Products,Mobile,India,New,9.01,5.7,66.9,0,0
S105656,U13295,2026-01-29,Direct,Blog,Desktop,USA,New,3.17,2.6,63.19,0,0
S102497,U13684,2026-01-29,Organic Search,Home,Mobile,Canada,Returning,7.18,4.6,48.72,0,0
S102426,U14147,2026-01-29,Social Media,Home,Desktop,USA,Returning,3.75,3.2,64.87,0,0
S106101,U11450,2026-01-29,Direct,Checkout,Mobile,India,New,7.46,6.5,53.63,1,100
S109114,U14355,2026-01-29,Paid Search,Products,Mobile,India,Returning,7.76,5.0,45.83,1,100
S108451,U13130,2026-01-29,Social Media,Checkout,Mobile,India,Returning,4.45,4.1,61.21,0,0
S109240,U14158,2026-01-29,Referral,Products,Desktop,USA,Returning,14.73,9.4,33.48,0,0
S100911,U14893,2026-01-29,Organic Search,Checkout,Mobile,India,Returning,6.2,6.4,49.61,1,100
S107897,U15995,2026-01-29,Organic Search,Contact Us,Desktop,India,Returning,4.98,3.8,51.17,0,0
S102156,U15632,2026-01-29,Paid Search,Checkout,Mobile,India,New,3.06,3.9,64.07,0,0
S102159,U12383,2026-01-29,Social Media,About Us,Desktop,USA,Returning,6.19,3.0,60.08,0,0
S100734,U10895,2026-01-29,Referral,Home,Mobile,India,New,4.19,3.4,61.21,0,0
S101937,U15070,2026-01-29,Organic Search,Services,Mobile,India,Returning,10.12,6.2,37.46,0,0
S109982,U10210,2026-01-29,Paid Search,Products,Desktop,India,Returning,1.79,2.1,68.24,0,0
S109264,U14653,2026-01-29,Social Media,About Us,Desktop,India,Returning,3.43,4.5,62.47,0,0
S109182,U15876,2026-01-29,Organic Search,Home,Desktop,USA,Returning,9.28,5.6,57.87,1,100
S107900,U13427,2026-01-29,Direct,Services,Desktop,Canada,New,6.73,6.1,34.64,0,0
S106776,U13638,2026-01-29,Referral,Blog,Desktop,USA,New,4.43,2.5,51.84,0,0
S104643,U12799,2026-01-29,Direct,Product Details,Mobile,India,New,3.49,3.2,61.69,0,0
S104841,U14665,2026-01-29,Organic Search,Home,Mobile,UK,New,9.18,6.3,54.78,0,0
S108851,U12729,2026-01-29,Organic Search,Products,Mobile,India,New,3.69,3.2,62.81,0,0
S104384,U15940,2026-01-29,Direct,About Us,Desktop,India,Returning,10.33,6.5,50.39,0,0
S107488,U15455,2026-01-29,Direct,Contact Us,Desktop,India,Returning,7.82,5.3,44.58,0,0
S107991,U15191,2026-01-29,Referral,Products,Mobile,USA,New,14.96,8.1,28.1,0,0
S104498,U14445,2026-01-29,Organic Search,Pricing,Mobile,Canada,New,2.58,3.9,53.3,0,0
S101955,U15627,2026-01-29,Social Media,Product Details,Tablet,UK,New,9.46,4.5,58.4,0,0
S107681,U11911,2026-01-29,Organic Search,Product Details,Mobile,Canada,New,1.24,1.7,52.74,0,0
S102390,U13849,2026-01-29,Paid Search,Blog,Tablet,Australia,Returning,6.6,5.7,51.8,0,0
S102853,U13089,2026-01-29,Organic Search,Services,Desktop,India,Returning,2.21,1.8,65.0,0,0
S103572,U11987,2026-01-29,Organic Search,Services,Tablet,USA,New,3.26,2.5,75.08,0,0
S100611,U13147,2026-01-29,Paid Search,Blog,Desktop,USA,New,1.21,2.3,68.0,0,0
S103753,U16032,2026-01-29,Organic Search,Products,Desktop,Canada,Returning,2.55,1.8,60.11,1,100
S107739,U15399,2026-01-29,Direct,Home,Desktop,India,New,3.98,3.9,69.01,0,0
S107447,U10464,2026-01-29,Paid Search,Home,Mobile,Australia,New,8.84,5.5,36.9,1,100
S101008,U13087,2026-01-30,Paid Search,Home,Desktop,Canada,Returning,5.06,3.4,58.81,1,100
S105240,U15058,2026-01-30,Paid Search,About Us,Desktop,India,New,5.07,5.5,44.57,0,0
S107931,U10301,2026-01-30,Organic Search,Home,Desktop,India,New,4.21,1.6,76.71,0,0
S100789,U15128,2026-01-30,Paid Search,Blog,Mobile,India,Returning,10.47,6.3,43.32,0,0
S109566,U15463,2026-01-30,Paid Search,Services,Mobile,UK,New,0.66,1.0,73.9,0,0
S108228,U15637,2026-01-30,Organic Search,FAQ,Mobile,Canada,New,6.36,3.3,67.59,0,0
S102208,U12041,2026-01-30,Organic Search,Contact Us,Mobile,UK,New,1.11,3.6,61.5,0,0
S107604,U10426,2026-01-30,Direct,Product Details,Desktop,India,New,6.21,4.0,51.78,0,0
S104576,U10084,2026-01-30,Organic Search,About Us,Desktop,India,Returning,0.69,2.0,59.01,0,0
S106956,U15983,2026-01-30,Organic Search,Home,Mobile,India,New,7.7,4.5,52.42,0,0
S107994,U12132,2026-01-30,Organic Search,Services,Mobile,Australia,Returning,9.13,6.6,47.15,0,0
S109377,U14620,2026-01-30,Social Media,Checkout,Mobile,India,Returning,5.15,6.6,44.44,0,0
S106807,U12548,2026-01-30,Organic Search,Home,Mobile,India,New,3.55,3.1,42.6,0,0
S101769,U14676,2026-01-30,Referral,Home,Desktop,USA,New,3.95,3.1,65.14,0,0
S107621,U14566,2026-01-30,Paid Search,Product Details,Tablet,India,New,1.4,2.2,68.74,0,0
S106087,U14770,2026-01-30,Organic Search,Product Details,Desktop,India,New,6.41,4.0,50.66,0,0
S107576,U11707,2026-01-30,Social Media,Products,Desktop,UK,New,2.34,2.0,84.7,0,0
S108977,U14725,2026-01-30,Paid Search,Pricing,Mobile,Canada,New,2.32,4.4,42.16,0,0
S108629,U12437,2026-01-30,Organic Search,Pricing,Mobile,India,New,6.3,6.1,50.07,0,0
S105765,U12295,2026-01-30,Direct,Pricing,Desktop,India,New,3.79,4.0,68.2,0,0
S107036,U16156,2026-01-30,Paid Search,Contact Us,Desktop,India,Returning,2.69,3.5,56.59,0,0
S106404,U16309,2026-01-30,Referral,Home,Desktop,India,Returning,5.26,4.1,48.44,0,0
S105808,U13130,2026-01-30,Referral,About Us,Desktop,UK,New,10.62,6.6,36.51,0,0
S109986,U10234,2026-01-30,Direct,About Us,Mobile,India,New,7.47,7.0,29.77,0,0
S105822,U10156,2026-01-30,Direct,Product Details,Mobile,USA,New,4.57,4.1,61.61,0,0
S108172,U15721,2026-01-30,Paid Search,FAQ,Mobile,India,New,4.55,3.5,58.91,0,0
S102003,U10117,2026-01-30,Paid Search,FAQ,Desktop,Australia,Returning,5.21,4.0,47.97,0,0
S104266,U14494,2026-01-30,Paid Search,Blog,Tablet,UK,New,3.52,5.2,52.47,0,0
S106092,U15559,2026-01-30,Organic Search,Pricing,Tablet,India,New,2.35,2.6,56.75,0,0
S105051,U14971,2026-01-30,Referral,About Us,Mobile,Canada,New,5.92,3.6,66.48,0,0
S102033,U11577,2026-01-30,Organic Search,Contact Us,Mobile,India,New,4.23,4.6,53.41,1,100
S100108,U13885,2026-01-30,Direct,FAQ,Desktop,UK,Returning,3.88,2.6,87.33,0,0
S101258,U10815,2026-01-30,Organic Search,Blog,Mobile,UK,New,0.93,2.4,80.46,0,0
S100585,U15288,2026-01-30,Organic Search,Blog,Mobile,UK,New,2.71,3.5,60.54,0,0
S103485,U16363,2026-01-30,Paid Search,Pricing,Tablet,UK,Returning,2.86,4.7,60.3,0,0
S108927,U14285,2026-01-30,Paid Search,Home,Mobile,India,Returning,0.55,1.0,64.49,0,0
S104753,U14770,2026-01-30,Organic Search,Checkout,Mobile,India,New,6.12,3.4,64.04,0,0
S106183,U12446,2026-01-30,Referral,Services,Mobile,India,New,1.49,1.0,68.17,0,0
S104726,U11539,2026-01-30,Organic Search,Products,Mobile,India,Returning,1.83,1.5,78.12,0,0
S104689,U15755,2026-01-30,Social Media,Blog,Tablet,UK,New,7.83,4.0,50.48,0,0
S101364,U12483,2026-01-30,Paid Search,Blog,Tablet,India,Returning,1.75,1.6,55.34,0,0
S100671,U11063,2026-01-30,Direct,Services,Desktop,USA,Returning,7.58,5.2,53.25,1,100
S103752,U10387,2026-01-30,Direct,Home,Desktop,India,New,6.41,6.5,40.43,0,0
S107871,U16251,2026-01-30,Organic Search,Product Details,Mobile,UK,Returning,3.72,4.9,60.35,0,0
S107457,U12623,2026-01-30,Paid Search,Services,Tablet,India,New,3.38,2.5,65.55,0,0
S107114,U13735,2026-01-30,Organic Search,FAQ,Desktop,UK,Returning,6.44,3.7,46.09,0,0
S100403,U12301,2026-01-30,Organic Search,Product Details,Mobile,India,New,6.63,5.7,48.69,0,0
S103003,U10515,2026-01-30,Referral,About Us,Desktop,India,New,2.7,3.7,54.01,0,0
S106643,U15230,2026-01-30,Paid Search,Services,Desktop,UK,New,5.93,5.0,58.73,0,0
S109935,U13175,2026-01-30,Organic Search,FAQ,Desktop,India,New,8.04,5.8,34.97,0,0
S107251,U14819,2026-01-30,Organic Search,Product Details,Mobile,Canada,Returning,3.78,2.1,65.85,0,0
S105390,U15706,2026-01-30,Direct,Contact Us,Desktop,India,New,6.82,5.7,31.33,0,0
S100004,U13773,2026-01-30,Paid Search,FAQ,Desktop,Australia,New,4.21,2.7,46.04,0,0
S109658,U13735,2026-01-30,Referral,Product Details,Mobile,India,New,2.21,1.0,81.62,0,0
S103315,U11992,2026-01-30,Paid Search,About Us,Desktop,USA,Returning,3.12,1.7,65.9,0,0
S109612,U11439,2026-01-30,Referral,FAQ,Mobile,UK,New,6.46,5.4,50.34,0,0
S103228,U16286,2026-01-30,Social Media,Pricing,Mobile,India,New,2.97,3.5,53.71,0,0
S107130,U15297,2026-01-30,Referral,Home,Desktop,Australia,New,7.87,6.2,43.06,0,0
S102960,U14352,2026-01-31,Direct,Products,Mobile,Australia,Returning,6.6,4.7,60.6,0,0
S106160,U14671,2026-01-31,Organic Search,Home,Mobile,UK,New,1.45,1.1,72.31,0,0
S106549,U11882,2026-01-31,Organic Search,Pricing,Desktop,India,Returning,8.9,5.8,29.1,1,100
S106431,U10932,2026-01-31,Referral,Products,Mobile,India,New,8.07,3.6,47.05,0,0
S100416,U11896,2026-01-31,Paid Search,Home,Mobile,Australia,New,8.54,4.6,53.35,1,100
S105361,U14491,2026-01-31,Paid Search,Product Details,Mobile,Australia,New,3.59,3.3,71.11,0,0
S106483,U10927,2026-01-31,Referral,Home,Mobile,India,New,3.08,1.0,70.16,0,0
S109407,U10678,2026-01-31,Paid Search,Checkout,Desktop,India,New,4.05,3.5,41.32,1,100
S101622,U14346,2026-01-31,Organic Search,Home,Desktop,Canada,Returning,3.33,2.9,69.61,0,0
S100363,U16182,2026-01-31,Paid Search,Product Details,Desktop,India,New,2.35,2.3,74.88,0,0
S109192,U10755,2026-01-31,Organic Search,About Us,Desktop,India,New,14.46,8.2,19.63,0,0
S100160,U14192,2026-01-31,Direct,Product Details,Mobile,India,New,10.63,5.5,66.09,0,0
S100523,U12295,2026-01-31,Organic Search,Home,Mobile,India,New,4.49,2.2,67.98,0,0
S101630,U10827,2026-01-31,Paid Search,Checkout,Mobile,India,New,17.34,10.3,21.52,1,100
S104564,U11133,2026-01-31,Social Media,Services,Mobile,Canada,New,5.65,5.3,65.1,0,0
S109416,U11783,2026-01-31,Paid Search,About Us,Mobile,India,Returning,13.82,7.2,29.76,1,100
S107042,U13918,2026-01-31,Paid Search,Products,Mobile,India,New,11.76,6.1,45.65,0,0
S100531,U14046,2026-01-31,Organic Search,Blog,Tablet,UK,Returning,11.21,8.4,49.04,0,0
S106244,U13855,2026-01-31,Referral,Home,Desktop,USA,New,4.79,6.3,48.28,0,0
S107740,U15530,2026-01-31,Social Media,Pricing,Desktop,USA,New,10.99,6.6,54.88,0,0
S105305,U15168,2026-01-31,Organic Search,FAQ,Tablet,India,Returning,2.83,3.6,64.98,1,100
S101800,U11712,2026-01-31,Organic Search,Product Details,Desktop,USA,New,4.96,3.7,72.25,0,0
S105173,U12243,2026-01-31,Referral,Services,Mobile,USA,New,5.34,3.7,66.68,0,0
S103861,U15669,2026-01-31,Direct,Products,Mobile,India,New,1.93,4.0,60.29,0,0
S109323,U10811,2026-01-31,Organic Search,FAQ,Tablet,India,New,1.0,1.1,92.65,0,0
S107307,U15128,2026-01-31,Organic Search,Checkout,Mobile,Australia,Returning,2.71,2.4,65.88,0,0
S107619,U15738,2026-01-31,Direct,Contact Us,Desktop,USA,New,14.91,10.8,35.37,0,0
S102219,U13375,2026-01-31,Referral,Products,Desktop,India,New,2.29,1.3,79.05,0,0
S109976,U15994,2026-01-31,Organic Search,Blog,Tablet,India,New,3.28,5.1,48.29,0,0
S106731,U15327,2026-01-31,Organic Search,Pricing,Mobile,Australia,New,1.21,1.8,51.16,0,0
S104568,U16471,2026-01-31,Referral,Contact Us,Mobile,India,New,1.85,2.4,73.79,0,0
S101445,U11921,2026-01-31,Referral,Pricing,Tablet,UK,Returning,2.0,3.8,57.94,1,100
S101860,U15645,2026-01-31,Social Media,Checkout,Mobile,USA,Returning,5.73,4.7,49.19,0,0
S100918,U15972,2026-01-31,Referral,Pricing,Tablet,India,Returning,5.76,5.7,47.07,0,0
S100265,U10660,2026-01-31,Referral,Services,Mobile,India,New,3.71,4.5,78.3,0,0
S106645,U14055,2026-01-31,Social Media,Products,Desktop,Canada,New,3.32,4.5,55.98,0,0
S104635,U15935,2026-01-31,Organic Search,Product Details,Desktop,Canada,New,7.36,4.2,55.75,0,0
S108691,U14170,2026-01-31,Organic Search,About Us,Mobile,Australia,New,1.78,2.3,60.27,0,0
S101266,U13282,2026-01-31,Organic Search,About Us,Mobile,India,Returning,6.32,4.3,35.1,0,0
S109118,U13610,2026-01-31,Organic Search,Product Details,Mobile,India,Returning,2.26,2.1,72.94,0,0
S108671,U11503,2026-01-31,Paid Search,Product Details,Desktop,India,New,3.26,2.5,63.04,0,0
S101539,U15416,2026-01-31,Direct,Pricing,Mobile,India,New,4.41,3.9,70.37,0,0
S100782,U12784,2026-01-31,Organic Search,Home,Desktop,USA,New,5.05,5.2,48.49,0,0
S101405,U14409,2026-01-31,Paid Search,Services,Desktop,India,New,9.31,5.7,42.31,0,0
S100884,U14720,2026-01-31,Referral,Checkout,Desktop,India,New,0.91,1.6,72.38,0,0
S102490,U14816,2026-01-31,Paid Search,Contact Us,Desktop,India,Returning,0.3,1.4,60.66,0,0
S109567,U11401,2026-01-31,Organic Search,Blog,Mobile,India,New,3.87,2.5,53.91,0,0
S106686,U12077,2026-01-31,Social Media,Services,Mobile,India,New,7.56,4.2,62.2,1,100
S108922,U12825,2026-01-31,Referral,Home,Mobile,India,New,5.38,4.5,62.58,0,0
S102481,U14617,2026-01-31,Referral,Services,Mobile,Australia,New,1.55,2.5,70.97,0,0
S109839,U11110,2026-01-31,Paid Search,Services,Mobile,India,New,3.93,1.9,65.99,0,0
S109705,U12046,2026-01-31,Paid Search,Checkout,Mobile,USA,New,3.55,4.0,72.23,0,0
S109433,U14551,2026-01-31,Referral,Pricing,Mobile,India,Returning,4.32,2.3,64.9,0,0
S106966,U10954,2026-01-31,Organic Search,FAQ,Mobile,USA,Returning,3.55,2.0,78.83,0,0
S107494,U13663,2026-01-31,Paid Search,Blog,Desktop,Canada,New,6.29,5.1,65.71,0,0
S102739,U16407,2026-01-31,Referral,Product Details,Mobile,India,Returning,10.08,6.4,57.59,0,0
S103483,U13809,2026-01-31,Referral,Products,Desktop,Australia,New,8.81,4.5,59.17,0,0
S101367,U13390,2026-01-31,Referral,Product Details,Mobile,India,Returning,2.4,1.6,75.08,0,0
S109623,U15618,2026-01-31,Referral,Home,Mobile,India,New,5.42,3.9,72.53,0,0
S102314,U12475,2026-01-31,Organic Search,Home,Desktop,India,Returning,4.82,4.4,68.35,0,0
S108485,U15012,2026-01-31,Referral,Products,Tablet,India,New,2.97,3.2,64.37,0,0
S107783,U12631,2026-01-31,Social Media,Contact Us,Tablet,India,New,4.66,4.3,62.3,0,0
S106897,U14678,2026-01-31,Referral,Services,Tablet,India,Returning,13.57,10.3,29.51,0,0
S103418,U16300,2026-01-31,Organic Search,Contact Us,Mobile,India,New,16.72,10.5,40.71,0,0
S105838,U13410,2026-01-31,Direct,Services,Mobile,USA,New,2.55,2.0,72.63,0,0
S100716,U12924,2026-01-31,Paid Search,Home,Desktop,India,New,3.49,3.9,57.8,0,0
S101219,U15374,2026-01-31,Referral,Services,Desktop,India,New,1.94,2.8,70.33,0,0
S108120,U16496,2026-01-31,Paid Search,FAQ,Desktop,India,New,1.92,1.0,81.98,0,0
S107210,U11522,2026-01-31,Direct,About Us,Mobile,India,Returning,9.53,7.5,46.28,1,100
S101744,U13846,2026-01-31,Social Media,Contact Us,Mobile,India,New,5.12,2.4,77.91,0,0
S106661,U16216,2026-02-01,Referral,Pricing,Tablet,India,New,10.06,4.8,57.15,0,0
S105110,U12595,2026-02-01,Paid Search,Services,Desktop,India,New,5.49,3.3,58.91,0,0
S102287,U11209,2026-02-01,Organic Search,Checkout,Desktop,Canada,New,12.53,8.7,37.47,0,0
S105041,U11359,2026-02-01,Direct,Checkout,Tablet,India,New,1.31,3.4,74.94,0,0
S105048,U14352,2026-02-01,Organic Search,Home,Mobile,India,New,4.1,3.6,72.89,0,0
S101543,U12855,2026-02-01,Direct,Product Details,Mobile,UK,Returning,5.91,3.4,78.39,0,0
S101866,U14456,2026-02-01,Referral,Blog,Tablet,USA,New,15.6,9.9,39.39,1,100
S107661,U12174,2026-02-01,Social Media,Home,Tablet,India,New,4.77,4.8,60.98,0,0
S107967,U15819,2026-02-01,Organic Search,Home,Desktop,Canada,Returning,11.31,7.3,39.55,0,0
S102682,U15902,2026-02-01,Referral,Pricing,Tablet,India,New,1.23,2.0,66.41,1,100
S103668,U10856,2026-02-01,Direct,Product Details,Desktop,India,Returning,2.47,3.2,69.88,0,0
S102798,U12558,2026-02-01,Referral,About Us,Desktop,India,Returning,6.93,4.7,51.53,0,0
S108092,U14506,2026-02-01,Organic Search,Pricing,Desktop,India,New,2.31,1.2,80.22,0,0
S106356,U15878,2026-02-01,Paid Search,Checkout,Desktop,Australia,New,1.8,2.3,65.77,0,0
S101261,U10363,2026-02-01,Social Media,Blog,Desktop,USA,New,4.94,2.8,69.91,0,0
S103634,U12801,2026-02-01,Organic Search,Blog,Mobile,India,New,3.97,2.8,64.76,0,0
S109750,U13181,2026-02-01,Referral,FAQ,Mobile,India,New,5.62,4.3,64.45,0,0
S102119,U14791,2026-02-01,Direct,Pricing,Tablet,India,New,2.83,2.5,71.5,0,0
S108944,U13418,2026-02-01,Paid Search,Home,Tablet,India,New,1.2,2.2,68.06,0,0
S102014,U12014,2026-02-01,Direct,Product Details,Mobile,USA,New,11.6,6.3,45.93,0,0
S107473,U10611,2026-02-01,Paid Search,Home,Desktop,USA,Returning,11.67,8.2,45.29,0,0
S101455,U16405,2026-02-01,Organic Search,Product Details,Desktop,India,Returning,4.65,2.8,65.14,0,0
S103732,U14201,2026-02-01,Paid Search,Home,Desktop,India,Returning,2.14,2.7,69.03,0,0
S107646,U14632,2026-02-01,Organic Search,Product Details,Mobile,India,Returning,2.06,2.9,70.48,0,0
S101285,U13534,2026-02-01,Paid Search,Checkout,Mobile,USA,Returning,8.65,5.3,36.93,0,0
S102149,U11388,2026-02-01,Referral,Products,Desktop,India,New,2.21,3.5,76.81,0,0
S103085,U16355,2026-02-01,Direct,Services,Tablet,India,New,6.83,5.0,63.97,0,0
S107178,U12988,2026-02-01,Paid Search,FAQ,Desktop,India,New,9.77,6.3,42.62,0,0
S109988,U16004,2026-02-01,Referral,Home,Tablet,India,New,3.05,2.0,66.54,0,0
S106705,U16029,2026-02-01,Direct,Pricing,Mobile,India,Returning,1.09,1.6,68.95,0,0
S108985,U14344,2026-02-01,Paid Search,FAQ,Tablet,India,New,7.81,4.1,61.66,0,0
S107412,U14995,2026-02-01,Direct,Product Details,Desktop,India,Returning,7.99,5.4,46.02,1,100
S105467,U10114,2026-02-01,Social Media,About Us,Mobile,India,New,5.68,5.0,47.88,0,0
S104512,U14423,2026-02-01,Direct,Blog,Mobile,India,New,9.78,7.4,30.54,0,0
S107985,U10524,2026-02-01,Referral,Products,Mobile,India,New,1.92,2.3,63.52,0,0
S107982,U13428,2026-02-01,Social Media,Product Details,Mobile,India,New,7.21,5.5,54.14,1,100
S107396,U11031,2026-02-01,Referral,Home,Mobile,USA,New,2.78,2.4,55.68,0,0
S100031,U12905,2026-02-01,Organic Search,Services,Mobile,India,New,1.21,2.2,76.66,0,0
S106194,U15310,2026-02-01,Organic Search,Pricing,Mobile,India,New,4.34,2.7,69.1,0,0
S107817,U15082,2026-02-01,Direct,Services,Mobile,India,Returning,4.22,1.7,80.07,0,0
S104206,U16094,2026-02-01,Social Media,Services,Desktop,India,Returning,5.23,2.4,72.75,0,0
S106147,U12619,2026-02-01,Direct,Contact Us,Mobile,India,New,6.79,3.8,57.43,0,0
S100811,U14486,2026-02-01,Organic Search,Home,Desktop,India,New,4.77,2.3,65.49,0,0
S108232,U15813,2026-02-01,Organic Search,Services,Mobile,UK,New,7.53,5.5,44.96,0,0
S100620,U12968,2026-02-01,Paid Search,FAQ,Mobile,Australia,New,1.93,3.4,61.15,0,0
S109608,U15046,2026-02-01,Organic Search,Home,Desktop,Australia,New,1.98,2.5,82.29,0,0
S105249,U11256,2026-02-01,Referral,Home,Desktop,India,New,11.03,5.9,47.08,0,0
S105158,U12295,2026-02-01,Organic Search,Products,Desktop,India,New,8.21,4.4,42.33,0,0
S107151,U12262,2026-02-01,Direct,Contact Us,Desktop,India,Returning,2.57,2.4,65.5,0,0
S105201,U15389,2026-02-01,Paid Search,Product Details,Mobile,India,Returning,6.82,5.5,43.58,1,100
S106855,U12340,2026-02-01,Paid Search,Checkout,Desktop,USA,Returning,3.27,1.0,62.6,0,0
S108695,U12380,2026-02-01,Organic Search,FAQ,Desktop,India,New,3.08,3.4,69.3,0,0
S102534,U12350,2026-02-01,Referral,Home,Mobile,Australia,New,2.5,3.2,71.34,0,0
S109141,U11753,2026-02-01,Paid Search,Services,Mobile,India,New,3.95,4.4,51.71,0,0
S102448,U14098,2026-02-01,Direct,Home,Mobile,India,New,17.67,11.4,26.2,0,0
S107867,U10735,2026-02-02,Paid Search,Home,Mobile,India,New,0.9,2.0,72.69,0,0
S100524,U13148,2026-02-02,Organic Search,About Us,Mobile,UK,New,2.79,2.3,63.21,0,0
S106130,U10269,2026-02-02,Direct,Products,Mobile,Canada,New,4.08,1.5,53.54,0,0
S103717,U10594,2026-02-02,Referral,Pricing,Mobile,India,Returning,3.89,3.0,63.03,0,0
S104709,U15498,2026-02-02,Organic Search,Product Details,Desktop,India,New,2.45,1.1,75.47,0,0
S101918,U12507,2026-02-02,Referral,Products,Mobile,India,New,3.2,3.5,69.97,0,0
S100986,U10303,2026-02-02,Organic Search,Home,Mobile,India,Returning,4.41,2.4,64.75,0,0
S100029,U16397,2026-02-02,Paid Search,Checkout,Mobile,India,New,4.19,4.9,68.79,0,0
S106910,U10862,2026-02-02,Direct,About Us,Desktop,India,Returning,3.17,3.8,64.84,0,0
S101150,U12636,2026-02-02,Organic Search,Home,Mobile,India,New,10.45,6.0,53.98,0,0
S106605,U11424,2026-02-02,Social Media,Product Details,Mobile,India,Returning,9.13,5.5,59.75,0,0
S100075,U13074,2026-02-02,Organic Search,Home,Desktop,UK,New,2.38,2.4,72.55,0,0
S108412,U10403,2026-02-02,Social Media,Products,Desktop,India,Returning,5.99,3.3,58.78,0,0
S109025,U16059,2026-02-02,Organic Search,Products,Mobile,UK,New,3.33,2.9,68.13,0,0
S104567,U12039,2026-02-02,Organic Search,Products,Desktop,India,Returning,1.91,1.9,64.83,0,0
S106830,U15616,2026-02-02,Direct,Checkout,Desktop,USA,New,5.38,4.0,56.61,0,0
S101898,U13192,2026-02-02,Organic Search,Home,Mobile,Canada,New,5.56,5.1,71.82,1,100
S100147,U11029,2026-02-02,Direct,Product Details,Mobile,USA,New,4.78,2.4,53.09,0,0
S105160,U10147,2026-02-02,Direct,Home,Mobile,India,New,6.43,5.0,55.46,0,0
S102524,U11344,2026-02-02,Organic Search,Products,Tablet,USA,Returning,6.34,4.2,62.61,0,0
S101873,U13527,2026-02-02,Referral,FAQ,Desktop,India,New,3.78,3.3,66.97,0,0
S103850,U13635,2026-02-02,Referral,Home,Desktop,India,Returning,7.07,4.8,46.78,0,0
S104216,U10397,2026-02-02,Paid Search,Pricing,Desktop,India,New,2.49,4.4,52.16,0,0
S102753,U14518,2026-02-02,Organic Search,Home,Mobile,India,Returning,9.01,7.0,37.67,0,0
S108453,U12527,2026-02-02,Organic Search,Contact Us,Mobile,Canada,New,1.09,3.2,56.05,0,0
S105493,U12903,2026-02-02,Direct,Home,Tablet,USA,New,3.28,2.6,66.15,1,100
S103618,U11111,2026-02-02,Referral,Checkout,Desktop,USA,Returning,6.86,5.1,47.18,1,100
S104667,U11992,2026-02-02,Referral,Pricing,Desktop,India,New,4.59,4.2,56.85,0,0
S101623,U10391,2026-02-02,Paid Search,Products,Desktop,India,New,5.19,4.5,65.66,0,0
S101007,U11907,2026-02-02,Paid Search,Home,Mobile,India,New,3.17,2.4,61.44,0,0
S108127,U11017,2026-02-02,Referral,Contact Us,Mobile,India,Returning,9.74,5.8,51.3,1,100
S108548,U15586,2026-02-02,Social Media,FAQ,Desktop,USA,New,4.46,3.2,65.79,0,0
S100755,U14911,2026-02-02,Organic Search,Home,Desktop,India,New,8.51,6.2,53.82,0,0
S100684,U12540,2026-02-02,Social Media,Contact Us,Desktop,USA,New,13.19,7.2,36.27,0,0
S106368,U11790,2026-02-02,Paid Search,Product Details,Mobile,India,New,1.44,1.2,74.32,1,100
S109216,U11457,2026-02-02,Direct,Products,Desktop,India,Returning,2.4,2.6,58.57,0,0
S105786,U16057,2026-02-02,Social Media,Home,Desktop,Canada,New,4.8,4.5,70.55,1,100
S102188,U12341,2026-02-02,Paid Search,Blog,Mobile,India,New,2.59,2.4,67.96,0,0
S101791,U16472,2026-02-02,Paid Search,Products,Tablet,India,Returning,4.24,4.1,53.69,0,0
S101950,U14027,2026-02-02,Paid Search,Services,Mobile,Canada,Returning,2.34,1.7,69.64,0,0
S101859,U15344,2026-02-02,Organic Search,Home,Mobile,USA,New,3.03,3.6,55.79,0,0
S100462,U13262,2026-02-02,Direct,About Us,Mobile,India,New,3.11,3.6,46.68,0,0
S107355,U13779,2026-02-02,Direct,Products,Mobile,Australia,Returning,1.89,2.5,65.83,0,0
S109585,U11561,2026-02-02,Organic Search,Services,Desktop,Australia,New,5.65,5.5,54.32,0,0
S100185,U11664,2026-02-02,Organic Search,Products,Mobile,USA,New,5.35,5.6,63.12,0,0
S103617,U11793,2026-02-02,Referral,About Us,Desktop,India,New,7.58,4.4,64.35,0,0
S101031,U16372,2026-02-02,Referral,Products,Mobile,India,Returning,7.61,4.5,51.36,0,0
S101466,U11388,2026-02-02,Direct,FAQ,Mobile,India,New,2.04,2.3,69.56,0,0
S109651,U13162,2026-02-02,Paid Search,Services,Mobile,India,New,5.32,1.4,71.7,0,0
S103473,U13374,2026-02-02,Paid Search,Blog,Mobile,USA,New,1.56,1.0,72.42,0,0
S108018,U10472,2026-02-02,Direct,Home,Desktop,India,New,10.71,6.5,41.83,0,0
S109707,U12851,2026-02-03,Organic Search,Products,Mobile,India,New,3.44,2.6,58.11,0,0
S100304,U15280,2026-02-03,Direct,Home,Tablet,UK,Returning,3.82,2.3,67.28,0,0
S104660,U13623,2026-02-03,Direct,Pricing,Desktop,Australia,New,4.81,2.8,63.2,0,0
S109151,U10619,2026-02-03,Paid Search,Product Details,Tablet,Canada,New,4.51,3.0,59.85,0,0
S106862,U11870,2026-02-03,Social Media,Products,Tablet,USA,New,4.73,3.9,57.77,0,0
S103223,U11450,2026-02-03,Direct,Home,Tablet,USA,New,4.07,2.7,45.72,0,0
S108877,U10351,2026-02-03,Organic Search,Home,Desktop,India,New,2.48,2.4,60.93,0,0
S108231,U15289,2026-02-03,Direct,Blog,Mobile,India,New,5.01,5.9,42.63,0,0
S109421,U11998,2026-02-03,Organic Search,Blog,Tablet,India,New,4.15,2.6,52.08,0,0
S100637,U12915,2026-02-03,Direct,Home,Desktop,India,New,3.41,3.0,58.67,0,0
S103801,U15500,2026-02-03,Paid Search,Checkout,Desktop,UK,Returning,6.16,4.5,52.39,0,0
S102688,U12531,2026-02-03,Organic Search,Checkout,Desktop,India,Returning,3.61,2.7,66.93,0,0
S100803,U15025,2026-02-03,Organic Search,FAQ,Mobile,India,New,1.58,2.4,74.23,0,0
S103608,U10579,2026-02-03,Referral,Checkout,Desktop,India,New,6.9,4.7,56.29,0,0
S104159,U12189,2026-02-03,Direct,Product Details,Desktop,India,New,19.55,12.1,10.0,0,0
S103994,U12491,2026-02-03,Referral,Blog,Tablet,India,New,0.92,1.9,77.69,0,0
S108062,U13519,2026-02-03,Direct,FAQ,Tablet,UK,Returning,4.09,4.2,69.51,1,100
S100751,U13628,2026-02-03,Paid Search,Home,Mobile,India,New,2.44,2.4,82.58,0,0
S108023,U15134,2026-02-03,Organic Search,About Us,Tablet,India,Returning,3.81,2.4,72.79,0,0
S107761,U12127,2026-02-03,Referral,About Us,Mobile,USA,Returning,3.86,4.1,47.49,0,0
S100369,U13355,2026-02-03,Paid Search,Home,Mobile,India,Returning,5.24,2.7,60.19,0,0
S109289,U10471,2026-02-03,Referral,Checkout,Mobile,USA,Returning,6.67,5.3,51.68,0,0
S107215,U12598,2026-02-03,Direct,Home,Desktop,India,Returning,2.16,1.8,76.96,0,0
S100570,U16304,2026-02-03,Direct,Pricing,Mobile,Australia,New,10.11,6.5,39.32,0,0
S107848,U11365,2026-02-03,Paid Search,Pricing,Desktop,India,Returning,3.38,3.4,61.76,0,0
S101276,U15960,2026-02-03,Referral,Home,Desktop,Australia,New,12.6,8.3,38.06,0,0
S109519,U12854,2026-02-03,Paid Search,About Us,Desktop,India,New,7.04,5.5,42.79,0,0
S100269,U11987,2026-02-03,Social Media,Products,Mobile,USA,Returning,13.47,10.8,26.02,0,0
S109588,U12976,2026-02-03,Referral,Product Details,Desktop,India,New,6.38,5.3,42.43,0,0
S100064,U15487,2026-02-03,Direct,Contact Us,Mobile,Canada,New,3.5,4.6,72.22,0,0
S103288,U11855,2026-02-03,Social Media,Services,Tablet,USA,New,3.1,3.1,52.92,0,0
S106839,U11212,2026-02-03,Direct,About Us,Tablet,USA,New,10.43,6.6,49.22,0,0
S102781,U10242,2026-02-03,Direct,Home,Mobile,India,New,0.3,1.0,75.11,0,0
S103957,U14678,2026-02-03,Organic Search,Contact Us,Tablet,India,New,8.48,6.9,38.13,0,0
S106129,U13581,2026-02-03,Paid Search,Home,Mobile,UK,New,6.22,5.6,60.14,0,0
S100358,U10955,2026-02-03,Referral,Product Details,Desktop,India,New,8.06,5.9,52.11,0,0
S103986,U11864,2026-02-03,Direct,Products,Tablet,USA,New,6.72,3.9,61.22,0,0
S105258,U12764,2026-02-03,Direct,About Us,Desktop,India,New,3.62,2.9,53.2,0,0
S105492,U12259,2026-02-03,Direct,FAQ,Mobile,USA,New,2.65,2.6,66.43,0,0
S103441,U10724,2026-02-03,Direct,Products,Tablet,India,New,4.63,3.5,61.99,0,0
S106364,U14671,2026-02-03,Direct,Products,Desktop,India,New,5.46,5.3,43.75,1,100
S102564,U11736,2026-02-03,Referral,FAQ,Desktop,Canada,New,8.36,3.8,57.52,0,0
S108776,U13958,2026-02-03,Referral,Product Details,Mobile,India,New,4.44,4.4,61.98,0,0
S104767,U13408,2026-02-03,Organic Search,About Us,Mobile,USA,Returning,7.31,4.5,46.37,0,0
S109938,U11306,2026-02-03,Organic Search,Products,Mobile,India,New,3.27,2.9,53.7,0,0
S107382,U12353,2026-02-03,Organic Search,Products,Desktop,India,Returning,7.71,5.4,39.25,0,0
S107508,U10546,2026-02-03,Paid Search,Product Details,Mobile,India,Returning,3.44,4.4,60.71,0,0
S105164,U14508,2026-02-03,Referral,Contact Us,Tablet,India,New,3.21,4.3,50.79,0,0
S106938,U10891,2026-02-03,Organic Search,Product Details,Mobile,USA,New,4.69,5.0,58.77,0,0
S109105,U11099,2026-02-03,Direct,Home,Desktop,India,New,2.11,1.4,86.25,0,0
S105417,U13760,2026-02-03,Paid Search,About Us,Desktop,India,New,7.88,6.8,50.12,0,0
S105375,U13878,2026-02-03,Organic Search,Home,Mobile,India,Returning,9.55,7.6,56.1,0,0
S106962,U14275,2026-02-03,Organic Search,Blog,Mobile,India,New,4.05,2.2,71.63,0,0
S106011,U14980,2026-02-03,Organic Search,Product Details,Desktop,India,New,2.81,2.6,70.34,0,0
S108750,U14091,2026-02-03,Organic Search,Product Details,Desktop,India,Returning,6.13,6.6,40.38,0,0
S103895,U12990,2026-02-03,Paid Search,Home,Desktop,India,New,4.55,3.5,69.47,0,0
S108968,U15818,2026-02-03,Paid Search,Services,Mobile,USA,New,11.24,6.6,47.97,0,0
S103349,U10283,2026-02-03,Direct,Home,Mobile,India,New,7.02,5.9,42.37,0,0
S105014,U10490,2026-02-03,Paid Search,Pricing,Mobile,India,New,2.33,2.9,68.66,0,0
S102761,U13030,2026-02-03,Organic Search,Products,Mobile,India,New,1.24,2.8,56.05,0,0
S105859,U13073,2026-02-04,Organic Search,Product Details,Desktop,India,New,5.3,3.5,59.93,0,0
S109755,U10338,2026-02-04,Organic Search,Blog,Desktop,India,Returning,8.3,5.8,59.72,0,0
S104899,U14196,2026-02-04,Direct,Checkout,Mobile,India,New,1.86,2.6,53.8,1,100
S102817,U10017,2026-02-04,Paid Search,Services,Desktop,India,New,3.67,4.7,58.71,0,0
S107200,U16487,2026-02-04,Direct,Home,Desktop,India,New,6.77,5.3,43.31,0,0
S103360,U13691,2026-02-04,Direct,Contact Us,Mobile,India,Returning,2.31,1.9,69.7,0,0
S102752,U14220,2026-02-04,Social Media,Products,Desktop,India,New,0.96,2.3,66.11,0,0
S100349,U16016,2026-02-04,Organic Search,Pricing,Desktop,UK,Returning,3.34,2.5,61.18,1,100
S108076,U14556,2026-02-04,Referral,Product Details,Mobile,USA,New,4.44,3.4,50.74,0,0
S100110,U12569,2026-02-04,Referral,About Us,Desktop,Australia,New,1.69,2.2,56.89,0,0
S104839,U12762,2026-02-04,Direct,Contact Us,Desktop,UK,New,4.49,2.8,67.75,0,0
S104664,U14309,2026-02-04,Organic Search,Home,Mobile,India,Returning,5.51,3.3,62.27,1,100
S107140,U11020,2026-02-04,Paid Search,Blog,Desktop,USA,New,2.42,1.5,64.36,0,0
S103060,U11081,2026-02-04,Paid Search,Home,Mobile,UK,New,3.31,1.5,66.17,0,0
S105890,U13925,2026-02-04,Social Media,About Us,Desktop,India,Returning,5.96,4.9,43.45,0,0
S109127,U14372,2026-02-04,Organic Search,Home,Mobile,USA,Returning,2.37,1.2,82.89,0,0
S104209,U14969,2026-02-04,Direct,Products,Mobile,Australia,New,12.27,6.2,43.94,0,0
S101689,U11263,2026-02-04,Referral,Home,Mobile,Canada,New,3.98,3.8,60.32,0,0
S107568,U12375,2026-02-04,Organic Search,Blog,Desktop,India,New,4.52,2.1,78.95,0,0
S101271,U13532,2026-02-04,Referral,Contact Us,Desktop,India,New,9.17,7.8,30.77,1,100
S102784,U14269,2026-02-04,Social Media,Product Details,Tablet,India,New,4.63,5.4,52.0,0,0
S102235,U15896,2026-02-04,Organic Search,Products,Mobile,India,Returning,10.64,8.3,37.36,0,0
S105303,U13576,2026-02-04,Organic Search,Products,Mobile,USA,Returning,8.01,6.8,38.1,0,0
S103509,U11968,2026-02-04,Paid Search,Home,Mobile,India,New,3.52,3.0,79.42,0,0
S105595,U15193,2026-02-04,Paid Search,About Us,Desktop,India,New,5.88,5.0,56.19,0,0
S100687,U11543,2026-02-04,Organic Search,Product Details,Desktop,India,New,0.48,1.0,66.06,0,0
S106493,U10306,2026-02-04,Paid Search,Pricing,Mobile,India,New,3.08,4.5,59.76,0,0
S103396,U10265,2026-02-04,Direct,Products,Desktop,UK,Returning,5.32,4.8,62.41,0,0
S100937,U10900,2026-02-04,Organic Search,Home,Desktop,India,Returning,4.8,4.9,64.37,0,0
S108311,U15893,2026-02-04,Direct,Blog,Mobile,Canada,New,2.7,3.7,68.25,0,0
S102528,U13907,2026-02-04,Social Media,Products,Desktop,UK,Returning,3.68,5.6,50.53,0,0
S105560,U15214,2026-02-04,Organic Search,Product Details,Desktop,India,New,14.39,9.3,15.14,0,0
S108753,U11391,2026-02-04,Direct,Home,Mobile,USA,New,3.95,4.4,60.34,0,0
S102258,U10957,2026-02-04,Paid Search,Services,Tablet,India,Returning,3.04,4.5,53.78,0,0
S107222,U14867,2026-02-04,Social Media,Product Details,Mobile,India,New,1.22,1.0,78.47,0,0
S106650,U12339,2026-02-04,Direct,Home,Mobile,India,New,15.92,9.7,32.74,0,0
S104247,U13605,2026-02-04,Organic Search,Checkout,Desktop,India,New,3.58,4.2,64.4,1,100
S102328,U13073,2026-02-04,Organic Search,Home,Desktop,India,Returning,5.71,4.7,43.18,0,0
S101572,U14121,2026-02-04,Referral,Services,Desktop,India,New,5.37,3.0,79.19,0,0
S105684,U13319,2026-02-05,Direct,Pricing,Tablet,India,Returning,6.09,5.0,51.52,1,100
S102045,U16048,2026-02-05,Direct,Home,Mobile,USA,New,6.27,3.5,58.03,0,0
S101054,U11734,2026-02-05,Paid Search,Contact Us,Mobile,USA,New,11.22,8.0,37.95,0,0
S105598,U11829,2026-02-05,Referral,Home,Mobile,India,Returning,7.68,5.3,56.98,0,0
S105964,U13359,2026-02-05,Organic Search,Product Details,Desktop,USA,New,13.02,7.0,41.01,0,0
S103478,U13939,2026-02-05,Social Media,Blog,Desktop,India,New,10.08,5.5,30.6,1,100
S100726,U14749,2026-02-05,Organic Search,Checkout,Desktop,India,New,2.05,3.4,52.69,0,0
S105756,U10220,2026-02-05,Paid Search,Services,Desktop,India,Returning,9.52,5.3,35.83,0,0
S108757,U10227,2026-02-05,Social Media,FAQ,Desktop,USA,Returning,4.16,4.6,72.72,1,100
S104328,U15179,2026-02-05,Paid Search,Home,Tablet,India,New,4.69,3.7,58.62,0,0
S106872,U14517,2026-02-05,Organic Search,Blog,Mobile,India,Returning,2.57,1.1,69.65,0,0
S109058,U12252,2026-02-05,Paid Search,Contact Us,Desktop,USA,Returning,7.51,5.3,60.78,1,100
S105339,U10490,2026-02-05,Social Media,Services,Desktop,India,New,3.81,1.9,51.54,0,0
S106668,U14662,2026-02-05,Referral,Services,Desktop,Australia,New,7.44,5.8,39.42,0,0
S102374,U13987,2026-02-05,Direct,Blog,Desktop,USA,New,7.02,4.6,53.77,0,0
S109059,U14758,2026-02-05,Referral,Home,Mobile,India,Returning,2.41,2.6,66.94,0,0
S107517,U15597,2026-02-05,Paid Search,Home,Tablet,USA,New,9.55,6.3,39.86,1,100
S104311,U13710,2026-02-05,Direct,Contact Us,Mobile,Canada,Returning,3.82,2.7,54.91,0,0
S108818,U13407,2026-02-05,Direct,Product Details,Mobile,Australia,Returning,5.4,4.3,59.32,0,0
S108329,U10573,2026-02-05,Paid Search,Home,Desktop,Australia,New,4.61,3.9,42.56,1,100
S106217,U11002,2026-02-05,Paid Search,Home,Mobile,UK,Returning,5.11,3.3,77.63,0,0
S104188,U11630,2026-02-05,Social Media,Pricing,Mobile,India,Returning,2.23,2.7,71.77,0,0
S100514,U13673,2026-02-05,Social Media,Products,Desktop,UK,New,5.99,3.7,60.0,0,0
S109682,U14422,2026-02-05,Direct,FAQ,Desktop,UK,New,9.83,7.1,37.9,0,0
S109688,U10842,2026-02-05,Organic Search,Blog,Mobile,India,New,3.53,3.2,67.12,0,0
S101454,U11556,2026-02-05,Referral,Blog,Desktop,India,New,7.3,5.6,58.93,0,0
S107436,U14804,2026-02-05,Organic Search,Products,Desktop,India,New,5.1,5.6,31.5,0,0
S108585,U16415,2026-02-05,Organic Search,About Us,Mobile,India,New,2.51,1.2,68.81,0,0
S108866,U11583,2026-02-05,Referral,FAQ,Desktop,Australia,Returning,0.45,1.2,64.11,0,0
S107587,U15584,2026-02-05,Paid Search,Home,Mobile,India,New,7.24,6.5,43.37,0,0
S100134,U12455,2026-02-05,Referral,Home,Tablet,India,Returning,3.7,4.7,57.87,0,0
S108525,U15617,2026-02-05,Organic Search,Home,Mobile,India,New,4.97,3.5,53.94,0,0
S102582,U10662,2026-02-05,Paid Search,Pricing,Mobile,India,New,1.79,1.7,82.2,0,0
S105929,U16321,2026-02-05,Organic Search,Blog,Mobile,USA,New,4.41,5.2,51.19,0,0
S102583,U13884,2026-02-05,Paid Search,FAQ,Desktop,India,Returning,6.2,5.5,55.2,0,0
S101555,U11763,2026-02-05,Paid Search,Products,Mobile,India,New,4.95,3.6,56.12,0,0
S106187,U16142,2026-02-05,Referral,Services,Mobile,India,New,6.45,3.9,47.46,0,0
S107920,U14244,2026-02-05,Organic Search,Home,Desktop,India,New,1.15,3.2,63.29,0,0
S109326,U12764,2026-02-05,Organic Search,About Us,Mobile,India,Returning,2.81,4.0,66.52,0,0
S104570,U14648,2026-02-05,Direct,Checkout,Mobile,India,Returning,1.15,3.4,71.46,0,0
S108769,U12741,2026-02-05,Referral,Contact Us,Desktop,India,Returning,4.13,2.9,69.72,0,0
S103231,U12362,2026-02-05,Paid Search,Contact Us,Desktop,USA,New,5.75,5.2,41.48,0,0
S100590,U14108,2026-02-05,Organic Search,Services,Mobile,UK,New,2.57,3.9,67.16,0,0
S107471,U15807,2026-02-05,Direct,About Us,Desktop,Australia,New,6.69,2.7,60.64,0,0
S104861,U13276,2026-02-05,Organic Search,Services,Desktop,India,New,11.87,8.2,41.14,0,0
S100521,U11471,2026-02-05,Referral,FAQ,Tablet,Canada,New,3.65,2.9,43.15,0,0
S106331,U16265,2026-02-05,Organic Search,FAQ,Desktop,Canada,New,4.23,4.9,55.21,0,0
S104554,U14805,2026-02-05,Organic Search,Pricing,Desktop,India,New,3.87,3.8,58.92,0,0
S107122,U10699,2026-02-05,Direct,Product Details,Mobile,India,Returning,2.25,2.2,66.84,1,100
S106560,U15555,2026-02-05,Referral,Products,Mobile,USA,New,7.57,3.3,60.53,0,0
S104940,U11819,2026-02-05,Paid Search,Pricing,Mobile,Australia,Returning,5.16,3.7,66.68,0,0
S108318,U11014,2026-02-05,Direct,Product Details,Mobile,India,New,6.53,3.5,52.55,0,0
S104346,U13717,2026-02-06,Organic Search,Contact Us,Tablet,India,New,19.08,12.0,27.82,0,0
S100662,U14981,2026-02-06,Organic Search,Services,Desktop,India,New,8.27,8.0,42.81,0,0
S103671,U13643,2026-02-06,Referral,Services,Tablet,USA,Returning,21.05,13.8,10.52,1,100
S109450,U15171,2026-02-06,Organic Search,Product Details,Mobile,USA,New,3.28,4.5,66.12,0,0
S103200,U15676,2026-02-06,Paid Search,Home,Desktop,India,Returning,1.02,1.0,61.28,0,0
S103776,U11131,2026-02-06,Paid Search,Products,Mobile,Canada,New,5.19,4.2,47.89,0,0
S109884,U15073,2026-02-06,Organic Search,Product Details,Desktop,India,New,4.85,2.7,58.81,0,0
S103214,U13142,2026-02-06,Organic Search,Blog,Desktop,India,New,8.25,6.0,54.49,0,0
S100496,U15178,2026-02-06,Organic Search,Blog,Mobile,Australia,New,6.63,4.7,48.67,0,0
S104123,U13703,2026-02-06,Paid Search,Checkout,Mobile,USA,New,7.98,4.0,55.72,1,100
S107774,U11927,2026-02-06,Referral,Home,Desktop,India,New,2.28,1.9,73.31,0,0
S102429,U14885,2026-02-06,Organic Search,Products,Desktop,India,New,4.0,2.4,58.92,0,0
S101569,U10939,2026-02-06,Organic Search,Product Details,Desktop,India,New,1.79,1.3,72.88,0,0
S104255,U11674,2026-02-06,Referral,About Us,Desktop,India,New,2.87,3.1,54.41,0,0
S102744,U15672,2026-02-06,Referral,Pricing,Desktop,UK,Returning,1.85,2.3,74.95,0,0
S101513,U16412,2026-02-06,Referral,Product Details,Desktop,India,New,3.01,1.9,61.02,0,0
S103822,U13547,2026-02-06,Organic Search,Home,Desktop,India,New,3.18,3.5,52.47,0,0
S100334,U14434,2026-02-06,Social Media,Services,Desktop,India,New,5.25,4.1,51.72,0,0
S100677,U14730,2026-02-06,Social Media,About Us,Desktop,India,Returning,1.95,3.4,68.57,0,0
S104530,U13163,2026-02-06,Referral,Products,Tablet,India,New,1.39,1.2,68.95,0,0
S100258,U10609,2026-02-06,Paid Search,Blog,Desktop,USA,New,1.74,1.7,72.03,0,0
S100715,U11811,2026-02-06,Organic Search,Home,Desktop,Canada,New,3.59,3.4,56.85,0,0
S109622,U16160,2026-02-06,Social Media,About Us,Tablet,India,New,0.56,1.0,72.21,0,0
S106212,U13848,2026-02-06,Paid Search,Services,Desktop,India,New,3.3,3.7,60.88,0,0
S101228,U12854,2026-02-06,Social Media,Pricing,Mobile,India,New,4.72,4.7,59.32,1,100
S107732,U12549,2026-02-06,Organic Search,Services,Tablet,USA,Returning,8.47,5.1,48.2,0,0
S107730,U10438,2026-02-06,Referral,Blog,Desktop,India,New,2.58,2.8,65.57,0,0
S106169,U14528,2026-02-06,Direct,Blog,Desktop,India,New,4.79,5.8,50.01,0,0
S107539,U10939,2026-02-06,Direct,Services,Desktop,India,Returning,6.65,4.7,59.6,0,0
S107378,U16414,2026-02-06,Organic Search,Home,Desktop,India,Returning,8.12,5.7,50.72,0,0
S105664,U14127,2026-02-06,Organic Search,Products,Tablet,India,New,3.8,2.9,67.26,0,0
S109543,U15058,2026-02-06,Direct,Product Details,Desktop,USA,New,2.93,1.6,72.8,0,0
S105147,U14730,2026-02-06,Social Media,Home,Desktop,India,Returning,4.73,4.3,51.78,0,0
S108222,U15308,2026-02-06,Organic Search,Checkout,Mobile,USA,Returning,6.03,4.0,58.55,0,0
S109071,U13550,2026-02-06,Direct,Pricing,Mobile,India,New,2.37,2.4,63.58,0,0
S101857,U10295,2026-02-06,Referral,Products,Desktop,Australia,Returning,6.58,4.8,62.52,0,0
S103053,U12024,2026-02-06,Paid Search,Product Details,Mobile,India,Returning,5.32,3.5,58.91,0,0
S106523,U14874,2026-02-06,Direct,Services,Mobile,Australia,New,5.4,4.8,49.32,0,0
S109064,U11236,2026-02-06,Referral,Products,Mobile,India,New,7.02,5.4,46.68,0,0
S108948,U15886,2026-02-06,Direct,Services,Tablet,India,New,6.69,4.7,51.29,0,0
S102814,U12673,2026-02-06,Paid Search,About Us,Tablet,India,Returning,4.13,4.1,53.97,0,0
S100178,U14892,2026-02-06,Paid Search,Checkout,Desktop,India,Returning,2.55,1.6,76.74,1,100
S102815,U14201,2026-02-06,Organic Search,Pricing,Mobile,India,New,7.15,4.4,51.68,0,0
S107329,U10572,2026-02-06,Paid Search,Product Details,Desktop,India,Returning,4.98,6.2,49.94,1,100
S102011,U14168,2026-02-06,Paid Search,Products,Desktop,India,Returning,0.97,1.8,73.4,0,0
S100376,U14549,2026-02-06,Paid Search,About Us,Mobile,India,Returning,3.19,3.3,50.24,0,0
S103376,U10670,2026-02-06,Referral,Checkout,Desktop,India,Returning,6.12,4.3,54.83,0,0
S105145,U16379,2026-02-06,Organic Search,Product Details,Desktop,Canada,New,3.6,3.2,64.43,0,0
S107284,U11192,2026-02-06,Referral,About Us,Tablet,UK,New,11.36,7.3,19.23,1,100
S109325,U12858,2026-02-06,Organic Search,Products,Desktop,India,Returning,4.99,4.1,58.16,0,0
S101446,U16036,2026-02-06,Organic Search,About Us,Mobile,USA,New,3.34,5.6,58.11,0,0
S106422,U13499,2026-02-06,Referral,Home,Desktop,India,Returning,4.22,3.2,67.68,0,0
S108446,U10085,2026-02-06,Social Media,Product Details,Desktop,India,Returning,2.93,3.5,59.59,0,0
S100794,U12746,2026-02-06,Referral,Product Details,Desktop,Canada,New,2.43,1.0,78.31,0,0
S102884,U13840,2026-02-06,Organic Search,Home,Desktop,USA,Returning,3.54,2.9,74.92,0,0
S101695,U14485,2026-02-06,Paid Search,Services,Tablet,India,New,6.34,4.5,59.09,0,0
S105341,U15877,2026-02-06,Organic Search,Checkout,Desktop,India,Returning,3.87,4.9,58.43,1,100
S106430,U15487,2026-02-06,Referral,Services,Desktop,India,Returning,2.52,1.6,71.89,1,100
S105940,U11518,2026-02-07,Paid Search,About Us,Mobile,Canada,Returning,2.39,2.7,61.58,0,0
S106590,U16350,2026-02-07,Direct,Contact Us,Tablet,India,New,12.58,7.6,33.8,0,0
S101933,U11099,2026-02-07,Organic Search,Home,Desktop,Australia,New,2.83,4.8,57.9,0,0
S105365,U13802,2026-02-07,Direct,Home,Mobile,USA,Returning,5.68,4.3,61.81,1,100
S105944,U11379,2026-02-07,Direct,Contact Us,Mobile,India,Returning,2.69,3.9,71.16,0,0
S105912,U14200,2026-02-07,Referral,Product Details,Mobile,India,New,2.67,1.9,71.79,0,0
S108423,U15237,2026-02-07,Organic Search,Products,Desktop,India,New,3.76,2.9,54.29,0,0
S101467,U15400,2026-02-07,Social Media,Services,Tablet,Canada,New,5.18,4.2,50.44,0,0
S109875,U10407,2026-02-07,Paid Search,Pricing,Mobile,USA,New,7.53,6.0,50.13,0,0
S101352,U14244,2026-02-07,Organic Search,Services,Desktop,India,New,4.83,2.9,63.9,1,100
S101924,U14834,2026-02-07,Paid Search,Products,Desktop,UK,New,19.07,10.3,10.0,0,0
S108203,U11274,2026-02-07,Organic Search,Product Details,Mobile,UK,New,2.74,3.2,69.35,0,0
S109965,U14346,2026-02-07,Paid Search,Products,Mobile,Australia,Returning,7.27,7.6,36.11,0,0
S108498,U11408,2026-02-07,Direct,Product Details,Mobile,Australia,Returning,4.06,3.6,67.9,0,0
S105552,U14876,2026-02-07,Organic Search,Blog,Mobile,USA,New,3.11,2.1,70.71,0,0
S109475,U15695,2026-02-07,Organic Search,Home,Desktop,India,New,3.82,3.4,62.16,0,0
S100058,U10242,2026-02-07,Direct,Home,Desktop,India,New,0.89,1.5,65.56,0,0
S100206,U14780,2026-02-07,Organic Search,Checkout,Desktop,India,Returning,8.49,5.3,55.45,0,0
S104973,U15120,2026-02-07,Direct,About Us,Mobile,India,New,12.52,7.5,32.06,0,0
S108969,U13902,2026-02-07,Referral,Blog,Mobile,USA,New,1.72,1.1,77.08,0,0
S109858,U10243,2026-02-07,Direct,Home,Mobile,India,New,3.76,2.2,67.1,0,0
S107657,U15085,2026-02-07,Direct,Home,Desktop,India,New,4.45,2.4,58.83,0,0
S108373,U12430,2026-02-07,Referral,FAQ,Desktop,India,New,10.09,7.9,46.64,0,0
S109823,U14491,2026-02-07,Direct,FAQ,Desktop,India,New,1.69,3.5,54.67,0,0
S104424,U11606,2026-02-07,Paid Search,Product Details,Mobile,India,New,3.12,4.0,49.64,0,0
S101209,U10478,2026-02-07,Organic Search,Blog,Mobile,India,Returning,2.29,2.8,64.97,0,0
S104626,U15735,2026-02-07,Organic Search,Home,Mobile,Canada,New,3.06,1.9,63.23,0,0
S108787,U12165,2026-02-07,Paid Search,Pricing,Mobile,UK,Returning,3.06,3.9,73.73,1,100
S108522,U15318,2026-02-07,Organic Search,Products,Desktop,India,New,7.96,6.6,48.54,0,0
S103793,U13244,2026-02-07,Organic Search,FAQ,Tablet,Australia,New,6.9,5.7,51.9,0,0
S102904,U10652,2026-02-07,Direct,Checkout,Desktop,India,New,1.84,1.3,62.82,0,0
S109870,U13084,2026-02-07,Paid Search,Product Details,Desktop,Canada,New,5.6,5.0,70.02,1,100
S102351,U13682,2026-02-07,Paid Search,About Us,Desktop,India,New,4.48,4.1,56.08,0,0
S105586,U10955,2026-02-07,Organic Search,FAQ,Desktop,Australia,New,3.16,3.4,67.68,1,100
S101783,U15583,2026-02-07,Paid Search,Products,Desktop,India,Returning,2.81,3.0,54.28,0,0
S106096,U12159,2026-02-07,Paid Search,Home,Mobile,Canada,Returning,4.36,2.8,77.71,0,0
S107149,U11463,2026-02-07,Direct,Blog,Mobile,Australia,New,11.45,6.6,35.64,0,0
S105392,U10975,2026-02-07,Direct,Home,Desktop,India,New,3.12,1.7,64.4,0,0
S105853,U14513,2026-02-07,Social Media,Blog,Tablet,Canada,Returning,4.97,3.2,63.68,0,0
S105863,U15218,2026-02-07,Referral,Pricing,Desktop,Canada,New,3.07,4.2,64.98,0,0
S102410,U10944,2026-02-07,Referral,Services,Desktop,India,New,3.24,1.4,71.86,1,100
S108425,U10546,2026-02-07,Organic Search,Home,Desktop,USA,Returning,0.35,2.7,63.34,0,0
S104269,U12159,2026-02-07,Organic Search,Pricing,Mobile,India,Returning,7.28,7.5,57.14,0,0
S100904,U11359,2026-02-07,Paid Search,Product Details,Mobile,Australia,Returning,3.17,1.8,75.08,0,0
S104347,U11848,2026-02-07,Referral,Home,Desktop,USA,New,3.82,3.0,59.5,0,0
S106515,U12230,2026-02-07,Referral,FAQ,Tablet,India,Returning,6.4,5.5,41.41,0,0
S101096,U11142,2026-02-07,Organic Search,About Us,Desktop,India,New,6.71,2.5,54.78,0,0
S105641,U10192,2026-02-07,Organic Search,Services,Desktop,India,Returning,10.03,4.7,32.27,0,0
S106093,U10278,2026-02-07,Organic Search,Checkout,Mobile,Australia,Returning,5.65,3.1,56.44,0,0
S103232,U16165,2026-02-07,Referral,Pricing,Tablet,India,Returning,5.4,3.8,43.55,0,0
S104305,U10033,2026-02-07,Direct,Services,Desktop,Australia,New,7.83,6.2,46.28,0,0
S102092,U10208,2026-02-07,Paid Search,Product Details,Mobile,India,New,3.05,2.7,67.58,0,0
S106149,U14850,2026-02-07,Organic Search,About Us,Desktop,India,New,8.94,6.2,36.04,0,0
S102130,U15834,2026-02-07,Paid Search,Services,Desktop,India,New,8.22,4.5,49.66,0,0
S107274,U10274,2026-02-07,Social Media,Blog,Desktop,India,New,6.34,3.1,61.11,0,0
S107098,U13183,2026-02-07,Referral,Services,Mobile,India,Returning,9.42,6.1,52.79,0,0
S106138,U15078,2026-02-07,Social Media,Product Details,Mobile,UK,New,0.97,1.2,73.63,0,0
S101374,U10286,2026-02-07,Paid Search,Pricing,Mobile,India,Returning,3.18,2.4,68.33,0,0
S103631,U14537,2026-02-07,Referral,Home,Mobile,Canada,Returning,2.61,3.4,51.02,0,0
S103056,U16346,2026-02-07,Referral,Home,Desktop,UK,New,13.05,6.6,48.66,0,0
S101715,U11829,2026-02-07,Paid Search,Home,Desktop,Australia,New,13.02,9.0,26.65,1,100
S105867,U11807,2026-02-07,Paid Search,Services,Mobile,India,New,2.14,1.5,61.29,0,0
S109122,U15097,2026-02-07,Organic Search,Product Details,Mobile,India,New,7.52,4.9,48.53,0,0
S106173,U15437,2026-02-07,Referral,Pricing,Mobile,India,New,1.01,1.1,67.48,0,0
S106084,U13807,2026-02-07,Direct,About Us,Desktop,India,Returning,3.43,2.0,60.8,0,0
S107281,U16159,2026-02-07,Referral,Home,Tablet,Canada,Returning,6.0,6.1,54.19,1,100
S105594,U15631,2026-02-08,Direct,Products,Tablet,India,New,5.5,3.9,62.45,1,100
S100257,U16288,2026-02-08,Direct,Pricing,Desktop,Australia,New,3.18,3.9,62.41,0,0
S105589,U10944,2026-02-08,Organic Search,About Us,Mobile,India,New,2.84,2.6,69.49,0,0
S105243,U14995,2026-02-08,Paid Search,FAQ,Tablet,India,New,3.73,2.1,56.24,0,0
S108234,U10655,2026-02-08,Organic Search,Blog,Mobile,India,New,2.12,2.0,60.37,0,0
S105465,U12510,2026-02-08,Organic Search,About Us,Desktop,India,Returning,4.09,3.2,69.49,0,0
S107131,U15731,2026-02-08,Organic Search,Home,Mobile,Canada,Returning,5.48,5.0,48.64,0,0
S100054,U12436,2026-02-08,Organic Search,Home,Desktop,USA,New,2.58,1.5,62.78,0,0
S107398,U13993,2026-02-08,Organic Search,Services,Desktop,USA,New,5.53,2.1,39.78,1,100
S100100,U13994,2026-02-08,Social Media,About Us,Desktop,Canada,Returning,1.77,3.1,51.89,0,0
S100519,U14071,2026-02-08,Direct,Product Details,Mobile,Canada,New,4.97,5.3,37.49,1,100
S109680,U11555,2026-02-08,Organic Search,Product Details,Mobile,India,Returning,10.63,8.2,38.83,0,0
S108763,U16228,2026-02-08,Social Media,Pricing,Mobile,India,New,4.01,4.9,43.31,0,0
S105549,U10375,2026-02-08,Organic Search,Home,Desktop,India,New,0.31,1.6,74.33,0,0
S105504,U12828,2026-02-08,Organic Search,About Us,Desktop,USA,Returning,1.99,3.9,69.91,0,0
S103185,U11366,2026-02-08,Organic Search,About Us,Mobile,India,Returning,3.12,3.7,67.0,0,0
S107323,U14088,2026-02-08,Referral,Home,Tablet,India,New,4.39,2.5,53.07,0,0
S103440,U14385,2026-02-08,Referral,Products,Mobile,Australia,New,0.69,2.1,85.19,0,0
S106816,U15679,2026-02-08,Organic Search,FAQ,Desktop,India,New,4.03,4.7,60.25,0,0
S102546,U14449,2026-02-08,Direct,Services,Tablet,India,Returning,11.12,5.9,45.57,0,0
S103975,U14700,2026-02-08,Paid Search,Home,Desktop,India,New,4.06,4.1,50.92,0,0
S101788,U10984,2026-02-08,Referral,Home,Desktop,Australia,New,2.38,1.7,73.86,0,0
S105512,U11038,2026-02-08,Direct,About Us,Mobile,India,New,2.66,2.7,68.63,0,0
S100322,U14200,2026-02-08,Referral,Checkout,Desktop,India,Returning,6.3,5.0,59.88,0,0
S108338,U14201,2026-02-08,Direct,Products,Tablet,India,New,11.4,7.1,49.85,0,0
S109456,U12680,2026-02-08,Referral,FAQ,Desktop,India,New,7.97,5.1,47.21,0,0
S104438,U16103,2026-02-08,Direct,Services,Desktop,India,New,7.91,5.7,55.01,0,0
S100608,U10826,2026-02-08,Paid Search,Services,Desktop,India,New,5.09,4.7,73.79,0,0
S108722,U14965,2026-02-08,Direct,Products,Desktop,UK,New,5.93,6.1,48.99,0,0
S106798,U12830,2026-02-08,Organic Search,Services,Desktop,USA,New,4.47,1.7,79.11,0,0
S105337,U14954,2026-02-08,Direct,Home,Desktop,India,New,1.92,1.0,62.94,0,0
S107105,U15429,2026-02-08,Organic Search,Home,Mobile,India,Returning,3.92,4.2,62.89,0,0
S102639,U15300,2026-02-08,Organic Search,Blog,Desktop,India,New,6.92,3.9,53.1,0,0
S100968,U15241,2026-02-08,Referral,Services,Desktop,India,New,3.41,3.5,57.19,0,0
S107383,U11168,2026-02-08,Organic Search,Home,Mobile,UK,New,3.92,1.9,62.31,0,0
S104763,U12387,2026-02-08,Paid Search,Home,Tablet,India,New,3.27,3.0,64.36,0,0
S105405,U10769,2026-02-08,Social Media,Contact Us,Tablet,USA,New,4.64,3.2,67.57,0,0
S101225,U11866,2026-02-08,Organic Search,FAQ,Mobile,India,New,5.34,2.8,53.11,0,0
S104612,U12925,2026-02-08,Referral,Pricing,Mobile,UK,Returning,5.39,6.2,42.2,0,0
S104616,U14277,2026-02-08,Referral,Product Details,Mobile,India,New,2.5,2.4,72.2,0,0
S108041,U14612,2026-02-08,Social Media,Home,Mobile,USA,New,4.57,3.9,50.24,0,0
S100741,U10505,2026-02-08,Referral,Products,Desktop,USA,New,2.96,4.4,70.27,0,0
S104855,U13546,2026-02-08,Paid Search,Product Details,Mobile,India,New,6.45,5.2,54.64,0,0
S107565,U12299,2026-02-08,Referral,Home,Mobile,India,New,3.35,1.9,54.44,0,0
S106749,U15697,2026-02-08,Organic Search,Home,Tablet,Australia,New,0.3,2.3,65.33,0,0
S104795,U13251,2026-02-08,Social Media,Blog,Mobile,India,New,3.97,3.4,60.97,0,0
S101956,U14666,2026-02-08,Social Media,Product Details,Mobile,India,New,3.84,4.7,61.7,0,0
S104605,U14074,2026-02-09,Organic Search,Product Details,Mobile,Canada,Returning,10.48,5.9,39.08,1,100
S105921,U14070,2026-02-09,Referral,Services,Mobile,India,Returning,8.23,5.1,51.29,0,0
S102176,U12915,2026-02-09,Direct,Products,Mobile,India,New,1.18,1.7,54.3,0,0
S106729,U15671,2026-02-09,Referral,Home,Mobile,India,Returning,2.55,2.2,57.87,0,0
S102276,U11036,2026-02-09,Direct,Services,Mobile,India,New,1.74,3.8,72.93,0,0
S105852,U15812,2026-02-09,Direct,Home,Desktop,India,New,1.0,2.7,72.61,0,0
S102091,U15204,2026-02-09,Organic Search,Home,Desktop,USA,New,3.55,2.8,64.46,0,0
S103118,U14294,2026-02-09,Organic Search,Pricing,Mobile,India,Returning,4.58,4.0,53.9,0,0
S107664,U12602,2026-02-09,Direct,About Us,Tablet,UK,Returning,1.38,3.3,67.9,0,0
S107956,U11960,2026-02-09,Direct,Blog,Desktop,India,New,9.21,6.3,55.48,0,0
S102039,U15430,2026-02-09,Paid Search,FAQ,Mobile,Canada,New,3.99,2.5,64.2,0,0
S105021,U12913,2026-02-09,Paid Search,Contact Us,Desktop,India,Returning,4.31,2.6,51.28,1,100
S106302,U12416,2026-02-09,Organic Search,Services,Desktop,India,New,3.76,4.0,59.35,0,0
S108204,U13327,2026-02-09,Paid Search,Product Details,Desktop,UK,New,13.18,8.5,35.7,0,0
S107194,U12157,2026-02-09,Organic Search,Blog,Mobile,India,Returning,4.76,4.2,63.28,0,0
S100063,U16236,2026-02-09,Organic Search,Blog,Desktop,Australia,New,2.76,3.0,56.59,0,0
S109399,U13738,2026-02-09,Referral,Pricing,Tablet,Australia,Returning,4.73,2.4,54.29,0,0
S103445,U11090,2026-02-09,Social Media,Products,Desktop,India,New,3.59,2.3,64.93,0,0
S103607,U16220,2026-02-09,Organic Search,Checkout,Mobile,Canada,Returning,4.27,4.7,53.65,1,100
S101372,U14525,2026-02-09,Social Media,Home,Desktop,Australia,New,6.2,4.7,63.99,0,0
S100308,U11683,2026-02-09,Social Media,Pricing,Mobile,Australia,Returning,2.43,1.6,74.14,0,0
S105151,U10115,2026-02-09,Organic Search,Products,Desktop,India,New,6.87,6.3,45.93,0,0
S104832,U16359,2026-02-09,Direct,Contact Us,Mobile,India,New,2.31,1.0,68.55,0,0
S100030,U14844,2026-02-09,Organic Search,Pricing,Desktop,USA,New,11.82,6.7,45.76,0,0
S104683,U12553,2026-02-09,Organic Search,Checkout,Mobile,USA,New,3.54,2.4,61.99,0,0
S107321,U10549,2026-02-09,Direct,About Us,Desktop,India,New,3.56,4.7,61.51,0,0
S106080,U13962,2026-02-09,Organic Search,Blog,Desktop,India,Returning,3.42,2.7,50.59,0,0
S102940,U14067,2026-02-09,Social Media,Product Details,Desktop,USA,New,1.82,3.1,64.74,0,0
S102299,U10892,2026-02-09,Organic Search,FAQ,Desktop,India,New,4.51,3.2,66.07,0,0
S105169,U13361,2026-02-09,Organic Search,Pricing,Tablet,India,New,8.42,4.6,35.22,0,0
S100481,U14870,2026-02-09,Direct,Blog,Desktop,India,New,4.69,2.7,54.38,0,0
S107637,U13270,2026-02-09,Paid Search,About Us,Desktop,Australia,New,6.18,3.3,53.44,0,0
S107712,U15967,2026-02-09,Referral,About Us,Desktop,India,New,14.18,8.8,26.53,0,0
S104742,U16034,2026-02-09,Organic Search,Blog,Mobile,USA,New,2.72,1.8,57.94,0,0
S104908,U16410,2026-02-09,Organic Search,Checkout,Mobile,India,New,8.07,5.2,46.99,1,100
S104127,U14450,2026-02-09,Organic Search,Products,Desktop,India,Returning,5.48,3.9,80.82,0,0
S102087,U10251,2026-02-09,Organic Search,Product Details,Mobile,India,New,7.21,6.3,43.95,0,0
S103806,U12981,2026-02-09,Referral,FAQ,Desktop,India,Returning,12.53,8.8,42.06,0,0
S103797,U10360,2026-02-09,Paid Search,Pricing,Mobile,Canada,New,13.66,7.6,46.86,0,0
S108508,U14735,2026-02-09,Paid Search,Contact Us,Desktop,India,New,1.64,2.8,67.37,0,0
S106366,U12060,2026-02-09,Referral,Product Details,Desktop,India,New,5.05,4.2,50.75,0,0
S108292,U11389,2026-02-09,Referral,Checkout,Mobile,India,New,1.58,2.3,62.42,0,0
S108248,U14996,2026-02-09,Organic Search,Products,Mobile,India,New,5.43,4.5,65.11,0,0
S105464,U13487,2026-02-09,Direct,Home,Desktop,India,New,7.95,6.8,50.01,0,0
S105782,U13909,2026-02-09,Organic Search,Blog,Mobile,India,New,8.11,8.2,50.44,0,0
S106817,U10244,2026-02-10,Referral,Blog,Desktop,India,New,2.79,2.5,65.59,0,0
S101474,U12769,2026-02-10,Direct,Contact Us,Desktop,India,Returning,2.27,1.0,73.73,0,0
S105769,U12054,2026-02-10,Social Media,Checkout,Tablet,UK,New,1.25,1.0,70.02,1,100
S109904,U10556,2026-02-10,Paid Search,Blog,Mobile,Canada,New,8.0,4.5,56.24,0,0
S102981,U12469,2026-02-10,Organic Search,Services,Tablet,India,New,4.72,5.0,65.61,0,0
S101974,U13677,2026-02-10,Organic Search,Products,Desktop,Australia,New,0.85,2.7,70.94,0,0
S106621,U13630,2026-02-10,Referral,Services,Mobile,USA,Returning,9.81,5.3,36.72,0,0
S103756,U16402,2026-02-10,Organic Search,Checkout,Mobile,Canada,New,8.19,6.5,45.44,0,0
S102298,U12794,2026-02-10,Paid Search,Product Details,Mobile,Australia,New,6.39,4.8,38.23,0,0
S102699,U13680,2026-02-10,Organic Search,Checkout,Desktop,India,New,5.07,3.7,61.64,0,0
S109340,U14374,2026-02-10,Referral,Home,Mobile,Australia,Returning,5.22,2.9,69.11,1,100
S102892,U11828,2026-02-10,Organic Search,About Us,Desktop,Australia,New,9.08,7.3,37.48,1,100
S105826,U10887,2026-02-10,Paid Search,Services,Desktop,India,Returning,4.36,4.7,54.31,0,0
S102571,U15250,2026-02-10,Paid Search,Products,Desktop,India,Returning,2.9,1.5,74.78,0,0
S108988,U13374,2026-02-10,Direct,Home,Mobile,India,Returning,3.4,4.4,53.08,0,0
S107333,U11856,2026-02-10,Social Media,Blog,Mobile,UK,New,7.15,3.3,63.65,0,0
S100385,U12206,2026-02-10,Organic Search,Contact Us,Mobile,India,Returning,5.86,6.5,49.87,0,0
S108854,U15957,2026-02-10,Organic Search,Checkout,Desktop,India,New,5.85,5.4,63.89,1,100
S106140,U16050,2026-02-10,Social Media,Home,Desktop,India,Returning,8.62,7.0,41.34,1,100
S101713,U12235,2026-02-10,Paid Search,Blog,Mobile,India,New,8.71,6.7,39.91,0,0
S109911,U16039,2026-02-10,Paid Search,FAQ,Mobile,India,New,5.56,4.2,63.85,0,0
S101347,U10967,2026-02-10,Organic Search,Blog,Desktop,Canada,New,2.1,2.0,66.76,0,0
S109188,U16074,2026-02-10,Referral,Blog,Mobile,USA,Returning,9.65,5.8,54.35,0,0
S109615,U13176,2026-02-10,Referral,Checkout,Mobile,India,New,16.51,8.9,38.35,0,0
S106514,U12843,2026-02-10,Paid Search,Products,Mobile,India,New,0.77,1.2,74.19,0,0
S100888,U11253,2026-02-10,Organic Search,Home,Desktop,Australia,New,6.67,5.2,72.25,0,0
S108857,U16325,2026-02-10,Direct,Blog,Desktop,India,Returning,2.37,3.7,62.97,0,0
S105276,U10635,2026-02-10,Social Media,Product Details,Desktop,India,New,4.16,3.1,63.81,0,0
S101196,U12152,2026-02-10,Referral,About Us,Desktop,India,New,1.51,1.9,74.8,0,0
S105693,U10777,2026-02-10,Organic Search,Pricing,Mobile,India,New,8.27,5.4,67.35,0,0
S101751,U15140,2026-02-10,Social Media,Products,Desktop,India,Returning,2.3,2.8,70.41,0,0
S100700,U12387,2026-02-10,Direct,Products,Desktop,India,New,4.64,3.0,71.45,0,0
S104225,U12006,2026-02-10,Organic Search,Pricing,Mobile,India,Returning,4.46,3.2,71.66,0,0
S101997,U11876,2026-02-10,Referral,Pricing,Desktop,USA,New,4.57,4.3,55.88,1,100
S105230,U12473,2026-02-10,Referral,Pricing,Mobile,USA,New,9.27,5.8,33.53,0,0
S108930,U10502,2026-02-10,Paid Search,FAQ,Tablet,Canada,New,5.35,2.5,69.96,0,0
S101082,U15726,2026-02-10,Direct,Services,Mobile,India,New,3.84,3.0,71.56,0,0
S105000,U14371,2026-02-10,Direct,Services,Desktop,USA,Returning,3.26,1.8,81.88,0,0
S102458,U16303,2026-02-10,Organic Search,Home,Mobile,India,New,8.57,5.4,50.52,1,100
S108811,U14846,2026-02-10,Social Media,Contact Us,Mobile,Canada,New,8.35,8.5,39.1,1,100
S102441,U11693,2026-02-10,Referral,Products,Desktop,India,New,3.18,3.4,59.4,0,0
S104732,U12157,2026-02-10,Referral,Product Details,Mobile,India,Returning,1.97,3.4,47.56,0,0
S106258,U13723,2026-02-10,Organic Search,Product Details,Mobile,India,Returning,2.9,3.0,55.98,0,0
S103268,U13589,2026-02-10,Direct,Blog,Mobile,Australia,Returning,3.61,3.5,64.05,0,0
S105525,U13415,2026-02-10,Organic Search,Products,Desktop,India,New,8.63,5.2,51.97,0,0
S106551,U10522,2026-02-10,Organic Search,Products,Desktop,USA,New,3.36,2.9,67.47,0,0
S108617,U11790,2026-02-10,Organic Search,Blog,Mobile,USA,New,3.96,5.1,48.29,1,100
S107370,U14480,2026-02-10,Direct,Home,Mobile,India,New,4.96,3.6,63.56,0,0
S101901,U14800,2026-02-10,Paid Search,Product Details,Desktop,India,Returning,1.34,2.4,63.13,0,0
S108510,U10998,2026-02-10,Organic Search,Pricing,Desktop,India,New,1.82,2.9,66.47,0,0
S103007,U15344,2026-02-11,Direct,Product Details,Desktop,India,New,3.78,2.6,61.78,0,0
S104036,U12959,2026-02-11,Referral,Blog,Mobile,India,New,0.7,2.0,60.74,0,0
S106615,U12444,2026-02-11,Direct,Pricing,Mobile,Australia,Returning,19.07,12.4,16.34,1,100
S107847,U11739,2026-02-11,Organic Search,Product Details,Desktop,Australia,Returning,1.84,1.7,75.68,0,0
S107603,U14285,2026-02-11,Paid Search,Products,Desktop,India,New,3.12,2.4,66.97,0,0
S108086,U10478,2026-02-11,Direct,Services,Mobile,Canada,New,3.56,2.4,52.17,0,0
S104352,U13872,2026-02-11,Paid Search,Home,Desktop,India,New,1.67,2.5,72.72,0,0
S107283,U14287,2026-02-11,Organic Search,Product Details,Mobile,USA,Returning,15.9,9.0,32.66,1,100
S102125,U14645,2026-02-11,Referral,Product Details,Mobile,India,Returning,4.81,4.4,53.3,0,0
S104111,U10660,2026-02-11,Organic Search,Pricing,Desktop,USA,Returning,19.22,10.4,30.07,0,0
S100036,U12748,2026-02-11,Organic Search,Blog,Desktop,Australia,Returning,1.89,2.5,63.89,0,0
S107557,U11450,2026-02-11,Direct,Services,Mobile,India,Returning,3.44,2.9,77.21,0,0
S109077,U15056,2026-02-11,Organic Search,Pricing,Mobile,India,Returning,10.49,6.7,38.89,0,0
S108333,U15630,2026-02-11,Organic Search,Home,Desktop,Australia,New,1.45,3.6,62.32,0,0
S109934,U16472,2026-02-11,Direct,Services,Desktop,India,New,6.73,3.0,53.56,0,0
S100777,U13331,2026-02-11,Referral,Services,Desktop,India,Returning,3.5,4.1,64.49,0,0
S104316,U10973,2026-02-11,Direct,Product Details,Mobile,Australia,New,2.19,1.6,70.42,0,0
S102778,U13085,2026-02-11,Organic Search,About Us,Desktop,Canada,New,1.63,1.4,55.71,0,0
S108689,U16083,2026-02-11,Referral,Product Details,Desktop,India,New,2.39,3.0,58.06,0,0
S101801,U13021,2026-02-11,Direct,FAQ,Mobile,UK,New,3.15,3.6,67.61,0,0
S109926,U13309,2026-02-11,Organic Search,Pricing,Tablet,India,Returning,17.3,9.5,40.84,1,100
S106671,U16198,2026-02-11,Organic Search,Pricing,Mobile,USA,New,12.38,7.0,42.96,0,0
S108759,U14538,2026-02-11,Direct,Blog,Mobile,India,New,1.13,2.0,63.51,0,0
S104131,U15087,2026-02-11,Referral,FAQ,Desktop,India,New,5.74,3.5,45.95,0,0
S109221,U16153,2026-02-11,Direct,Home,Tablet,USA,New,2.36,2.7,55.52,1,100
S100691,U16314,2026-02-11,Organic Search,Product Details,Mobile,India,New,11.53,8.3,45.79,0,0
S107000,U14271,2026-02-11,Referral,Products,Desktop,India,New,2.84,2.9,59.44,0,0
S102874,U13424,2026-02-11,Social Media,Pricing,Desktop,USA,New,6.52,6.4,68.52,0,0
S106041,U14441,2026-02-11,Direct,Blog,Tablet,India,Returning,5.8,3.5,71.35,0,0
S109032,U11066,2026-02-11,Direct,Home,Mobile,Canada,New,0.97,2.8,68.79,0,0
S104977,U15486,2026-02-11,Direct,Checkout,Desktop,India,New,10.18,7.5,40.67,0,0
S100617,U13466,2026-02-11,Organic Search,Products,Desktop,India,New,2.26,2.2,83.45,0,0
S102621,U11013,2026-02-11,Organic Search,FAQ,Desktop,India,New,4.72,4.7,34.24,0,0
S100187,U12039,2026-02-11,Organic Search,Blog,Tablet,India,New,4.83,3.6,55.88,0,0
S104420,U11547,2026-02-11,Paid Search,Products,Mobile,India,New,3.89,2.6,69.0,0,0
S105722,U14144,2026-02-11,Paid Search,FAQ,Mobile,Canada,Returning,9.73,7.8,37.96,0,0
S100609,U15746,2026-02-11,Organic Search,Services,Mobile,USA,Returning,10.56,7.6,37.65,0,0
S106695,U16356,2026-02-11,Organic Search,Contact Us,Mobile,India,Returning,3.11,3.8,62.72,0,0
S106401,U14714,2026-02-11,Organic Search,Home,Mobile,India,Returning,4.05,3.7,69.42,1,100
S102272,U15179,2026-02-11,Paid Search,Products,Desktop,India,New,4.43,4.8,63.45,1,100
S109532,U13501,2026-02-11,Organic Search,Pricing,Desktop,India,New,2.39,1.2,84.81,1,100
S104440,U10870,2026-02-11,Organic Search,Products,Mobile,India,Returning,1.43,1.0,74.14,0,0
S103922,U12568,2026-02-11,Organic Search,Services,Mobile,India,New,9.17,7.9,37.47,1,100
S105327,U10220,2026-02-11,Paid Search,Home,Tablet,Canada,New,7.72,6.0,68.32,0,0
S106037,U10192,2026-02-11,Organic Search,Pricing,Mobile,India,New,3.62,4.3,60.86,0,0
S103215,U11423,2026-02-11,Referral,Checkout,Desktop,India,New,5.66,4.7,49.74,0,0
S106451,U13372,2026-02-11,Direct,Pricing,Desktop,India,New,3.79,2.6,59.35,0,0
S102577,U13875,2026-02-11,Organic Search,Home,Desktop,India,Returning,6.68,5.6,57.2,0,0
S100566,U15879,2026-02-11,Direct,Products,Desktop,USA,Returning,5.65,5.0,58.36,0,0
S103247,U10895,2026-02-11,Paid Search,Services,Desktop,India,Returning,5.87,4.5,53.07,0,0
S101830,U10363,2026-02-11,Paid Search,Home,Tablet,India,Returning,2.35,2.2,85.14,0,0
S100846,U12757,2026-02-11,Social Media,Products,Desktop,Australia,New,2.46,3.1,57.13,0,0
S107428,U15179,2026-02-11,Social Media,Product Details,Mobile,India,New,1.94,2.6,62.99,1,100
S103261,U11634,2026-02-12,Paid Search,Product Details,Tablet,India,New,2.26,1.2,73.03,0,0
S101509,U10646,2026-02-12,Paid Search,Blog,Tablet,India,New,1.43,3.9,70.5,0,0
S100167,U11060,2026-02-12,Referral,Product Details,Mobile,India,New,2.7,3.8,70.76,0,0
S101231,U16372,2026-02-12,Organic Search,Pricing,Mobile,India,New,2.87,3.1,64.54,0,0
S107099,U11785,2026-02-12,Organic Search,Home,Desktop,Australia,New,13.37,9.0,46.27,0,0
S109043,U10948,2026-02-12,Organic Search,Blog,Mobile,India,Returning,2.41,1.8,75.28,0,0
S102046,U14338,2026-02-12,Social Media,Home,Mobile,India,New,5.53,3.5,55.82,0,0
S105879,U13304,2026-02-12,Organic Search,Home,Desktop,UK,Returning,2.77,3.7,76.49,0,0
S107555,U15608,2026-02-12,Organic Search,Products,Desktop,India,Returning,8.23,5.4,51.46,0,0
S103272,U13138,2026-02-12,Organic Search,Home,Desktop,USA,Returning,6.92,3.5,76.13,0,0
S101565,U15137,2026-02-12,Paid Search,Products,Mobile,USA,New,10.05,6.1,49.85,0,0
S105401,U16484,2026-02-12,Direct,Blog,Mobile,India,Returning,4.71,4.9,55.24,0,0
S101312,U15033,2026-02-12,Referral,Product Details,Mobile,India,Returning,5.77,3.9,65.91,0,0
S103505,U14366,2026-02-12,Paid Search,Pricing,Desktop,Australia,Returning,8.28,6.2,59.9,0,0
S105920,U16328,2026-02-12,Paid Search,Products,Desktop,India,New,4.36,1.3,75.87,0,0
S100653,U14361,2026-02-12,Organic Search,Services,Mobile,India,New,4.67,5.4,55.81,0,0
S106155,U16157,2026-02-12,Organic Search,Home,Desktop,India,New,2.24,3.0,65.96,0,0
S100603,U10418,2026-02-12,Paid Search,Products,Mobile,USA,New,1.06,2.3,78.94,0,0
S109112,U16459,2026-02-12,Direct,Contact Us,Desktop,India,Returning,8.23,4.6,62.38,0,0
S106972,U13125,2026-02-12,Organic Search,Blog,Mobile,UK,Returning,9.77,6.4,39.8,0,0
S103212,U14001,2026-02-12,Referral,Product Details,Mobile,UK,Returning,1.97,1.7,75.15,0,0
S100537,U15870,2026-02-12,Direct,Product Details,Desktop,India,New,4.24,4.4,65.36,0,0
S106248,U14553,2026-02-12,Paid Search,Checkout,Mobile,India,Returning,4.85,2.9,63.05,0,0
S105619,U12412,2026-02-12,Direct,Contact Us,Mobile,India,Returning,3.65,3.8,57.96,0,0
S109167,U12432,2026-02-12,Referral,Home,Mobile,India,New,6.11,5.5,59.77,0,0
S101398,U16231,2026-02-12,Paid Search,FAQ,Mobile,Canada,Returning,1.07,2.7,70.12,0,0
S107165,U11376,2026-02-12,Direct,FAQ,Mobile,USA,New,2.28,2.5,72.17,0,0
S105945,U15870,2026-02-12,Direct,Checkout,Desktop,USA,Returning,3.14,2.0,60.24,0,0
S102435,U16013,2026-02-12,Referral,About Us,Desktop,Canada,New,2.81,3.3,59.15,0,0
S102261,U12382,2026-02-12,Organic Search,About Us,Tablet,India,New,3.2,2.1,75.02,0,0
S100804,U16133,2026-02-12,Social Media,Checkout,Mobile,India,New,4.89,3.7,52.86,0,0
S106295,U12932,2026-02-12,Referral,Blog,Desktop,India,Returning,5.55,4.4,47.04,0,0
S108241,U13427,2026-02-12,Organic Search,Pricing,Mobile,India,New,3.19,3.4,62.92,0,0
S104447,U10883,2026-02-12,Paid Search,Pricing,Mobile,India,Returning,2.0,2.7,62.23,0,0
S109415,U15905,2026-02-12,Paid Search,Home,Desktop,India,Returning,3.53,2.3,73.55,0,0
S109070,U14845,2026-02-12,Organic Search,Products,Desktop,Canada,New,1.72,1.0,63.84,0,0
S100561,U11349,2026-02-12,Organic Search,About Us,Mobile,Canada,Returning,3.82,2.2,68.98,0,0
S102145,U12072,2026-02-12,Organic Search,Contact Us,Mobile,India,New,5.11,4.5,40.45,1,100
S100832,U14159,2026-02-12,Paid Search,Checkout,Desktop,USA,Returning,2.69,3.6,62.84,0,0
S106196,U14525,2026-02-12,Paid Search,Blog,Desktop,India,New,0.4,1.7,84.81,0,0
S106376,U13029,2026-02-12,Paid Search,Home,Mobile,India,Returning,5.91,3.3,56.27,0,0
S100994,U13288,2026-02-12,Direct,Home,Desktop,Canada,New,4.53,4.1,56.09,0,0
S105610,U15041,2026-02-12,Organic Search,Home,Desktop,India,New,5.54,5.5,47.97,1,100
S100492,U10120,2026-02-12,Paid Search,Product Details,Desktop,India,New,4.99,3.8,62.06,0,0
S104382,U11777,2026-02-12,Social Media,Services,Mobile,USA,Returning,6.15,4.8,49.31,0,0
S109404,U11393,2026-02-12,Direct,Pricing,Tablet,USA,New,3.29,4.3,59.94,0,0
S103429,U15039,2026-02-12,Referral,Checkout,Desktop,UK,New,5.39,5.3,59.84,1,100
S109981,U11139,2026-02-12,Organic Search,Products,Desktop,India,New,6.37,6.7,64.59,1,100
S108775,U16184,2026-02-12,Organic Search,Home,Tablet,India,New,1.93,1.0,74.96,0,0
S105067,U12762,2026-02-12,Organic Search,Product Details,Desktop,Australia,New,4.78,4.8,38.0,0,0
S103619,U14006,2026-02-13,Referral,Home,Desktop,India,New,4.25,3.2,72.14,0,0
S105351,U13592,2026-02-13,Organic Search,Contact Us,Desktop,India,New,1.91,1.1,77.3,0,0
S103474,U16116,2026-02-13,Direct,Blog,Mobile,India,New,1.67,2.8,78.99,0,0
S104987,U13902,2026-02-13,Referral,Product Details,Mobile,USA,Returning,4.23,3.2,61.58,0,0
S101328,U15299,2026-02-13,Organic Search,Home,Mobile,USA,Returning,7.05,7.0,59.09,0,0
S103095,U10868,2026-02-13,Organic Search,Home,Desktop,India,New,6.16,4.3,50.64,0,0
S109339,U14652,2026-02-13,Organic Search,Checkout,Desktop,India,New,3.99,4.1,55.74,0,0
S102238,U10576,2026-02-13,Organic Search,About Us,Mobile,India,Returning,6.46,5.7,45.93,0,0
S103058,U15892,2026-02-13,Direct,Home,Desktop,India,Returning,3.44,4.6,78.95,0,0
S104865,U16242,2026-02-13,Paid Search,Home,Desktop,UK,New,2.09,1.0,63.39,0,0
S104945,U11365,2026-02-13,Paid Search,Checkout,Desktop,USA,Returning,5.36,4.1,62.29,0,0
S109514,U11358,2026-02-13,Direct,Products,Mobile,USA,New,2.68,3.2,63.4,0,0
S109352,U12927,2026-02-13,Organic Search,Pricing,Mobile,India,Returning,10.77,7.4,48.52,0,0
S102210,U12114,2026-02-13,Social Media,Home,Mobile,India,New,9.73,5.9,39.48,0,0
S101245,U11956,2026-02-13,Paid Search,Products,Desktop,India,Returning,6.9,5.6,46.93,0,0
S106441,U13122,2026-02-13,Paid Search,Services,Tablet,India,Returning,3.95,3.0,64.48,0,0
S107882,U10154,2026-02-13,Referral,Product Details,Desktop,India,New,3.03,2.4,63.53,0,0
S106584,U15270,2026-02-13,Social Media,Home,Mobile,Australia,Returning,2.72,3.1,53.51,0,0
S105698,U13443,2026-02-13,Social Media,Products,Desktop,India,New,1.45,1.6,79.23,0,0
S104546,U11914,2026-02-13,Direct,Home,Mobile,India,New,3.87,4.0,67.04,0,0
S103443,U16416,2026-02-13,Organic Search,Pricing,Tablet,India,Returning,6.81,4.6,50.96,0,0
S101729,U15691,2026-02-13,Referral,Contact Us,Mobile,Australia,Returning,4.88,3.7,59.32,1,100
S106171,U11896,2026-02-13,Paid Search,Product Details,Mobile,India,New,6.85,6.0,65.3,0,0
S105913,U11875,2026-02-13,Direct,Products,Desktop,India,New,6.68,3.4,63.38,0,0
S104654,U15531,2026-02-13,Paid Search,Products,Mobile,USA,New,3.69,3.5,63.07,0,0
S107295,U13333,2026-02-13,Paid Search,Checkout,Mobile,India,New,5.2,3.7,61.29,0,0
S103721,U15204,2026-02-13,Referral,Services,Mobile,Australia,New,6.86,4.5,47.98,0,0
S100213,U13305,2026-02-13,Referral,Home,Desktop,India,New,8.57,5.7,49.86,0,0
S102115,U11928,2026-02-13,Paid Search,Home,Desktop,Canada,New,1.29,2.8,54.85,0,0
S100282,U14737,2026-02-13,Referral,Services,Desktop,India,New,2.54,1.8,70.65,0,0
S107746,U12669,2026-02-13,Direct,Home,Desktop,India,New,11.62,5.2,52.73,0,0
S103128,U12172,2026-02-13,Paid Search,Pricing,Mobile,India,New,23.02,13.7,10.0,0,0
S109414,U15084,2026-02-13,Organic Search,Blog,Mobile,UK,New,4.1,2.3,66.86,0,0
S106396,U13983,2026-02-13,Organic Search,Services,Desktop,Australia,New,3.22,1.7,64.23,0,0
S109455,U12179,2026-02-13,Organic Search,Product Details,Desktop,Canada,New,4.07,1.8,52.23,0,0
S103386,U11561,2026-02-13,Paid Search,Product Details,Mobile,India,Returning,5.5,5.0,69.33,0,0
S104314,U10720,2026-02-13,Paid Search,Blog,Desktop,India,New,5.06,5.3,65.81,0,0
S109485,U10356,2026-02-13,Referral,About Us,Desktop,India,Returning,3.58,3.5,67.25,0,0
S101106,U14750,2026-02-13,Referral,Home,Desktop,India,Returning,2.89,2.0,62.16,0,0
S109632,U13244,2026-02-13,Organic Search,Home,Desktop,India,New,11.67,6.1,39.42,0,0
S102422,U13189,2026-02-13,Referral,Contact Us,Mobile,UK,Returning,4.58,4.2,68.08,1,100
S102902,U12197,2026-02-13,Paid Search,Checkout,Desktop,USA,Returning,1.52,2.8,80.14,1,100
S103383,U11595,2026-02-13,Direct,Pricing,Desktop,India,New,6.82,4.0,62.03,0,0
S106912,U13495,2026-02-13,Paid Search,Product Details,Mobile,India,New,6.5,5.4,61.0,0,0
S101669,U14347,2026-02-13,Referral,Products,Mobile,India,Returning,4.86,5.8,57.71,0,0
S104060,U10188,2026-02-13,Organic Search,FAQ,Mobile,India,New,7.15,5.6,52.51,0,0
S109148,U14403,2026-02-13,Direct,Blog,Mobile,India,Returning,6.61,4.5,42.71,0,0
S109857,U15778,2026-02-13,Organic Search,Product Details,Desktop,USA,Returning,7.22,4.4,54.32,0,0
S106300,U12972,2026-02-13,Organic Search,Services,Desktop,India,New,5.76,4.2,68.4,0,0
S104634,U10342,2026-02-13,Organic Search,Blog,Mobile,Canada,New,4.24,3.1,64.05,0,0
S107124,U12963,2026-02-13,Social Media,Pricing,Mobile,India,New,6.14,4.9,64.05,1,100
S105682,U13217,2026-02-13,Direct,Home,Mobile,India,Returning,3.49,4.6,63.22,0,0
S101015,U11977,2026-02-14,Organic Search,Checkout,Desktop,India,New,4.59,2.9,59.39,0,0
S108470,U16239,2026-02-14,Organic Search,Services,Desktop,Canada,Returning,5.54,4.0,65.53,0,0
S103610,U15612,2026-02-14,Social Media,Blog,Desktop,India,New,2.75,2.5,60.27,0,0
S103047,U11930,2026-02-14,Direct,Product Details,Mobile,UK,New,10.35,6.8,38.68,0,0
S103301,U16357,2026-02-14,Organic Search,About Us,Mobile,UK,New,6.64,3.1,55.08,0,0
S103091,U15434,2026-02-14,Organic Search,Pricing,Desktop,India,Returning,3.87,4.1,48.12,0,0
S108306,U16451,2026-02-14,Paid Search,Blog,Mobile,India,New,14.1,9.7,23.91,0,0
S103015,U16446,2026-02-14,Organic Search,About Us,Mobile,India,New,20.51,12.3,10.0,0,0
S106168,U16266,2026-02-14,Direct,Product Details,Mobile,India,New,13.66,8.7,34.99,1,100
S107968,U14995,2026-02-14,Organic Search,FAQ,Mobile,UK,New,3.75,2.5,62.38,0,0
S103302,U16223,2026-02-14,Direct,Blog,Desktop,USA,Returning,6.57,3.2,67.18,0,0
S106670,U14043,2026-02-14,Direct,FAQ,Mobile,India,New,3.33,4.6,62.48,0,0
S103133,U10837,2026-02-14,Organic Search,Blog,Mobile,India,New,3.44,2.9,66.66,0,0
S108344,U13100,2026-02-14,Referral,Home,Mobile,India,New,5.92,4.5,62.6,0,0
S100906,U14638,2026-02-14,Direct,Home,Desktop,USA,Returning,3.03,4.0,60.37,1,100
S108378,U15288,2026-02-14,Organic Search,Product Details,Mobile,USA,Returning,10.36,7.0,36.51,1,100
S102893,U11614,2026-02-14,Organic Search,FAQ,Desktop,USA,Returning,3.44,3.1,59.58,0,0
S103635,U14963,2026-02-14,Paid Search,Product Details,Desktop,India,New,3.36,3.9,68.5,0,0
S108277,U16497,2026-02-14,Organic Search,Pricing,Mobile,India,New,1.96,2.3,59.8,0,0
S109757,U16034,2026-02-14,Paid Search,Product Details,Tablet,USA,New,1.57,1.0,58.43,0,0
S106513,U12538,2026-02-14,Organic Search,Blog,Mobile,Australia,Returning,10.4,7.1,47.14,0,0
S103139,U15891,2026-02-14,Direct,Blog,Desktop,India,New,4.55,3.7,57.01,0,0
S107816,U12495,2026-02-14,Direct,Blog,Tablet,UK,New,3.57,3.8,65.8,0,0
S107658,U13606,2026-02-14,Organic Search,Home,Desktop,UK,Returning,4.16,3.6,60.64,0,0
S102269,U14294,2026-02-14,Direct,Home,Mobile,India,New,12.9,8.2,37.8,0,0
S104507,U15619,2026-02-14,Direct,Services,Desktop,USA,New,7.9,4.6,65.25,0,0
S104578,U12676,2026-02-14,Organic Search,Blog,Mobile,India,Returning,0.95,2.5,81.87,0,0
S105930,U13748,2026-02-14,Paid Search,Products,Desktop,USA,New,5.16,4.2,55.79,0,0
S104593,U14067,2026-02-14,Paid Search,Home,Desktop,India,New,0.54,2.1,65.79,0,0
S104609,U12481,2026-02-14,Direct,About Us,Tablet,UK,New,9.75,7.7,29.34,0,0
S108896,U13118,2026-02-14,Referral,Product Details,Mobile,India,Returning,5.76,4.6,57.6,0,0
S107533,U11046,2026-02-14,Organic Search,Home,Desktop,India,New,0.75,1.0,62.3,0,0
S106980,U10925,2026-02-14,Paid Search,Home,Tablet,India,New,10.03,7.5,49.37,1,100
S104780,U12476,2026-02-14,Referral,Blog,Desktop,USA,Returning,8.41,7.2,38.95,1,100
S104820,U16341,2026-02-14,Organic Search,Blog,Mobile,Canada,New,3.21,4.0,69.9,0,0
S100647,U14493,2026-02-14,Social Media,Contact Us,Mobile,UK,New,5.16,3.5,72.9,0,0
S108990,U11522,2026-02-14,Referral,Home,Desktop,India,New,3.43,2.8,64.7,0,0
S109320,U16270,2026-02-14,Organic Search,Contact Us,Desktop,USA,New,2.83,3.5,60.42,0,0
S101893,U10918,2026-02-14,Paid Search,Pricing,Desktop,India,New,5.7,3.9,55.64,0,0
S105046,U13770,2026-02-14,Direct,Pricing,Tablet,India,New,2.28,3.3,50.76,0,0
S105049,U10135,2026-02-14,Organic Search,Pricing,Mobile,Australia,New,3.31,2.9,55.87,0,0
S105712,U15202,2026-02-14,Organic Search,Home,Tablet,India,New,6.41,4.3,43.03,0,0
S105670,U16336,2026-02-14,Organic Search,Product Details,Mobile,India,New,8.21,5.7,34.57,1,100
S107085,U11142,2026-02-14,Organic Search,Blog,Mobile,India,Returning,1.75,3.9,52.19,0,0
S105241,U14009,2026-02-14,Direct,Home,Mobile,India,New,7.49,5.7,53.49,0,0
S105244,U14235,2026-02-14,Referral,FAQ,Mobile,India,New,2.48,2.5,76.95,1,100
S101659,U14112,2026-02-14,Referral,About Us,Mobile,India,New,4.46,5.1,56.16,0,0
S109154,U16325,2026-02-14,Organic Search,Contact Us,Tablet,USA,Returning,9.36,7.9,33.8,1,100
S107138,U13917,2026-02-14,Paid Search,Blog,Mobile,India,Returning,5.78,2.5,84.22,0,0
S107694,U11552,2026-02-14,Social Media,FAQ,Desktop,India,New,4.26,2.1,69.5,0,0
S107492,U14658,2026-02-14,Organic Search,Contact Us,Mobile,India,Returning,5.06,3.9,57.83,0,0
S100292,U16288,2026-02-14,Referral,FAQ,Desktop,UK,New,3.54,3.4,69.17,0,0
S105402,U10204,2026-02-15,Paid Search,Home,Desktop,UK,Returning,6.81,3.4,51.25,0,0
S104923,U12929,2026-02-15,Paid Search,Blog,Mobile,India,Returning,7.43,5.4,48.27,0,0
S103687,U13404,2026-02-15,Referral,Pricing,Desktop,USA,New,3.21,2.7,73.54,0,0
S105494,U16040,2026-02-15,Social Media,About Us,Mobile,India,New,2.51,1.9,73.72,0,0
S108050,U12245,2026-02-15,Referral,FAQ,Mobile,UK,Returning,5.99,3.0,62.15,0,0
S107102,U15267,2026-02-15,Social Media,FAQ,Tablet,Australia,New,3.07,3.4,61.4,0,0
S101541,U11137,2026-02-15,Paid Search,Contact Us,Mobile,Canada,New,4.18,2.8,82.37,0,0
S109172,U14918,2026-02-15,Organic Search,FAQ,Mobile,USA,Returning,4.75,4.3,58.18,0,0
S101396,U13452,2026-02-15,Direct,Product Details,Mobile,India,Returning,9.98,8.4,26.22,0,0
S106882,U16412,2026-02-15,Direct,FAQ,Desktop,Canada,New,4.34,3.8,55.46,0,0
S102180,U14574,2026-02-15,Social Media,Contact Us,Mobile,USA,New,7.86,7.4,45.45,0,0
S101018,U16230,2026-02-15,Paid Search,Services,Desktop,India,New,3.46,4.3,65.26,0,0
S100250,U10767,2026-02-15,Organic Search,Contact Us,Desktop,Canada,New,6.96,6.2,57.9,0,0
S107220,U12882,2026-02-15,Social Media,Product Details,Mobile,India,New,12.43,9.0,40.83,0,0
S100057,U12062,2026-02-15,Social Media,About Us,Mobile,India,New,4.77,4.7,56.6,0,0
S101547,U14151,2026-02-15,Paid Search,Home,Desktop,India,New,1.36,2.2,71.92,0,0
S100274,U11735,2026-02-15,Direct,Home,Mobile,India,New,3.7,4.0,65.98,0,0
S105130,U15165,2026-02-15,Organic Search,Checkout,Desktop,Australia,New,5.29,4.1,48.03,0,0
S107906,U12350,2026-02-15,Social Media,Services,Mobile,USA,New,2.4,3.2,60.02,0,0
S106443,U13589,2026-02-15,Organic Search,Contact Us,Desktop,India,New,5.78,4.4,64.5,0,0
S100824,U14470,2026-02-15,Organic Search,Services,Tablet,Canada,Returning,8.85,5.4,50.64,0,0
S101570,U11640,2026-02-15,Referral,Blog,Desktop,India,Returning,2.95,2.2,68.69,0,0
S103511,U14179,2026-02-15,Paid Search,Blog,Desktop,Canada,New,3.89,3.0,70.85,0,0
S100049,U10647,2026-02-15,Referral,Checkout,Desktop,India,New,6.58,7.5,40.59,0,0
S103679,U11357,2026-02-15,Referral,Home,Desktop,India,New,3.69,3.1,62.53,0,0
S109985,U12221,2026-02-15,Paid Search,Product Details,Desktop,India,New,2.96,4.7,57.61,0,0
S108305,U10768,2026-02-15,Direct,Products,Mobile,India,New,1.14,1.6,63.65,0,0
S108521,U16103,2026-02-15,Organic Search,About Us,Mobile,India,New,4.25,3.9,64.48,0,0
S107942,U14716,2026-02-15,Paid Search,Services,Mobile,India,New,2.98,1.0,67.68,0,0
S103549,U15896,2026-02-15,Direct,Home,Desktop,India,New,4.73,3.5,71.42,0,0
S106154,U11486,2026-02-15,Referral,Product Details,Desktop,India,New,10.2,7.9,40.68,0,0
S103689,U14552,2026-02-15,Referral,Services,Desktop,India,Returning,2.71,1.4,63.94,0,0
S109947,U13583,2026-02-15,Organic Search,Pricing,Desktop,Canada,New,4.33,3.9,54.05,0,0
S101746,U10054,2026-02-15,Paid Search,Blog,Desktop,USA,Returning,7.34,4.4,51.82,0,0
S103407,U12505,2026-02-15,Paid Search,About Us,Desktop,India,Returning,3.61,2.2,56.05,0,0
S108015,U13339,2026-02-15,Referral,Checkout,Mobile,India,Returning,6.6,2.8,64.25,0,0
S105530,U15302,2026-02-15,Organic Search,FAQ,Desktop,India,New,7.03,6.4,72.15,0,0
S100442,U14132,2026-02-15,Organic Search,Home,Mobile,USA,New,9.18,5.9,42.85,0,0
S108350,U12912,2026-02-15,Referral,Product Details,Desktop,Australia,Returning,5.55,4.8,59.84,0,0
S103972,U16069,2026-02-15,Paid Search,Product Details,Mobile,India,New,14.15,10.2,15.36,1,100
S101034,U16178,2026-02-15,Paid Search,Checkout,Mobile,Canada,New,6.22,5.8,53.59,0,0
S108628,U14690,2026-02-15,Organic Search,Services,Tablet,USA,Returning,1.61,2.7,62.68,0,0
S107146,U13630,2026-02-15,Paid Search,FAQ,Tablet,India,New,6.8,6.6,67.35,0,0
S109546,U12774,2026-02-15,Paid Search,Home,Mobile,India,Returning,2.91,2.9,70.67,0,0
S107644,U10241,2026-02-15,Referral,Products,Desktop,India,New,1.66,2.0,57.67,0,0
S100513,U10560,2026-02-15,Social Media,Services,Desktop,India,New,1.73,1.8,65.6,0,0
S109946,U12524,2026-02-15,Referral,Home,Tablet,India,New,4.32,4.7,54.14,1,100
S106157,U14652,2026-02-15,Paid Search,Blog,Mobile,Australia,Returning,4.43,3.2,71.45,0,0
S100458,U14147,2026-02-15,Organic Search,Product Details,Mobile,India,New,4.58,2.2,70.81,1,100
S108417,U12468,2026-02-15,Direct,Blog,Desktop,Australia,New,3.1,1.0,65.09,0,0
S101514,U15869,2026-02-15,Paid Search,About Us,Desktop,USA,New,4.45,2.7,74.82,0,0
S108254,U11245,2026-02-15,Paid Search,Pricing,Desktop,Canada,New,0.95,1.8,58.13,0,0
S106472,U15954,2026-02-15,Paid Search,Services,Mobile,India,New,3.5,5.5,47.93,0,0
S100087,U10996,2026-02-15,Referral,Products,Mobile,India,New,4.76,6.0,56.78,0,0
S102071,U10635,2026-02-15,Paid Search,Pricing,Mobile,USA,Returning,8.53,6.2,36.28,0,0
S107356,U12746,2026-02-15,Organic Search,Products,Desktop,India,New,5.54,3.9,56.46,0,0
S106014,U13215,2026-02-15,Organic Search,Checkout,Mobile,India,New,3.28,2.6,63.72,0,0
S105358,U12782,2026-02-15,Direct,Products,Tablet,UK,Returning,2.65,2.4,69.57,0,0
S101962,U11856,2026-02-15,Paid Search,Product Details,Desktop,India,New,7.51,5.7,43.01,0,0
S109487,U11527,2026-02-15,Referral,Product Details,Mobile,India,New,1.25,2.9,66.3,0,0
S107289,U13281,2026-02-15,Referral,Checkout,Desktop,India,Returning,8.5,6.8,34.37,1,100
S109274,U16397,2026-02-16,Paid Search,Checkout,Desktop,India,Returning,3.34,4.8,47.72,0,0
S106974,U13515,2026-02-16,Referral,Home,Desktop,India,New,3.3,3.8,52.86,0,0
S106201,U14867,2026-02-16,Organic Search,Home,Desktop,India,New,3.04,2.9,62.73,0,0
S105880,U13114,2026-02-16,Organic Search,Blog,Mobile,India,New,7.96,5.6,57.45,0,0
S109510,U11907,2026-02-16,Direct,Product Details,Desktop,India,New,3.61,2.7,68.63,0,0
S108408,U11999,2026-02-16,Referral,Home,Tablet,Canada,Returning,2.68,1.0,73.17,0,0
S100991,U14570,2026-02-16,Organic Search,Checkout,Mobile,India,New,5.07,5.2,47.43,0,0
S106547,U15544,2026-02-16,Referral,Pricing,Mobile,UK,Returning,2.48,3.7,55.2,0,0
S102153,U11713,2026-02-16,Direct,Home,Mobile,USA,New,7.59,4.5,55.45,0,0
S106247,U10608,2026-02-16,Referral,Blog,Mobile,India,New,1.92,1.9,69.9,0,0
S105597,U12260,2026-02-16,Organic Search,Product Details,Desktop,USA,New,0.97,2.8,77.07,0,0
S109783,U10396,2026-02-16,Paid Search,About Us,Desktop,Australia,Returning,1.67,2.9,55.92,0,0
S105320,U10044,2026-02-16,Organic Search,Product Details,Mobile,India,New,9.16,6.4,24.8,0,0
S104170,U15025,2026-02-16,Paid Search,FAQ,Mobile,India,Returning,11.33,7.2,31.83,0,0
S101822,U11313,2026-02-16,Social Media,Pricing,Mobile,Canada,New,2.97,2.7,44.47,0,0
S103709,U11876,2026-02-16,Organic Search,Pricing,Desktop,India,New,1.08,1.0,78.57,0,0
S104685,U13908,2026-02-16,Paid Search,Blog,Desktop,USA,Returning,5.68,3.7,56.09,0,0
S101633,U13295,2026-02-16,Organic Search,FAQ,Desktop,India,New,7.24,5.9,41.5,0,0
S100548,U15409,2026-02-16,Organic Search,Pricing,Desktop,India,New,1.8,2.4,82.51,0,0
S105266,U12873,2026-02-16,Organic Search,Home,Desktop,USA,New,5.75,5.1,54.16,0,0
S103059,U14284,2026-02-16,Direct,Home,Mobile,India,New,5.13,3.7,58.41,0,0
S109490,U10029,2026-02-16,Referral,Home,Mobile,India,New,1.91,2.9,68.58,0,0
S104065,U12093,2026-02-16,Referral,Services,Desktop,India,New,4.84,2.3,66.04,0,0
S105131,U15521,2026-02-16,Direct,Products,Mobile,USA,New,3.45,4.2,49.15,0,0
S102015,U15440,2026-02-16,Direct,About Us,Desktop,UK,New,2.78,1.2,62.35,0,0
S103552,U15752,2026-02-16,Organic Search,Blog,Desktop,India,New,3.8,3.1,49.75,0,0
S107472,U15566,2026-02-16,Organic Search,Pricing,Desktop,USA,New,15.39,10.0,33.96,0,0
S103574,U13517,2026-02-16,Referral,Services,Mobile,UK,New,10.67,7.3,51.94,0,0
S100875,U13963,2026-02-16,Direct,Products,Desktop,India,Returning,4.2,3.3,57.74,0,0
S104648,U11850,2026-02-16,Referral,Checkout,Tablet,Canada,New,6.15,2.5,71.11,0,0
S103326,U14875,2026-02-16,Organic Search,Pricing,Desktop,India,Returning,2.31,2.0,68.42,0,0
S104545,U16021,2026-02-16,Organic Search,Checkout,Desktop,India,New,4.4,5.4,47.21,1,100
S106780,U15600,2026-02-16,Direct,Checkout,Mobile,UK,New,3.99,4.5,47.42,0,0
S102526,U14359,2026-02-16,Organic Search,Services,Mobile,UK,New,0.48,1.0,67.0,0,0
S101382,U15233,2026-02-16,Organic Search,Pricing,Mobile,USA,Returning,11.9,7.3,33.43,0,0
S107027,U12314,2026-02-16,Paid Search,Services,Mobile,India,New,3.5,2.5,76.54,0,0
S104248,U13324,2026-02-16,Direct,Blog,Mobile,India,New,8.55,6.5,62.71,0,0
S103137,U10138,2026-02-16,Referral,Blog,Desktop,India,New,28.71,15.0,10.0,1,100
S102962,U10662,2026-02-16,Direct,FAQ,Mobile,India,Returning,4.99,6.2,58.35,0,0
S104119,U11229,2026-02-16,Organic Search,Checkout,Mobile,India,New,4.42,5.1,57.95,1,100
S105922,U11052,2026-02-16,Direct,Blog,Tablet,Canada,New,5.87,5.2,52.8,0,0
S109478,U10333,2026-02-16,Paid Search,Blog,Mobile,India,Returning,1.99,1.4,77.33,0,0
S102899,U14286,2026-02-16,Social Media,Services,Mobile,Australia,New,4.1,5.4,46.18,0,0
S109175,U14881,2026-02-16,Paid Search,Home,Desktop,India,Returning,4.61,3.3,64.8,0,0
S109706,U14620,2026-02-16,Social Media,About Us,Mobile,India,New,6.83,3.2,83.83,0,0
S103984,U13120,2026-02-16,Referral,About Us,Desktop,India,Returning,4.79,4.8,57.61,0,0
S100948,U11970,2026-02-16,Referral,Checkout,Mobile,India,New,7.75,5.0,59.67,0,0
S105634,U15416,2026-02-16,Direct,Blog,Desktop,India,Returning,8.78,5.5,62.39,1,100
S107926,U14186,2026-02-16,Organic Search,Pricing,Desktop,India,New,4.35,3.5,44.7,0,0
S103535,U12368,2026-02-16,Paid Search,Services,Desktop,UK,Returning,7.0,5.0,52.44,0,0
S104379,U14782,2026-02-16,Paid Search,Services,Mobile,India,New,2.65,2.7,55.89,0,0
S100315,U11697,2026-02-16,Organic Search,Products,Tablet,India,New,8.81,6.0,47.54,0,0
S100171,U13158,2026-02-16,Referral,Products,Mobile,Canada,Returning,0.82,1.1,77.88,0,0
S104006,U13907,2026-02-16,Paid Search,Home,Mobile,India,New,1.45,1.4,80.02,0,0
S108563,U12244,2026-02-16,Direct,FAQ,Desktop,India,New,1.56,1.2,65.72,0,0
S109989,U15710,2026-02-16,Direct,Pricing,Desktop,UK,New,0.94,1.7,77.0,0,0
S102350,U11348,2026-02-16,Paid Search,Product Details,Mobile,UK,New,3.51,2.6,66.58,0,0
S105436,U13348,2026-02-16,Social Media,Blog,Mobile,India,Returning,1.74,2.6,72.16,0,0
S107561,U12722,2026-02-16,Referral,Blog,Mobile,India,Returning,3.02,3.7,70.6,0,0
S108059,U14733,2026-02-17,Organic Search,Products,Desktop,India,Returning,4.45,4.4,61.18,0,0
S104638,U14940,2026-02-17,Paid Search,Pricing,Mobile,India,New,5.44,4.6,50.62,0,0
S109618,U12264,2026-02-17,Organic Search,Home,Desktop,UK,New,0.42,1.6,61.5,0,0
S106158,U12935,2026-02-17,Direct,Pricing,Tablet,India,New,4.21,3.3,54.2,0,0
S102477,U11301,2026-02-17,Social Media,Products,Mobile,Canada,New,2.47,2.8,61.65,0,0
S108054,U15201,2026-02-17,Organic Search,About Us,Desktop,India,Returning,2.35,2.0,71.38,0,0
S105177,U15098,2026-02-17,Social Media,Products,Desktop,UK,New,1.77,1.2,59.33,1,100
S101370,U12333,2026-02-17,Paid Search,FAQ,Mobile,India,New,5.85,5.6,61.49,0,0
S105179,U11949,2026-02-17,Social Media,FAQ,Desktop,Australia,New,4.78,4.7,51.15,0,0
S107812,U14735,2026-02-17,Referral,Blog,Tablet,Canada,New,2.85,3.3,61.87,0,0
S102955,U10647,2026-02-17,Direct,Checkout,Desktop,India,Returning,7.29,4.8,65.1,0,0
S106323,U11621,2026-02-17,Social Media,Services,Mobile,USA,Returning,1.41,2.8,69.03,0,0
S109817,U10562,2026-02-17,Organic Search,FAQ,Desktop,India,New,4.47,4.8,66.2,0,0
S103377,U14365,2026-02-17,Organic Search,About Us,Mobile,Canada,New,6.93,5.2,49.74,0,0
S104599,U16079,2026-02-17,Organic Search,FAQ,Mobile,India,Returning,2.8,3.1,48.58,0,0
S105219,U15500,2026-02-17,Referral,Product Details,Mobile,India,New,2.39,1.0,64.16,0,0
S100475,U13125,2026-02-17,Organic Search,Home,Desktop,Canada,New,9.74,6.5,36.26,0,0
S104585,U10615,2026-02-17,Organic Search,FAQ,Desktop,India,Returning,2.59,1.0,72.25,0,0
S109376,U13936,2026-02-17,Organic Search,Checkout,Desktop,UK,New,7.55,4.8,46.66,0,0
S105231,U12547,2026-02-17,Organic Search,About Us,Tablet,India,New,3.1,2.9,81.61,0,0
S100951,U15125,2026-02-17,Organic Search,Blog,Mobile,Australia,New,2.33,3.5,61.73,0,0
S100656,U10718,2026-02-17,Direct,Blog,Mobile,India,New,5.42,4.2,71.36,0,0
S102681,U10095,2026-02-17,Social Media,Home,Mobile,Canada,New,4.72,2.9,65.91,0,0
S100792,U14186,2026-02-17,Organic Search,Contact Us,Mobile,India,New,3.16,3.7,50.4,0,0
S103749,U13586,2026-02-17,Referral,FAQ,Mobile,India,New,2.04,2.2,62.85,0,0
S104644,U13241,2026-02-17,Direct,Product Details,Mobile,India,New,7.85,5.8,47.98,0,0
S109905,U14940,2026-02-17,Social Media,Home,Desktop,Australia,Returning,5.53,4.1,56.14,0,0
S108607,U11904,2026-02-17,Organic Search,Blog,Desktop,India,New,3.78,4.9,59.21,1,100
S102584,U15562,2026-02-17,Direct,Home,Mobile,India,Returning,5.6,4.1,59.71,0,0
S109134,U13260,2026-02-17,Social Media,Blog,Mobile,India,Returning,4.15,3.8,58.08,0,0
S105566,U12790,2026-02-17,Organic Search,Home,Tablet,India,New,15.01,10.6,40.63,0,0
S108105,U10920,2026-02-17,Direct,Services,Desktop,India,New,11.16,5.3,65.69,0,0
S109686,U10596,2026-02-17,Direct,Products,Mobile,UK,New,10.84,7.2,38.17,0,0
S105779,U15919,2026-02-17,Organic Search,Products,Mobile,India,New,6.98,5.0,41.38,0,0
S101478,U12574,2026-02-17,Direct,Products,Desktop,India,New,2.01,2.7,62.88,0,0
S100727,U14850,2026-02-17,Organic Search,Checkout,Mobile,Australia,New,9.1,5.6,73.8,0,0
S103533,U10286,2026-02-17,Direct,Home,Mobile,India,New,14.38,10.6,29.27,0,0
S101458,U11280,2026-02-17,Paid Search,Blog,Mobile,India,New,5.22,2.6,69.03,1,100
S104057,U13427,2026-02-17,Direct,Home,Mobile,Australia,New,2.2,3.1,65.02,0,0
S103187,U14999,2026-02-17,Direct,Home,Desktop,Australia,New,8.61,6.9,43.9,0,0
S104309,U12804,2026-02-17,Social Media,Pricing,Mobile,Australia,Returning,6.44,6.5,43.05,0,0
S108751,U12522,2026-02-17,Direct,Blog,Mobile,India,Returning,2.39,2.0,52.95,0,0
S102848,U16187,2026-02-17,Paid Search,Pricing,Tablet,India,New,3.67,3.0,63.97,0,0
S104298,U11698,2026-02-17,Organic Search,Blog,Desktop,USA,New,17.59,10.9,24.07,0,0
S102826,U10242,2026-02-17,Referral,Blog,Mobile,India,Returning,1.73,2.8,62.58,0,0
S104090,U15687,2026-02-17,Direct,Services,Mobile,India,New,1.94,2.6,77.97,0,0
S107022,U13480,2026-02-17,Paid Search,Product Details,Mobile,India,New,6.39,5.5,55.23,0,0
S107849,U12709,2026-02-17,Organic Search,About Us,Desktop,India,Returning,1.18,1.6,87.34,0,0
S104326,U13117,2026-02-17,Organic Search,Blog,Tablet,India,New,2.74,2.8,73.47,0,0
S103960,U11611,2026-02-17,Paid Search,Checkout,Desktop,India,Returning,7.95,6.8,30.85,0,0
S109020,U11997,2026-02-17,Organic Search,Contact Us,Desktop,Australia,New,6.87,7.1,61.18,1,100
S103469,U16371,2026-02-17,Direct,Contact Us,Mobile,India,Returning,5.17,3.5,58.07,0,0
S104534,U12162,2026-02-17,Social Media,Checkout,Mobile,USA,New,2.99,2.5,65.13,0,0
S100963,U15198,2026-02-17,Social Media,Contact Us,Mobile,India,Returning,2.17,1.7,61.44,0,0
S104532,U16468,2026-02-17,Social Media,Product Details,Mobile,India,New,5.18,5.3,67.86,0,0
S108194,U13482,2026-02-17,Social Media,Products,Tablet,Canada,New,0.99,2.0,73.64,0,0
S108430,U13040,2026-02-17,Paid Search,About Us,Desktop,India,New,2.53,2.7,85.59,0,0
S109367,U14263,2026-02-17,Referral,Pricing,Desktop,India,New,5.28,5.5,60.25,0,0
S106977,U13879,2026-02-17,Organic Search,FAQ,Desktop,Canada,New,6.67,4.3,55.0,1,100
S104673,U16176,2026-02-17,Direct,Home,Desktop,Australia,New,1.33,2.0,66.0,0,0
S104499,U13948,2026-02-17,Referral,Checkout,Mobile,Canada,Returning,7.38,4.6,54.69,1,100
S102160,U11442,2026-02-17,Direct,Checkout,Desktop,India,New,3.23,3.4,60.3,0,0
S105608,U15429,2026-02-17,Organic Search,Home,Desktop,Canada,New,3.99,3.5,67.73,0,0
S105353,U15179,2026-02-17,Organic Search,Pricing,Desktop,USA,New,3.16,2.1,60.43,0,0
S102772,U14838,2026-02-17,Direct,Checkout,Mobile,Australia,New,4.34,2.9,49.87,0,0
S103042,U10698,2026-02-17,Direct,Services,Desktop,India,New,2.37,1.9,73.14,0,0
S102093,U10900,2026-02-17,Direct,Services,Desktop,USA,Returning,7.72,7.1,38.05,0,0
S106337,U10784,2026-02-17,Paid Search,Services,Mobile,India,Returning,6.06,4.6,60.17,0,0
S106961,U10220,2026-02-18,Paid Search,Home,Tablet,India,New,2.13,3.0,65.23,0,0
S101059,U13518,2026-02-18,Organic Search,Home,Tablet,India,Returning,3.66,3.6,61.64,0,0
S108070,U11546,2026-02-18,Referral,Home,Mobile,UK,Returning,4.47,2.1,73.93,1,100
S103652,U14988,2026-02-18,Organic Search,Products,Tablet,India,New,3.28,3.7,67.78,1,100
S109749,U15144,2026-02-18,Social Media,Blog,Desktop,Canada,New,6.94,3.9,46.69,0,0
S109362,U12074,2026-02-18,Referral,Products,Desktop,India,New,9.8,6.2,31.58,0,0
S107501,U10352,2026-02-18,Organic Search,Services,Desktop,India,New,3.41,3.9,55.34,0,0
S107800,U16176,2026-02-18,Organic Search,Pricing,Desktop,India,Returning,9.8,8.3,45.37,1,100
S108136,U10180,2026-02-18,Direct,Services,Mobile,Australia,New,1.41,2.5,67.84,0,0
S105780,U10349,2026-02-18,Organic Search,About Us,Tablet,UK,Returning,3.82,3.5,75.98,0,0
S109331,U11895,2026-02-18,Organic Search,Blog,Tablet,Canada,Returning,6.74,5.6,51.62,0,0
S108565,U11688,2026-02-18,Direct,Home,Desktop,India,New,3.67,5.0,59.09,0,0
S105791,U15716,2026-02-18,Paid Search,Pricing,Desktop,UK,Returning,3.01,2.8,64.27,0,0
S105730,U12878,2026-02-18,Organic Search,Services,Desktop,USA,New,4.19,4.1,58.17,0,0
S101981,U16132,2026-02-18,Organic Search,Products,Mobile,India,New,1.72,3.2,74.29,0,0
S107104,U10999,2026-02-18,Organic Search,Home,Mobile,USA,Returning,9.0,5.8,54.37,0,0
S107257,U14577,2026-02-18,Paid Search,Blog,Mobile,Australia,New,2.86,1.5,65.52,0,0
S105476,U15328,2026-02-18,Direct,Services,Desktop,India,New,5.38,6.0,54.63,0,0
S102557,U15052,2026-02-18,Referral,Checkout,Desktop,India,New,5.4,3.4,69.2,1,100
S102438,U13636,2026-02-18,Referral,Product Details,Mobile,India,Returning,5.29,4.2,58.05,0,0
S102357,U13554,2026-02-18,Organic Search,Blog,Desktop,UK,New,8.66,7.3,39.71,1,100
S101641,U10615,2026-02-18,Referral,Home,Desktop,USA,New,7.64,4.7,59.92,0,0
S103283,U16076,2026-02-18,Organic Search,Products,Desktop,Australia,New,2.74,1.7,65.03,0,0
S104121,U15586,2026-02-18,Referral,Checkout,Mobile,India,New,3.83,4.1,55.31,0,0
S104452,U11297,2026-02-18,Paid Search,Services,Mobile,India,Returning,1.21,2.5,82.27,0,0
S104513,U13825,2026-02-18,Organic Search,Home,Desktop,India,New,6.66,6.5,44.05,0,0
S100331,U12962,2026-02-18,Direct,Products,Desktop,India,New,1.91,2.6,70.92,0,0
S108778,U10640,2026-02-18,Paid Search,Pricing,Mobile,India,New,4.5,4.3,68.47,0,0
S109292,U11469,2026-02-18,Referral,Pricing,Mobile,India,New,1.86,1.0,77.45,0,0
S107185,U15255,2026-02-18,Social Media,Product Details,Desktop,Canada,Returning,5.82,3.9,53.96,0,0
S105632,U15928,2026-02-18,Referral,Product Details,Mobile,Canada,Returning,4.64,4.1,73.93,0,0
S104496,U12661,2026-02-18,Paid Search,Home,Mobile,Canada,New,1.69,2.8,89.74,0,0
S100712,U11828,2026-02-18,Organic Search,Services,Mobile,UK,Returning,9.79,5.8,47.24,0,0
S100056,U12364,2026-02-18,Direct,Product Details,Desktop,Australia,New,7.09,4.7,46.82,0,0
S103243,U11932,2026-02-18,Organic Search,Products,Desktop,India,New,4.79,2.9,68.12,0,0
S108447,U15150,2026-02-18,Organic Search,Services,Tablet,India,New,10.05,7.7,34.27,0,0
S107814,U12061,2026-02-18,Organic Search,Services,Mobile,India,New,5.08,4.6,54.21,0,0
S101492,U12658,2026-02-18,Paid Search,About Us,Desktop,India,Returning,13.11,10.9,24.77,0,0
S100639,U15918,2026-02-18,Paid Search,Home,Mobile,India,New,0.97,2.5,72.86,0,0
S107287,U16298,2026-02-18,Paid Search,Blog,Desktop,India,New,3.49,1.5,72.0,0,0
S108729,U13368,2026-02-18,Social Media,Home,Desktop,India,New,6.71,6.0,49.69,0,0
S108741,U11873,2026-02-18,Social Media,Product Details,Desktop,India,New,6.84,3.9,57.61,0,0
S101005,U11532,2026-02-18,Referral,About Us,Mobile,USA,New,3.88,3.4,53.94,0,0
S101504,U14684,2026-02-18,Paid Search,Pricing,Desktop,USA,New,7.32,6.1,50.88,0,0
S106193,U16032,2026-02-19,Paid Search,Services,Desktop,India,New,4.08,2.7,58.18,0,0
S109168,U15735,2026-02-19,Organic Search,Services,Desktop,USA,Returning,14.2,7.4,46.77,0,0
S104375,U11724,2026-02-19,Organic Search,Checkout,Mobile,India,New,3.34,1.5,59.25,0,0
S108494,U15830,2026-02-19,Organic Search,Contact Us,Mobile,USA,Returning,4.49,3.9,63.21,1,100
S105035,U12042,2026-02-19,Paid Search,Home,Desktop,India,New,0.91,1.0,71.7,0,0
S104772,U15603,2026-02-19,Referral,Product Details,Mobile,India,New,1.3,2.7,84.72,0,0
S100550,U14453,2026-02-19,Direct,Services,Mobile,USA,New,4.8,3.6,56.02,0,0
S102083,U13390,2026-02-19,Referral,Products,Desktop,India,New,7.17,5.4,52.1,0,0
S105428,U16034,2026-02-19,Organic Search,Home,Mobile,India,New,3.44,4.6,50.58,0,0
S108881,U14733,2026-02-19,Social Media,About Us,Desktop,India,New,16.0,12.1,10.0,0,0
S106573,U12965,2026-02-19,Organic Search,Product Details,Mobile,India,Returning,7.06,4.1,54.37,0,0
S109996,U11215,2026-02-19,Paid Search,Contact Us,Mobile,India,New,7.17,5.5,48.0,0,0
S103599,U13741,2026-02-19,Paid Search,About Us,Tablet,India,New,4.08,2.7,67.94,0,0
S104286,U13759,2026-02-19,Organic Search,Home,Tablet,USA,New,1.29,2.1,58.22,0,0
S104903,U14509,2026-02-19,Organic Search,Contact Us,Tablet,India,New,5.4,3.0,56.8,1,100
S101511,U14264,2026-02-19,Organic Search,Product Details,Desktop,UK,New,4.94,3.0,63.58,0,0
S104883,U12196,2026-02-19,Direct,Home,Tablet,Canada,Returning,8.46,6.3,48.73,0,0
S105815,U11800,2026-02-19,Organic Search,FAQ,Mobile,India,Returning,5.74,3.9,61.03,0,0
S109343,U13698,2026-02-19,Organic Search,Home,Desktop,USA,New,4.36,3.2,55.79,0,0
S109723,U12004,2026-02-19,Paid Search,Services,Desktop,India,New,3.65,3.4,59.56,1,100
S107157,U13561,2026-02-19,Paid Search,Services,Desktop,USA,New,7.79,3.9,58.98,0,0
S101952,U11683,2026-02-19,Paid Search,Products,Desktop,Australia,New,9.17,4.5,53.63,0,0
S107496,U14798,2026-02-19,Organic Search,Home,Desktop,India,New,12.87,7.1,54.86,0,0
S106636,U14139,2026-02-19,Organic Search,Pricing,Desktop,India,New,3.44,4.3,51.59,0,0
S101130,U12377,2026-02-19,Referral,Pricing,Desktop,India,New,0.72,2.8,68.79,0,0
S102879,U13695,2026-02-19,Paid Search,Product Details,Desktop,UK,New,2.25,2.8,67.91,0,0
S104949,U14740,2026-02-19,Organic Search,Home,Mobile,UK,Returning,1.74,3.6,62.3,0,0
S100817,U10010,2026-02-19,Paid Search,FAQ,Desktop,India,Returning,4.54,3.4,77.6,0,0
S106550,U14297,2026-02-19,Paid Search,About Us,Tablet,Canada,New,3.05,2.0,77.93,0,0
S107680,U14035,2026-02-19,Organic Search,Pricing,Mobile,India,Returning,3.22,2.0,56.64,0,0
S107067,U14564,2026-02-19,Referral,Services,Tablet,India,New,2.1,4.0,61.58,0,0
S103758,U14009,2026-02-19,Paid Search,Blog,Desktop,USA,New,2.28,4.5,66.76,0,0
S103795,U13135,2026-02-19,Direct,Products,Mobile,India,New,3.0,3.2,64.87,0,0
S109943,U12984,2026-02-19,Social Media,Services,Tablet,Canada,New,6.53,7.2,53.49,0,0
S106681,U15969,2026-02-19,Organic Search,Blog,Desktop,UK,New,8.5,5.6,68.47,0,0
S103434,U13248,2026-02-19,Referral,Contact Us,Desktop,India,Returning,5.38,3.7,68.88,1,100
S105260,U16329,2026-02-19,Organic Search,Home,Desktop,India,New,8.29,6.6,39.42,0,0
S106782,U16151,2026-02-19,Referral,Home,Desktop,India,New,3.9,3.1,72.59,0,0
S102743,U11639,2026-02-19,Paid Search,Contact Us,Mobile,India,New,2.97,3.8,60.29,0,0
S107811,U10130,2026-02-19,Organic Search,Home,Desktop,India,New,11.63,7.7,31.83,0,0
S103868,U16345,2026-02-19,Organic Search,Home,Desktop,India,New,0.83,2.6,69.9,0,0
S106250,U11226,2026-02-19,Direct,Pricing,Desktop,India,Returning,5.54,4.1,47.47,0,0
S105617,U16066,2026-02-19,Referral,Home,Mobile,UK,New,7.38,4.8,60.61,0,0
S108911,U11987,2026-02-19,Paid Search,Product Details,Mobile,UK,New,4.99,2.7,57.57,0,0
S109287,U12723,2026-02-19,Direct,Home,Mobile,USA,New,8.71,3.3,68.24,1,100
S107280,U10479,2026-02-19,Social Media,Contact Us,Desktop,Australia,New,7.21,5.4,57.48,1,100
S103937,U13631,2026-02-19,Organic Search,Product Details,Tablet,India,New,1.9,1.8,66.21,0,0
S101428,U15006,2026-02-19,Organic Search,Product Details,Desktop,India,New,2.48,4.4,52.6,0,0
S102617,U14552,2026-02-19,Paid Search,Checkout,Desktop,India,Returning,1.31,2.3,68.34,0,0
S106545,U13673,2026-02-19,Referral,About Us,Tablet,India,New,5.82,4.1,46.07,0,0
S106012,U12342,2026-02-19,Social Media,Products,Mobile,USA,New,1.24,1.0,64.94,1,100
S101643,U11183,2026-02-19,Referral,Products,Mobile,India,New,1.73,3.8,52.37,0,0
S105334,U10991,2026-02-19,Organic Search,Pricing,Desktop,Australia,Returning,7.59,5.4,50.06,0,0
S107832,U12277,2026-02-20,Direct,Contact Us,Mobile,India,New,3.26,3.8,62.27,0,0
S100713,U13142,2026-02-20,Organic Search,Checkout,Tablet,India,Returning,1.65,2.2,66.88,0,0
S109181,U10101,2026-02-20,Referral,Home,Tablet,India,New,5.48,2.9,71.31,0,0
S103166,U12979,2026-02-20,Organic Search,Products,Mobile,India,Returning,6.75,5.0,40.17,0,0
S109283,U11561,2026-02-20,Direct,Home,Mobile,USA,Returning,1.11,2.7,66.1,0,0
S104148,U15277,2026-02-20,Organic Search,Services,Desktop,India,Returning,3.33,4.5,32.07,0,0
S101735,U13402,2026-02-20,Organic Search,Blog,Desktop,UK,New,7.0,5.0,53.06,0,0
S105198,U14952,2026-02-20,Paid Search,Products,Mobile,Australia,Returning,2.53,3.6,53.76,0,0
S105406,U13749,2026-02-20,Direct,FAQ,Desktop,India,Returning,3.32,3.5,46.25,0,0
S106503,U15506,2026-02-20,Referral,Products,Mobile,India,New,8.16,4.3,53.81,0,0
S107145,U10685,2026-02-20,Direct,Product Details,Mobile,India,New,2.99,2.0,62.79,0,0
S107086,U10850,2026-02-20,Direct,Services,Mobile,India,New,5.89,3.7,65.29,0,0
S105112,U12473,2026-02-20,Social Media,FAQ,Mobile,India,New,1.75,2.2,72.11,0,0
S104910,U14758,2026-02-20,Paid Search,Home,Desktop,India,New,1.7,2.0,69.15,0,0
S103180,U14644,2026-02-20,Organic Search,Blog,Desktop,UK,New,7.51,5.2,48.15,0,0
S101314,U16388,2026-02-20,Direct,About Us,Desktop,India,New,1.64,2.0,69.17,0,0
S101678,U14125,2026-02-20,Organic Search,About Us,Mobile,India,Returning,3.25,2.9,75.52,0,0
S108309,U10655,2026-02-20,Direct,Product Details,Mobile,India,Returning,3.9,3.1,65.78,0,0
S108489,U10156,2026-02-20,Organic Search,Pricing,Desktop,India,Returning,4.15,3.4,60.65,0,0
S100730,U11082,2026-02-20,Direct,About Us,Desktop,India,New,5.15,6.1,47.09,0,0
S105771,U11568,2026-02-20,Organic Search,Home,Tablet,India,New,3.19,1.2,66.95,0,0
S109034,U10283,2026-02-20,Social Media,Home,Mobile,India,Returning,5.6,3.6,57.27,0,0
S101844,U15151,2026-02-20,Paid Search,Home,Mobile,India,New,1.1,1.7,92.96,0,0
S103074,U12584,2026-02-20,Direct,Product Details,Mobile,India,New,7.71,5.5,64.35,0,0
S104939,U10370,2026-02-20,Organic Search,About Us,Desktop,India,Returning,1.53,1.0,70.49,0,0
S103488,U13675,2026-02-20,Direct,Home,Tablet,Australia,Returning,11.7,5.6,41.75,0,0
S101535,U14890,2026-02-20,Social Media,Checkout,Mobile,India,Returning,3.63,4.5,62.17,0,0
S101349,U15204,2026-02-20,Organic Search,Checkout,Mobile,India,Returning,21.13,13.5,17.3,0,0
S108482,U13310,2026-02-20,Direct,Blog,Desktop,India,New,0.9,1.7,58.34,0,0
S106593,U15476,2026-02-20,Direct,Product Details,Mobile,India,New,9.17,6.8,44.52,1,100
S105596,U14275,2026-02-20,Organic Search,Checkout,Mobile,India,Returning,5.42,4.0,49.47,0,0
S108326,U11444,2026-02-20,Referral,Contact Us,Desktop,India,New,1.63,2.8,67.55,0,0
S108267,U10255,2026-02-20,Direct,Blog,Desktop,USA,New,6.2,4.0,71.47,0,0
S105623,U12324,2026-02-20,Direct,FAQ,Desktop,India,New,3.77,2.9,73.93,0,0
S104406,U16147,2026-02-20,Social Media,Contact Us,Mobile,USA,New,7.19,4.5,59.15,0,0
S102265,U10282,2026-02-20,Referral,Products,Mobile,India,New,1.69,3.0,58.07,0,0
S102722,U13851,2026-02-20,Social Media,FAQ,Mobile,India,New,2.4,2.2,65.6,0,0
S108739,U15361,2026-02-20,Paid Search,Blog,Desktop,India,New,3.22,2.6,64.63,0,0
S101099,U10225,2026-02-20,Paid Search,FAQ,Desktop,India,New,2.15,3.5,72.57,0,0
S102665,U13920,2026-02-20,Organic Search,Product Details,Desktop,India,New,4.13,2.8,56.36,0,0
S106042,U11009,2026-02-20,Referral,Products,Mobile,India,New,6.82,5.1,49.33,1,100
S102339,U15106,2026-02-20,Paid Search,Product Details,Mobile,India,New,8.33,5.4,61.61,0,0
S106993,U10589,2026-02-20,Referral,Services,Mobile,India,New,8.02,4.6,52.76,0,0
S102649,U15436,2026-02-20,Organic Search,Services,Desktop,India,Returning,1.6,2.4,75.45,0,0
S109834,U10021,2026-02-20,Referral,Checkout,Mobile,USA,Returning,12.34,7.8,30.75,0,0
S106016,U12926,2026-02-20,Direct,Products,Desktop,India,Returning,4.88,2.4,69.13,1,100
S104774,U12764,2026-02-20,Organic Search,Product Details,Mobile,Canada,Returning,2.06,2.1,65.23,0,0
S103916,U11238,2026-02-20,Organic Search,Products,Mobile,Australia,New,7.64,5.7,52.97,0,0
S107701,U13684,2026-02-20,Paid Search,Services,Desktop,USA,New,2.46,1.6,83.71,0,0
S109517,U13986,2026-02-20,Referral,Products,Desktop,India,New,8.95,8.3,40.64,0,0
S106924,U14866,2026-02-20,Social Media,Products,Desktop,India,New,8.15,6.5,56.11,0,0
S109975,U11314,2026-02-20,Paid Search,Blog,Desktop,India,New,0.46,1.6,64.93,0,0
S105908,U10817,2026-02-20,Organic Search,Blog,Mobile,India,New,5.07,1.9,63.29,0,0
S108774,U16497,2026-02-20,Paid Search,Home,Desktop,India,Returning,5.01,4.0,61.7,0,0
S103918,U13736,2026-02-20,Organic Search,About Us,Mobile,UK,New,6.36,5.0,55.56,0,0
S102676,U11986,2026-02-20,Social Media,Pricing,Mobile,Canada,New,2.82,2.0,69.2,0,0
S102372,U12191,2026-02-20,Organic Search,Contact Us,Desktop,India,Returning,3.81,3.2,68.91,0,0
S109756,U13950,2026-02-20,Organic Search,Product Details,Desktop,India,New,2.07,2.8,63.66,0,0
S107459,U12213,2026-02-20,Organic Search,Checkout,Mobile,India,New,4.81,4.1,51.4,0,0
S107698,U15800,2026-02-20,Direct,Home,Mobile,India,Returning,1.58,2.7,61.5,0,0
S108581,U13407,2026-02-20,Organic Search,Blog,Desktop,India,Returning,5.52,3.7,62.44,0,0
S102585,U13620,2026-02-20,Organic Search,About Us,Mobile,India,New,2.01,4.4,70.92,0,0
S101006,U13346,2026-02-20,Direct,Blog,Mobile,USA,Returning,6.13,2.7,61.95,0,0
S101093,U15765,2026-02-20,Organic Search,Services,Desktop,India,Returning,3.94,3.5,57.9,0,0
S106885,U15650,2026-02-20,Paid Search,Products,Mobile,India,New,4.29,2.6,66.75,0,0
S100508,U14730,2026-02-20,Direct,Contact Us,Mobile,India,New,2.27,1.0,79.4,0,0
S104589,U13577,2026-02-20,Referral,Home,Desktop,UK,New,10.84,8.0,29.08,0,0
S106273,U12198,2026-02-21,Direct,Home,Desktop,USA,New,7.81,6.6,46.12,0,0
S102336,U13674,2026-02-21,Social Media,About Us,Desktop,UK,New,4.02,5.9,61.38,0,0
S104361,U10026,2026-02-21,Organic Search,Pricing,Desktop,Australia,Returning,8.28,4.6,49.09,0,0
S108046,U15205,2026-02-21,Referral,Blog,Mobile,USA,Returning,10.99,7.1,32.91,1,100
S100183,U11982,2026-02-21,Organic Search,FAQ,Mobile,India,New,6.72,4.2,48.74,0,0
S103002,U11285,2026-02-21,Social Media,About Us,Desktop,India,New,4.63,3.7,63.18,0,0
S101755,U11915,2026-02-21,Referral,Product Details,Tablet,India,Returning,5.16,5.2,61.12,0,0
S105277,U11770,2026-02-21,Paid Search,Product Details,Desktop,India,Returning,2.38,1.1,80.09,0,0
S100072,U11956,2026-02-21,Paid Search,Pricing,Mobile,USA,New,1.63,4.2,49.54,1,100
S100633,U13767,2026-02-21,Organic Search,Home,Mobile,India,New,5.55,3.6,58.61,0,0
S107571,U10513,2026-02-21,Social Media,Home,Mobile,India,New,2.12,3.1,50.8,0,0
S109096,U14066,2026-02-21,Paid Search,About Us,Mobile,India,Returning,8.23,6.1,63.48,0,0
S104083,U15410,2026-02-21,Paid Search,Checkout,Desktop,India,New,6.68,5.7,47.42,0,0
S105563,U11858,2026-02-21,Organic Search,Contact Us,Mobile,India,New,5.6,2.2,58.66,0,0
S102192,U12366,2026-02-21,Referral,Pricing,Mobile,India,New,8.91,6.1,43.58,0,0
S105546,U14530,2026-02-21,Referral,Contact Us,Desktop,India,New,0.8,3.3,62.63,0,0
S106489,U12052,2026-02-21,Organic Search,Blog,Mobile,India,New,5.09,4.7,52.29,0,0
S106811,U14718,2026-02-21,Referral,Checkout,Mobile,India,Returning,4.22,3.0,63.22,1,100
S101552,U15409,2026-02-21,Paid Search,Product Details,Mobile,UK,New,0.82,2.2,66.53,0,0
S103347,U12925,2026-02-21,Organic Search,Blog,Desktop,India,Returning,3.84,4.3,48.43,0,0
S107158,U12113,2026-02-21,Paid Search,Checkout,Mobile,India,New,1.56,2.3,60.46,0,0
S109486,U14235,2026-02-21,Referral,Checkout,Mobile,India,New,3.08,2.2,76.37,0,0
S109255,U11116,2026-02-21,Social Media,Services,Desktop,India,Returning,3.36,5.0,66.29,0,0
S101748,U12737,2026-02-21,Organic Search,Home,Mobile,India,Returning,10.92,7.6,42.33,1,100
S105554,U11142,2026-02-21,Direct,Home,Desktop,Canada,Returning,1.81,3.2,59.72,0,0
S109492,U11014,2026-02-21,Direct,About Us,Mobile,India,Returning,2.47,1.7,76.31,0,0
S101024,U16169,2026-02-21,Paid Search,Home,Desktop,India,Returning,7.01,6.0,65.04,0,0
S109104,U12442,2026-02-21,Social Media,Checkout,Mobile,India,New,2.7,2.3,55.63,0,0
S109649,U15895,2026-02-21,Direct,Products,Mobile,India,New,8.72,6.4,52.02,0,0
S102925,U14584,2026-02-21,Paid Search,Contact Us,Desktop,UK,New,2.73,2.2,71.38,0,0
S107918,U13206,2026-02-21,Organic Search,Product Details,Desktop,India,New,0.42,1.1,65.52,0,0
S100415,U15443,2026-02-21,Referral,Product Details,Desktop,India,Returning,11.17,7.9,40.96,1,100
S107584,U14324,2026-02-21,Referral,Home,Desktop,India,Returning,5.47,2.0,61.81,0,0
S107358,U14690,2026-02-21,Organic Search,Product Details,Mobile,Canada,Returning,2.5,2.7,72.5,0,0
S103233,U15202,2026-02-21,Organic Search,Pricing,Desktop,India,Returning,0.3,3.0,76.98,0,0
S109786,U10939,2026-02-21,Paid Search,Pricing,Mobile,India,New,6.18,3.3,67.82,0,0
S109330,U12571,2026-02-21,Organic Search,Home,Mobile,India,Returning,6.38,5.5,57.01,0,0
S103567,U10661,2026-02-21,Direct,Checkout,Tablet,India,Returning,10.44,7.3,29.06,1,100
S106215,U12419,2026-02-21,Referral,About Us,Mobile,India,New,7.38,4.5,61.09,0,0
S106167,U11699,2026-02-21,Organic Search,Blog,Tablet,India,New,4.92,2.8,58.74,0,0
S109892,U13960,2026-02-21,Organic Search,Product Details,Mobile,UK,New,1.85,1.6,67.82,0,0
S101232,U15997,2026-02-21,Direct,FAQ,Mobile,India,New,2.38,2.2,62.82,0,0
S100522,U10581,2026-02-21,Direct,Checkout,Desktop,India,New,2.87,2.9,53.63,0,0
S109534,U12687,2026-02-21,Social Media,About Us,Mobile,UK,Returning,4.32,4.6,59.5,0,0
S102605,U14444,2026-02-21,Organic Search,Home,Desktop,India,New,2.22,2.1,47.95,0,0
S109828,U15813,2026-02-21,Organic Search,Home,Desktop,India,Returning,4.28,4.7,45.93,0,0
S104917,U10610,2026-02-21,Referral,Products,Mobile,India,New,2.93,2.7,67.92,0,0
S108976,U15729,2026-02-21,Organic Search,FAQ,Desktop,UK,Returning,3.91,4.2,69.01,0,0
S109237,U10075,2026-02-21,Organic Search,Home,Mobile,USA,Returning,3.42,3.9,52.58,0,0
S102601,U13720,2026-02-21,Direct,FAQ,Tablet,USA,New,1.52,3.2,69.1,0,0
S106717,U12036,2026-02-21,Organic Search,Services,Desktop,USA,New,5.11,3.4,50.7,0,0
S109344,U10491,2026-02-21,Organic Search,Products,Mobile,India,New,2.39,2.2,68.37,0,0
S105571,U16056,2026-02-21,Organic Search,FAQ,Desktop,India,New,3.67,2.3,68.0,0,0
S107700,U14161,2026-02-21,Referral,Product Details,Mobile,India,New,10.08,5.9,36.26,0,0
S101936,U15807,2026-02-21,Direct,Pricing,Mobile,India,New,6.82,3.4,61.13,0,0
S106384,U11885,2026-02-21,Direct,Contact Us,Desktop,Australia,New,1.95,1.0,64.96,0,0
S107443,U15639,2026-02-21,Organic Search,Home,Mobile,India,New,9.17,8.1,43.37,0,0
S101199,U11971,2026-02-21,Organic Search,Pricing,Tablet,India,New,5.92,3.6,72.1,1,100
S107202,U16245,2026-02-21,Direct,Pricing,Tablet,UK,Returning,7.43,5.2,51.75,0,0
S108659,U14274,2026-02-21,Paid Search,FAQ,Desktop,Canada,New,3.18,1.0,73.2,0,0
S101663,U13522,2026-02-21,Social Media,Product Details,Desktop,Australia,Returning,5.61,4.8,63.03,0,0
S103063,U13191,2026-02-21,Referral,Product Details,Desktop,Canada,Returning,4.65,4.3,52.44,0,0
S108096,U15676,2026-02-21,Social Media,Pricing,Mobile,India,New,4.49,4.6,69.17,0,0
S103254,U10573,2026-02-21,Direct,FAQ,Mobile,USA,New,1.03,1.9,72.87,0,0
S100116,U15259,2026-02-21,Direct,Pricing,Desktop,India,Returning,2.83,3.3,58.6,0,0
S104775,U13664,2026-02-21,Direct,Blog,Desktop,India,New,10.93,8.4,39.09,1,100
S109712,U11809,2026-02-21,Social Media,FAQ,Desktop,India,Returning,6.64,3.8,60.67,0,0
S103259,U14273,2026-02-21,Paid Search,Services,Desktop,India,Returning,9.77,7.3,44.64,0,0
S103517,U12221,2026-02-21,Organic Search,Services,Desktop,USA,Returning,5.52,4.0,70.4,0,0
S108117,U12780,2026-02-21,Organic Search,Blog,Desktop,India,New,8.93,5.5,45.71,1,100
S102499,U10146,2026-02-21,Referral,Blog,Mobile,UK,New,7.48,5.2,52.0,0,0
S101095,U15530,2026-02-21,Direct,Product Details,Desktop,UK,New,6.07,5.6,46.94,0,0
S102969,U14309,2026-02-22,Direct,Blog,Desktop,India,Returning,5.74,4.1,46.57,0,0
S107204,U11628,2026-02-22,Organic Search,Blog,Mobile,India,Returning,4.04,2.9,68.94,0,0
S103977,U15807,2026-02-22,Organic Search,Services,Mobile,India,New,1.81,3.4,63.24,0,0
S103054,U14967,2026-02-22,Social Media,Services,Tablet,UK,New,11.66,7.9,36.62,0,0
S109396,U13216,2026-02-22,Referral,FAQ,Mobile,India,Returning,0.32,1.8,73.81,0,0
S104414,U10620,2026-02-22,Direct,Services,Mobile,USA,New,3.36,3.3,52.15,0,0
S105943,U16396,2026-02-22,Paid Search,Product Details,Desktop,Australia,Returning,5.51,3.8,65.45,1,100
S100101,U16361,2026-02-22,Organic Search,Product Details,Tablet,India,New,3.19,3.5,62.32,0,0
S107448,U10967,2026-02-22,Paid Search,Products,Tablet,UK,Returning,3.46,2.6,73.34,0,0
S103253,U11688,2026-02-22,Referral,Home,Mobile,India,New,14.87,9.0,33.13,0,0
S103328,U16412,2026-02-22,Organic Search,About Us,Mobile,India,Returning,2.59,2.6,80.81,0,0
S104433,U15452,2026-02-22,Organic Search,Blog,Desktop,India,New,1.92,1.5,76.96,0,0
S108304,U13173,2026-02-22,Social Media,Services,Desktop,India,New,2.73,2.5,62.06,0,0
S103221,U10944,2026-02-22,Paid Search,Blog,Desktop,USA,New,6.99,3.8,63.84,0,0
S108621,U15158,2026-02-22,Direct,Home,Desktop,India,New,8.76,7.3,54.1,1,100
S106787,U15558,2026-02-22,Organic Search,Services,Mobile,USA,New,5.06,2.7,55.83,0,0
S107253,U15619,2026-02-22,Paid Search,Checkout,Mobile,India,Returning,3.85,1.7,58.12,0,0
S104490,U12370,2026-02-22,Social Media,Services,Tablet,Canada,New,5.52,3.0,47.09,0,0
S105427,U14326,2026-02-22,Direct,Blog,Mobile,India,New,2.33,3.2,63.67,0,0
S107162,U14160,2026-02-22,Organic Search,About Us,Mobile,India,New,7.3,4.2,43.47,0,0
S105256,U12582,2026-02-22,Organic Search,Home,Tablet,India,New,4.2,5.7,47.43,0,0
S100422,U11687,2026-02-22,Organic Search,Checkout,Mobile,USA,New,3.1,3.2,68.02,0,0
S104651,U12750,2026-02-22,Organic Search,Products,Desktop,USA,Returning,9.98,6.6,47.82,0,0
S101212,U10420,2026-02-22,Paid Search,FAQ,Tablet,USA,Returning,8.63,6.1,42.53,0,0
S103120,U10660,2026-02-22,Paid Search,Pricing,Tablet,India,New,9.18,6.3,40.98,1,100
S100643,U10596,2026-02-22,Paid Search,Products,Mobile,India,New,3.58,3.9,56.82,1,100
S104604,U12584,2026-02-22,Social Media,About Us,Desktop,India,New,6.34,3.9,61.14,0,0
S104137,U12342,2026-02-22,Paid Search,Product Details,Desktop,India,New,8.59,6.1,33.69,1,100
S102068,U16091,2026-02-22,Organic Search,Product Details,Mobile,India,Returning,2.22,1.2,68.82,0,0
S105754,U11446,2026-02-22,Direct,Blog,Desktop,USA,New,3.94,2.5,74.63,0,0
S108995,U15786,2026-02-22,Paid Search,Product Details,Desktop,India,Returning,2.63,2.4,77.71,0,0
S108111,U16201,2026-02-22,Organic Search,Product Details,Mobile,UK,New,6.86,4.9,59.12,0,0
S106851,U14387,2026-02-22,Social Media,Checkout,Desktop,India,New,2.02,3.5,62.51,0,0
S102799,U15828,2026-02-22,Paid Search,Services,Desktop,India,New,8.58,3.8,34.72,0,0
S109518,U11417,2026-02-22,Referral,Services,Desktop,India,Returning,7.96,6.1,46.14,0,0
S103637,U10142,2026-02-22,Organic Search,Product Details,Desktop,India,New,1.35,2.4,57.43,0,0
S101307,U11333,2026-02-22,Organic Search,Blog,Mobile,India,Returning,5.64,6.1,53.45,0,0
S105781,U15375,2026-02-22,Organic Search,Product Details,Desktop,India,New,2.2,3.2,65.47,0,0
S104843,U16362,2026-02-22,Referral,Services,Desktop,India,New,6.67,3.3,50.9,0,0
S106409,U14934,2026-02-22,Direct,Pricing,Mobile,UK,Returning,3.85,3.6,52.45,0,0
S103558,U12480,2026-02-22,Organic Search,Services,Desktop,Canada,New,6.1,3.6,48.77,0,0
S103570,U11300,2026-02-22,Paid Search,Home,Mobile,USA,New,2.83,2.8,58.2,0,0
S103580,U10728,2026-02-22,Paid Search,Home,Mobile,Australia,New,7.5,4.3,51.85,0,0
S105790,U12810,2026-02-22,Referral,Blog,Desktop,India,New,3.78,2.0,70.98,0,0
S108134,U10738,2026-02-22,Direct,Blog,Mobile,India,Returning,4.8,5.8,43.19,0,0
S109932,U11378,2026-02-22,Direct,Home,Tablet,India,New,3.48,1.9,66.84,0,0
S109249,U14208,2026-02-22,Organic Search,About Us,Desktop,India,Returning,1.34,1.5,64.65,0,0
S101773,U11291,2026-02-22,Paid Search,Products,Tablet,India,New,2.17,1.3,64.33,0,0
S100820,U14973,2026-02-22,Paid Search,Checkout,Mobile,India,New,14.85,8.1,35.95,0,0
S108885,U15112,2026-02-22,Paid Search,Products,Mobile,India,New,9.86,7.0,50.65,0,0
S107310,U14617,2026-02-22,Paid Search,Blog,Mobile,India,Returning,4.33,5.0,44.55,0,0
S109372,U10528,2026-02-22,Social Media,Pricing,Desktop,India,Returning,8.54,4.9,45.74,0,0
S105551,U10207,2026-02-22,Paid Search,Products,Mobile,India,New,8.67,7.0,44.01,0,0
S107303,U15034,2026-02-22,Referral,Pricing,Mobile,India,New,2.55,3.2,72.87,0,0
S109482,U11197,2026-02-22,Organic Search,Blog,Mobile,India,Returning,1.6,2.2,74.09,0,0
S107592,U14568,2026-02-22,Organic Search,Blog,Desktop,India,New,0.59,1.9,67.26,0,0
S100938,U14456,2026-02-22,Referral,FAQ,Mobile,India,New,3.39,1.9,69.18,0,0
S106672,U15850,2026-02-22,Paid Search,About Us,Mobile,India,Returning,6.15,4.7,59.66,0,0
S109825,U12924,2026-02-23,Organic Search,Checkout,Mobile,India,Returning,11.34,9.0,34.71,1,100
S106017,U15044,2026-02-23,Organic Search,Products,Desktop,India,New,7.73,4.9,53.16,0,0
S103846,U11179,2026-02-23,Direct,Products,Mobile,India,Returning,3.61,3.0,63.9,0,0
S101052,U12710,2026-02-23,Referral,Pricing,Tablet,India,Returning,9.16,7.2,32.05,1,100
S100798,U14137,2026-02-23,Organic Search,Home,Mobile,India,Returning,5.86,4.6,55.14,0,0
S109866,U12766,2026-02-23,Referral,Product Details,Mobile,India,New,3.64,5.6,60.22,0,0
S100267,U16052,2026-02-23,Referral,About Us,Mobile,India,New,7.23,5.2,47.31,0,0
S104621,U15446,2026-02-23,Referral,Pricing,Desktop,India,New,5.52,2.9,61.72,0,0
S107822,U12224,2026-02-23,Paid Search,Pricing,Desktop,USA,New,2.2,1.1,74.09,0,0
S103527,U11144,2026-02-23,Direct,FAQ,Mobile,India,New,13.65,9.5,38.5,0,0
S101648,U10131,2026-02-23,Organic Search,Products,Desktop,India,New,4.28,2.2,61.11,0,0
S103630,U14458,2026-02-23,Direct,Home,Mobile,Australia,Returning,2.37,2.6,67.22,0,0
S109966,U16036,2026-02-23,Direct,Services,Mobile,India,New,11.75,6.3,57.82,0,0
S104019,U11310,2026-02-23,Direct,Product Details,Tablet,India,Returning,5.31,4.4,59.94,0,0
S108959,U10888,2026-02-23,Direct,About Us,Mobile,Canada,New,3.96,2.5,62.02,0,0
S105203,U14401,2026-02-23,Social Media,Home,Mobile,UK,New,4.21,3.0,72.77,0,0
S101970,U11608,2026-02-23,Paid Search,Home,Desktop,USA,New,6.14,2.8,67.59,0,0
S105789,U14821,2026-02-23,Organic Search,Product Details,Desktop,India,Returning,2.34,3.0,69.14,0,0
S103962,U15336,2026-02-23,Organic Search,Product Details,Mobile,India,New,3.03,4.2,55.38,0,0
S106055,U14966,2026-02-23,Organic Search,Blog,Mobile,India,New,7.37,7.1,42.06,0,0
S105421,U10366,2026-02-23,Direct,Checkout,Desktop,India,Returning,8.28,6.1,56.18,0,0
S107475,U10447,2026-02-23,Organic Search,Blog,Mobile,UK,New,12.28,9.3,39.56,1,100
S101614,U13360,2026-02-23,Paid Search,Home,Mobile,India,New,2.67,1.6,79.72,0,0
S103952,U12195,2026-02-23,Direct,Contact Us,Desktop,USA,Returning,9.61,7.8,42.0,0,0
S103554,U15375,2026-02-23,Direct,FAQ,Mobile,UK,New,3.61,3.0,65.96,0,0
S102811,U12602,2026-02-23,Social Media,Blog,Tablet,India,Returning,4.66,4.0,59.45,0,0
S102889,U12994,2026-02-23,Paid Search,Pricing,Mobile,India,New,7.11,6.3,66.26,1,100
S106200,U15407,2026-02-23,Direct,Products,Mobile,India,New,0.54,3.0,66.15,0,0
S100060,U12825,2026-02-23,Organic Search,About Us,Desktop,India,New,7.19,4.6,53.12,0,0
S106004,U14948,2026-02-23,Organic Search,Blog,Desktop,India,Returning,1.69,2.3,82.83,0,0
S102064,U10887,2026-02-23,Organic Search,Pricing,Mobile,India,Returning,2.2,4.6,64.23,0,0
S107173,U11941,2026-02-23,Organic Search,Contact Us,Mobile,USA,New,7.11,5.1,46.82,0,0
S102232,U13433,2026-02-23,Organic Search,FAQ,Desktop,India,New,10.11,5.1,63.83,0,0
S100917,U13580,2026-02-23,Referral,Home,Desktop,India,New,0.31,1.0,81.34,0,0
S104526,U10116,2026-02-23,Referral,Blog,Mobile,USA,Returning,7.62,3.8,50.55,0,0
S105441,U12506,2026-02-23,Direct,FAQ,Mobile,UK,New,13.6,10.0,10.0,0,0
S100043,U11900,2026-02-23,Referral,Blog,Mobile,India,New,5.47,3.5,61.14,0,0
S109851,U11992,2026-02-23,Paid Search,Blog,Tablet,India,New,3.12,3.2,64.68,0,0
S101556,U13921,2026-02-23,Referral,Contact Us,Mobile,UK,New,4.73,4.6,58.14,0,0
S109726,U15089,2026-02-23,Paid Search,Checkout,Mobile,India,New,3.92,3.1,64.58,0,0
S101216,U13069,2026-02-23,Organic Search,Home,Mobile,India,Returning,7.84,5.7,63.27,0,0
S109570,U10617,2026-02-23,Referral,FAQ,Mobile,UK,New,1.06,1.7,83.12,0,0
S107048,U16127,2026-02-23,Paid Search,Checkout,Mobile,Australia,New,5.16,5.6,51.02,0,0
S105992,U15591,2026-02-23,Social Media,Checkout,Desktop,USA,New,2.93,5.1,71.61,0,0
S107254,U12889,2026-02-23,Referral,Blog,Desktop,USA,New,1.64,1.0,78.49,0,0
S104493,U10944,2026-02-23,Paid Search,FAQ,Mobile,UK,New,1.26,2.0,56.36,0,0
S108335,U15753,2026-02-23,Organic Search,About Us,Tablet,UK,Returning,3.37,2.9,66.42,0,0
S102703,U10846,2026-02-23,Organic Search,Pricing,Desktop,India,New,9.11,7.0,34.0,0,0
S100011,U15579,2026-02-23,Paid Search,Pricing,Mobile,USA,New,8.94,4.2,37.25,0,0
S102631,U11602,2026-02-23,Social Media,Products,Mobile,India,New,13.77,8.2,28.05,0,0
S100163,U16375,2026-02-23,Organic Search,Product Details,Mobile,USA,New,6.21,4.3,58.05,0,0
S105746,U13204,2026-02-23,Social Media,Blog,Desktop,USA,New,2.19,2.1,65.49,0,0
S101789,U10975,2026-02-23,Paid Search,About Us,Mobile,India,New,1.87,3.8,51.61,0,0
S100607,U13268,2026-02-23,Organic Search,Contact Us,Desktop,Canada,New,4.99,2.2,55.57,0,0
S102072,U11926,2026-02-23,Organic Search,FAQ,Mobile,India,New,8.31,5.9,51.6,0,0
S109315,U13907,2026-02-23,Paid Search,Product Details,Mobile,Canada,New,1.57,1.7,67.04,0,0
S109267,U14675,2026-02-23,Referral,Checkout,Desktop,Australia,New,0.91,1.3,77.78,0,0
S102341,U10575,2026-02-24,Paid Search,Product Details,Desktop,Australia,Returning,10.59,7.0,46.96,0,0
S104063,U12016,2026-02-24,Referral,Services,Desktop,USA,New,2.4,2.9,69.04,0,0
S106064,U12867,2026-02-24,Referral,Products,Tablet,India,New,5.57,5.9,58.14,0,0
S109439,U16377,2026-02-24,Organic Search,Services,Desktop,India,New,3.05,2.9,50.87,0,0
S101103,U14655,2026-02-24,Paid Search,Product Details,Mobile,USA,New,9.92,7.8,36.77,0,0
S106061,U15634,2026-02-24,Referral,FAQ,Mobile,India,New,7.58,3.7,58.18,0,0
S102401,U10012,2026-02-24,Organic Search,FAQ,Mobile,India,Returning,6.56,5.5,49.23,0,0
S107123,U11313,2026-02-24,Organic Search,Product Details,Desktop,India,New,10.72,5.8,51.02,0,0
S103127,U12126,2026-02-24,Paid Search,Services,Tablet,India,New,7.61,6.1,48.77,0,0
S104076,U14546,2026-02-24,Paid Search,About Us,Mobile,USA,New,3.64,2.0,69.21,0,0
S102424,U15924,2026-02-24,Social Media,Contact Us,Tablet,Canada,New,8.87,6.6,45.37,0,0
S109775,U11983,2026-02-24,Organic Search,Pricing,Mobile,India,New,1.49,1.1,79.49,0,0
S103107,U11137,2026-02-24,Paid Search,Product Details,Desktop,India,Returning,1.57,1.0,76.2,0,0
S106119,U14945,2026-02-24,Referral,Product Details,Mobile,India,Returning,7.08,4.9,56.95,0,0
S107073,U12032,2026-02-24,Organic Search,Home,Desktop,India,New,2.64,2.5,72.91,0,0
S108879,U10349,2026-02-24,Organic Search,Checkout,Desktop,UK,New,2.81,3.7,77.32,0,0
S106960,U10224,2026-02-24,Social Media,Blog,Tablet,India,New,8.17,6.5,52.18,1,100
S102716,U12711,2026-02-24,Organic Search,FAQ,Mobile,India,New,9.09,5.5,37.85,0,0
S105413,U12876,2026-02-24,Organic Search,Blog,Desktop,Canada,Returning,6.96,4.1,56.6,0,0
S109639,U11010,2026-02-24,Organic Search,Home,Desktop,India,Returning,8.37,3.7,65.69,0,0
S103413,U14572,2026-02-24,Organic Search,Home,Desktop,India,New,1.92,3.3,63.8,0,0
S103417,U13349,2026-02-24,Organic Search,Products,Desktop,India,New,5.99,3.4,69.41,0,0
S103760,U14364,2026-02-24,Direct,Home,Desktop,India,New,8.83,6.6,36.9,1,100
S102151,U10956,2026-02-24,Paid Search,Checkout,Mobile,India,Returning,1.34,1.1,80.66,0,0
S100593,U13970,2026-02-24,Paid Search,Home,Desktop,UK,New,0.59,1.0,84.07,0,0
S108872,U10988,2026-02-24,Referral,Home,Desktop,India,New,4.26,3.6,43.26,0,0
S106327,U15568,2026-02-24,Referral,Contact Us,Mobile,India,New,5.96,4.9,42.83,0,0
S103740,U14306,2026-02-24,Direct,Pricing,Tablet,USA,New,0.91,3.6,49.21,0,0
S102920,U12321,2026-02-24,Paid Search,Pricing,Desktop,India,New,3.66,3.5,60.01,0,0
S108074,U15128,2026-02-24,Direct,Contact Us,Desktop,Canada,New,3.78,3.2,62.85,0,0
S104717,U10681,2026-02-24,Social Media,Pricing,Mobile,India,New,0.98,1.7,72.19,1,100
S107536,U16450,2026-02-24,Direct,FAQ,Desktop,Canada,New,3.94,5.0,54.95,0,0
S107419,U14662,2026-02-24,Social Media,Services,Desktop,India,Returning,1.71,2.3,72.49,0,0
S108928,U16154,2026-02-24,Paid Search,Product Details,Desktop,Australia,New,9.2,5.3,41.02,0,0
S107514,U11106,2026-02-24,Referral,Blog,Mobile,Australia,New,25.81,15.0,10.0,1,100
S109896,U11071,2026-02-24,Social Media,Blog,Desktop,USA,Returning,6.92,5.2,41.37,0,0
S105842,U11648,2026-02-24,Direct,Contact Us,Mobile,India,New,5.02,3.1,66.44,0,0
S100127,U13100,2026-02-24,Referral,Product Details,Desktop,India,Returning,3.22,1.2,62.88,0,0
S108027,U10364,2026-02-24,Organic Search,Home,Mobile,India,New,6.56,5.0,58.95,1,100
S107019,U14322,2026-02-24,Organic Search,Pricing,Mobile,USA,Returning,10.19,7.3,33.75,0,0
S101734,U11390,2026-02-24,Organic Search,Contact Us,Tablet,Australia,New,7.03,3.9,51.5,0,0
S101658,U12770,2026-02-24,Direct,Contact Us,Desktop,UK,New,1.86,1.0,73.54,0,0
S100337,U13235,2026-02-24,Direct,Services,Mobile,India,New,9.05,6.7,56.3,0,0
S100329,U12201,2026-02-24,Organic Search,Products,Desktop,India,New,8.17,5.6,50.61,0,0
S100532,U11244,2026-02-24,Social Media,Pricing,Desktop,India,New,5.62,2.8,44.3,0,0
S106656,U11986,2026-02-24,Direct,Services,Tablet,India,New,4.3,2.7,65.87,0,0
S103286,U11728,2026-02-24,Organic Search,Services,Mobile,UK,Returning,4.75,4.0,50.43,0,0
S106204,U14888,2026-02-24,Social Media,FAQ,Mobile,India,New,2.43,2.6,61.74,0,0
S108436,U13962,2026-02-24,Social Media,Pricing,Mobile,India,New,6.56,5.4,63.05,0,0
S108255,U15973,2026-02-24,Referral,Blog,Desktop,USA,New,11.36,9.8,30.03,0,0
S108437,U15642,2026-02-24,Direct,Pricing,Desktop,India,New,6.71,4.2,64.38,0,0
S104410,U12568,2026-02-24,Organic Search,Home,Desktop,USA,New,4.31,3.5,73.51,0,0
S107771,U16431,2026-02-24,Organic Search,Blog,Mobile,UK,Returning,2.26,2.1,59.14,0,0
S101040,U12740,2026-02-24,Organic Search,FAQ,Desktop,UK,New,4.03,2.9,65.18,0,0
S105364,U12641,2026-02-25,Paid Search,Products,Mobile,India,New,9.57,6.6,47.27,0,0
S106153,U14622,2026-02-25,Social Media,Home,Tablet,India,New,5.66,3.9,69.4,0,0
S104295,U15819,2026-02-25,Organic Search,Pricing,Mobile,USA,New,7.45,5.8,53.61,1,100
S104395,U15242,2026-02-25,Direct,Services,Desktop,India,New,9.49,6.3,39.54,0,0
S105518,U13227,2026-02-25,Organic Search,Home,Tablet,Canada,New,2.96,3.9,71.76,0,0
S100105,U10493,2026-02-25,Paid Search,Pricing,Tablet,India,New,4.02,4.3,60.77,0,0
S106393,U11405,2026-02-25,Referral,Home,Mobile,India,New,3.77,3.4,69.74,0,0
S106351,U16448,2026-02-25,Direct,Home,Mobile,India,New,4.58,3.3,68.13,0,0
S107440,U13830,2026-02-25,Organic Search,Product Details,Desktop,India,New,0.3,3.3,80.3,0,0
S107757,U13792,2026-02-25,Referral,Contact Us,Tablet,India,New,4.9,4.2,61.88,0,0
S105096,U10567,2026-02-25,Organic Search,Home,Desktop,USA,New,3.87,3.2,50.98,0,0
S105704,U16095,2026-02-25,Organic Search,Products,Desktop,India,New,4.59,4.6,49.74,0,0
S103731,U13869,2026-02-25,Direct,FAQ,Mobile,UK,Returning,11.73,10.6,30.45,0,0
S104217,U15220,2026-02-25,Direct,Blog,Mobile,India,New,5.11,2.7,73.87,0,0
S100275,U11844,2026-02-25,Direct,Pricing,Desktop,Canada,New,5.04,3.7,56.5,0,0
S105208,U10821,2026-02-25,Organic Search,Services,Desktop,India,Returning,2.04,2.2,80.25,0,0
S100102,U14860,2026-02-25,Paid Search,Services,Desktop,India,New,3.11,4.3,46.14,0,0
S106949,U11450,2026-02-25,Direct,Blog,Desktop,India,New,2.32,1.4,77.62,0,0
S105255,U13720,2026-02-25,Social Media,Services,Mobile,India,Returning,9.03,6.4,41.76,1,100
S106571,U14967,2026-02-25,Direct,Home,Mobile,India,New,4.01,2.9,59.88,0,0
S106939,U14818,2026-02-25,Referral,Home,Desktop,India,New,2.39,2.5,71.18,0,0
S105972,U11097,2026-02-25,Referral,About Us,Mobile,India,Returning,18.98,10.9,14.96,0,0
S104315,U14580,2026-02-25,Referral,About Us,Mobile,India,Returning,3.09,4.4,76.08,0,0
S106325,U12951,2026-02-25,Paid Search,Product Details,Desktop,India,New,3.95,4.1,72.62,1,100
S107986,U14276,2026-02-25,Paid Search,Products,Mobile,India,Returning,5.0,1.8,64.99,0,0
S104510,U10601,2026-02-25,Organic Search,Product Details,Mobile,USA,New,1.32,2.4,67.61,0,0
S106234,U11976,2026-02-25,Organic Search,Checkout,Mobile,India,Returning,2.15,2.4,81.89,0,0
S105513,U15835,2026-02-25,Organic Search,Services,Mobile,Canada,New,9.73,7.1,47.64,0,0
S103727,U16185,2026-02-25,Referral,Product Details,Mobile,India,Returning,4.84,3.1,55.72,0,0
S106565,U11695,2026-02-25,Organic Search,Checkout,Mobile,Canada,New,4.83,4.5,57.45,1,100
S100702,U15616,2026-02-25,Paid Search,Checkout,Desktop,India,New,5.07,4.4,47.53,0,0
S100626,U15074,2026-02-25,Paid Search,Services,Desktop,Canada,New,4.53,2.4,58.29,0,0
S101435,U12199,2026-02-25,Referral,Products,Desktop,Canada,Returning,2.85,2.2,64.31,0,0
S101772,U13682,2026-02-25,Referral,Product Details,Desktop,USA,New,7.94,5.5,60.76,0,0
S101961,U11981,2026-02-25,Direct,Product Details,Mobile,India,New,1.71,2.9,60.52,0,0
S108876,U16298,2026-02-25,Organic Search,Home,Desktop,India,New,6.85,6.2,58.57,0,0
S108878,U11929,2026-02-25,Organic Search,About Us,Desktop,UK,New,2.53,1.5,57.54,0,0
S102835,U14027,2026-02-25,Paid Search,Services,Desktop,India,New,2.21,2.4,61.94,0,0
S101355,U15183,2026-02-25,Organic Search,Home,Tablet,India,New,1.35,2.0,61.14,0,0
S108490,U13589,2026-02-25,Social Media,Pricing,Mobile,USA,New,3.04,3.5,65.93,0,0
S109459,U10704,2026-02-25,Organic Search,Home,Mobile,UK,New,3.86,5.9,52.95,0,0
S100866,U13420,2026-02-25,Paid Search,Services,Mobile,Canada,Returning,6.17,2.8,60.08,0,0
S103109,U10476,2026-02-25,Paid Search,Products,Desktop,India,New,3.65,1.5,63.37,0,0
S108365,U10836,2026-02-25,Social Media,Blog,Tablet,India,New,1.14,1.0,77.62,0,0
S102766,U13717,2026-02-25,Organic Search,Pricing,Desktop,India,New,2.23,1.2,68.52,0,0
S101234,U16159,2026-02-25,Organic Search,Services,Mobile,India,New,4.28,3.2,59.15,0,0
S108728,U14569,2026-02-25,Paid Search,Home,Mobile,Canada,Returning,8.51,7.8,42.35,0,0
S109504,U10755,2026-02-25,Paid Search,Product Details,Desktop,USA,New,4.65,3.2,45.64,0,0
S100439,U10525,2026-02-25,Social Media,Products,Mobile,UK,Returning,1.13,1.7,65.68,0,0
S108536,U16186,2026-02-25,Paid Search,Checkout,Mobile,India,New,0.85,1.0,84.94,0,0
S109736,U13254,2026-02-25,Social Media,Pricing,Mobile,Australia,Returning,1.92,1.7,74.56,0,0
S101444,U10514,2026-02-25,Paid Search,FAQ,Desktop,USA,Returning,4.95,3.9,58.3,0,0
S108427,U16469,2026-02-25,Direct,Product Details,Mobile,UK,New,1.41,2.1,65.97,0,0
S102730,U12131,2026-02-25,Organic Search,Home,Mobile,Australia,New,0.88,1.0,84.75,0,0
S101482,U10237,2026-02-25,Referral,Blog,Desktop,India,New,4.48,3.3,48.58,0,0
S102218,U14397,2026-02-25,Organic Search,Blog,Mobile,USA,New,5.23,4.3,70.07,1,100
S100540,U14549,2026-02-25,Social Media,Home,Tablet,Australia,New,15.99,10.5,25.09,0,0
S102116,U13805,2026-02-25,Organic Search,Blog,Desktop,UK,New,0.93,2.8,66.47,1,100
S102831,U10715,2026-02-26,Referral,FAQ,Desktop,India,New,4.53,5.8,42.57,0,0
S103923,U11308,2026-02-26,Organic Search,Home,Mobile,India,New,12.42,7.5,43.99,1,100
S102146,U10404,2026-02-26,Referral,Pricing,Desktop,India,New,2.93,3.3,71.53,0,0
S102953,U10302,2026-02-26,Referral,Product Details,Mobile,India,New,2.77,3.7,32.62,0,0
S105015,U12557,2026-02-26,Paid Search,FAQ,Mobile,India,New,2.15,1.5,76.63,0,0
S100399,U10700,2026-02-26,Organic Search,Home,Mobile,India,Returning,0.73,2.1,71.98,0,0
S102195,U14477,2026-02-26,Paid Search,Contact Us,Mobile,UK,New,2.24,2.6,79.85,0,0
S101026,U10067,2026-02-26,Paid Search,FAQ,Mobile,UK,New,5.24,3.9,65.75,0,0
S100484,U14143,2026-02-26,Organic Search,Product Details,Tablet,USA,Returning,7.74,5.5,58.09,1,100
S104658,U16006,2026-02-26,Direct,Home,Desktop,Australia,New,17.03,11.9,11.57,0,0
S104525,U14781,2026-02-26,Paid Search,Services,Tablet,USA,Returning,4.19,3.6,77.01,0,0
S101654,U13960,2026-02-26,Paid Search,Product Details,Mobile,India,New,7.62,3.5,64.83,0,0
S109017,U12559,2026-02-26,Organic Search,Checkout,Mobile,India,New,4.84,3.7,63.13,1,100
S101379,U13058,2026-02-26,Paid Search,Product Details,Mobile,UK,New,5.34,5.1,60.01,1,100
S107729,U10129,2026-02-26,Organic Search,Blog,Tablet,India,New,1.26,1.0,62.32,0,0
S101867,U14796,2026-02-26,Organic Search,Product Details,Mobile,UK,New,11.9,7.5,22.38,0,0
S105828,U12806,2026-02-26,Paid Search,Checkout,Mobile,India,New,10.46,6.7,42.72,1,100
S105155,U15354,2026-02-26,Paid Search,Services,Mobile,USA,New,3.64,2.4,71.42,0,0
S108781,U14355,2026-02-26,Direct,Checkout,Desktop,India,New,1.13,2.6,73.31,0,0
S104403,U11933,2026-02-26,Organic Search,Services,Mobile,USA,New,3.96,2.7,78.66,0,0
S101062,U13736,2026-02-26,Organic Search,FAQ,Desktop,Australia,New,2.99,4.5,65.1,0,0
S103257,U15801,2026-02-26,Organic Search,FAQ,Desktop,India,New,4.06,5.9,49.75,0,0
S105202,U11349,2026-02-26,Referral,Home,Desktop,USA,New,3.53,5.1,45.29,0,0
S106056,U13933,2026-02-26,Paid Search,About Us,Mobile,USA,New,1.48,1.5,67.61,0,0
S107673,U11318,2026-02-26,Organic Search,FAQ,Desktop,USA,New,9.76,6.7,44.17,0,0
S108542,U10258,2026-02-26,Referral,Blog,Desktop,India,New,2.5,1.0,84.49,0,0
S101263,U12266,2026-02-26,Organic Search,Pricing,Desktop,Canada,Returning,5.85,3.0,42.53,0,0
S102614,U10149,2026-02-26,Paid Search,Services,Desktop,Australia,New,4.21,4.7,68.83,1,100
S103905,U11628,2026-02-26,Organic Search,Home,Mobile,India,New,4.25,4.5,66.33,0,0
S109577,U12740,2026-02-26,Organic Search,Product Details,Mobile,India,New,13.64,9.5,36.81,0,0
S109092,U16387,2026-02-26,Organic Search,FAQ,Mobile,Canada,New,8.7,5.9,34.28,0,0
S101068,U11064,2026-02-26,Direct,Product Details,Mobile,USA,New,5.01,5.5,52.87,0,0
S101037,U12473,2026-02-26,Referral,Product Details,Mobile,India,New,2.85,2.8,67.94,0,0
S105068,U12069,2026-02-26,Organic Search,FAQ,Mobile,India,Returning,4.78,5.4,57.42,0,0
S101251,U13326,2026-02-26,Referral,Pricing,Mobile,Canada,Returning,6.74,4.4,53.41,0,0
S100035,U12048,2026-02-26,Organic Search,Product Details,Desktop,Canada,New,4.02,3.5,68.79,1,100
S100837,U14001,2026-02-26,Direct,Services,Desktop,USA,Returning,1.51,2.8,68.03,0,0
S104659,U13812,2026-02-26,Referral,Products,Desktop,India,New,4.68,4.6,68.7,0,0
S103802,U14001,2026-02-26,Organic Search,Home,Desktop,India,New,9.74,4.9,52.7,0,0
S100549,U11758,2026-02-26,Organic Search,Home,Mobile,USA,New,4.98,2.3,62.55,0,0
S105335,U12947,2026-02-26,Organic Search,Services,Mobile,India,New,3.83,3.6,72.84,0,0
S100367,U12486,2026-02-26,Paid Search,Pricing,Desktop,India,Returning,12.94,7.4,49.17,0,0
S103189,U11975,2026-02-26,Paid Search,Services,Desktop,UK,New,6.29,5.4,49.98,0,0
S104954,U15368,2026-02-26,Organic Search,Products,Desktop,India,New,4.56,3.6,62.14,0,0
S102533,U14796,2026-02-26,Paid Search,Product Details,Tablet,India,Returning,4.42,3.8,53.53,0,0
S106611,U13815,2026-02-26,Organic Search,Products,Desktop,India,New,2.21,1.4,71.14,0,0
S100086,U11982,2026-02-26,Direct,Blog,Tablet,Canada,Returning,5.2,4.0,54.85,0,0
S105484,U15661,2026-02-26,Organic Search,Checkout,Mobile,USA,New,3.81,4.8,58.73,0,0
S106896,U13821,2026-02-26,Referral,Services,Desktop,India,Returning,6.11,5.5,43.36,0,0
S105354,U15945,2026-02-26,Paid Search,FAQ,Mobile,USA,New,12.23,7.3,41.88,0,0
S109848,U11284,2026-02-26,Organic Search,Blog,Mobile,Canada,New,6.13,3.4,52.11,0,0
S101607,U15388,2026-02-26,Organic Search,Products,Mobile,India,Returning,2.56,3.4,71.74,0,0
S106791,U13570,2026-02-26,Referral,Home,Mobile,India,New,6.38,3.6,66.23,1,100
S106916,U10844,2026-02-26,Paid Search,Checkout,Desktop,India,New,6.47,6.9,46.23,0,0
S101476,U13187,2026-02-26,Organic Search,Home,Mobile,Australia,Returning,9.93,6.7,38.01,0,0
S108688,U15536,2026-02-26,Referral,Home,Desktop,India,New,0.88,1.4,88.34,0,0
S101510,U14827,2026-02-26,Paid Search,Products,Desktop,India,New,1.79,2.1,75.14,0,0
S106751,U14424,2026-02-26,Referral,Pricing,Mobile,India,Returning,11.56,8.7,34.52,0,0
S104025,U14209,2026-02-26,Referral,Product Details,Mobile,India,New,7.19,3.6,48.41,0,0
S102914,U11312,2026-02-27,Social Media,Services,Desktop,India,New,8.24,6.6,51.35,0,0
S104735,U14161,2026-02-27,Organic Search,About Us,Desktop,India,New,12.33,8.5,35.88,0,0
S103332,U10476,2026-02-27,Paid Search,Home,Mobile,India,New,3.43,2.4,60.09,0,0
S109217,U15025,2026-02-27,Organic Search,Checkout,Mobile,India,New,11.7,9.5,40.83,0,0
S102780,U12010,2026-02-27,Paid Search,FAQ,Desktop,Australia,New,2.06,2.1,62.01,0,0
S101585,U14091,2026-02-27,Organic Search,Services,Tablet,India,New,0.87,2.6,78.21,0,0
S100979,U15377,2026-02-27,Organic Search,Checkout,Mobile,India,New,5.87,5.0,45.5,0,0
S106113,U14625,2026-02-27,Direct,Pricing,Tablet,India,New,0.72,1.0,70.24,0,0
S100685,U13325,2026-02-27,Referral,About Us,Desktop,India,New,3.08,4.7,65.74,0,0
S105734,U10849,2026-02-27,Referral,Product Details,Mobile,USA,New,9.31,6.9,37.4,1,100
S103889,U15674,2026-02-27,Paid Search,Blog,Desktop,Australia,New,6.32,4.0,55.59,0,0
S100121,U16433,2026-02-27,Paid Search,Checkout,Desktop,India,New,1.75,1.4,73.27,0,0
S100528,U15093,2026-02-27,Organic Search,Home,Mobile,India,New,8.57,6.0,48.99,0,0
S105030,U13642,2026-02-27,Direct,Product Details,Mobile,India,New,6.59,6.1,59.41,0,0
S107930,U13193,2026-02-27,Direct,Product Details,Mobile,India,Returning,3.68,2.5,65.56,0,0
S107153,U12842,2026-02-27,Referral,Checkout,Mobile,India,New,3.83,4.0,64.07,0,0
S105824,U11725,2026-02-27,Social Media,Contact Us,Desktop,India,New,4.71,4.4,52.08,1,100
S108445,U13150,2026-02-27,Referral,Home,Desktop,India,New,4.92,5.0,61.84,0,0
S107302,U12573,2026-02-27,Organic Search,Product Details,Desktop,India,Returning,5.64,3.3,71.02,0,0
S108001,U11411,2026-02-27,Direct,Product Details,Desktop,India,Returning,10.75,6.6,46.79,0,0
S100249,U14497,2026-02-27,Organic Search,FAQ,Desktop,UK,New,11.78,7.7,31.54,1,100
S102922,U12231,2026-02-27,Direct,Product Details,Desktop,India,Returning,6.01,3.5,67.05,0,0
S106574,U13978,2026-02-27,Organic Search,FAQ,Mobile,India,New,6.99,4.1,63.04,0,0
S101221,U12646,2026-02-27,Direct,Contact Us,Mobile,India,Returning,1.51,1.0,76.17,0,0
S107564,U11446,2026-02-27,Referral,About Us,Tablet,USA,New,11.2,9.4,30.61,0,0
S101653,U10039,2026-02-27,Social Media,Contact Us,Tablet,India,New,9.96,5.8,61.13,0,0
S106186,U15871,2026-02-27,Direct,Contact Us,Mobile,India,New,6.95,4.0,49.58,1,100
S108387,U15581,2026-02-27,Social Media,Products,Desktop,India,New,4.05,3.5,59.73,0,0
S109156,U15796,2026-02-27,Referral,FAQ,Tablet,Australia,New,4.33,3.0,54.96,0,0
S108056,U10866,2026-02-27,Organic Search,Home,Desktop,India,New,8.48,5.5,43.87,0,0
S104661,U13600,2026-02-27,Organic Search,Checkout,Desktop,Canada,New,1.03,1.0,73.77,0,0
S104701,U15208,2026-02-27,Organic Search,Product Details,Mobile,USA,Returning,7.56,7.7,46.68,0,0
S109306,U13896,2026-02-27,Organic Search,Services,Desktop,Canada,New,8.19,5.9,41.43,0,0
S109594,U10819,2026-02-27,Referral,Pricing,Desktop,India,New,5.58,4.6,59.33,0,0
S102839,U10856,2026-02-27,Organic Search,Home,Mobile,India,Returning,2.22,1.8,57.59,0,0
S103593,U14916,2026-02-27,Referral,Contact Us,Desktop,USA,Returning,3.54,3.3,58.57,0,0
S104520,U13431,2026-02-27,Organic Search,FAQ,Desktop,India,Returning,3.4,3.9,46.97,0,0
S109835,U13243,2026-02-27,Referral,About Us,Tablet,India,New,1.69,2.1,61.28,0,0
S107550,U16469,2026-02-27,Direct,Services,Desktop,India,Returning,2.36,1.0,73.45,0,0
S100969,U12262,2026-02-27,Organic Search,Services,Desktop,India,New,4.44,3.0,64.37,0,0
S109430,U15683,2026-02-27,Organic Search,Blog,Mobile,India,Returning,6.51,2.2,78.2,0,0
S107266,U15984,2026-02-27,Referral,Contact Us,Desktop,India,Returning,14.4,7.9,25.22,1,100
S107017,U10839,2026-02-27,Social Media,Blog,Desktop,India,Returning,2.31,3.1,64.75,0,0
S103111,U11327,2026-02-27,Referral,Pricing,Tablet,UK,New,3.75,2.9,75.33,0,0
S104007,U13638,2026-02-27,Paid Search,Home,Mobile,India,New,5.96,5.6,50.73,0,0
S100919,U13032,2026-02-27,Organic Search,Contact Us,Desktop,India,New,2.35,1.2,66.13,0,0
S107691,U10897,2026-02-27,Organic Search,Product Details,Mobile,Australia,Returning,1.52,3.3,73.48,0,0
S108825,U15409,2026-02-28,Organic Search,Pricing,Tablet,India,New,2.08,3.7,65.03,0,0
S100295,U11017,2026-02-28,Referral,Pricing,Mobile,India,New,4.19,2.6,65.7,0,0
S107119,U13804,2026-02-28,Organic Search,About Us,Desktop,India,Returning,3.24,2.9,68.78,0,0
S104518,U11630,2026-02-28,Referral,Product Details,Mobile,India,New,1.24,1.1,79.92,0,0
S108677,U10710,2026-02-28,Referral,Products,Mobile,India,New,9.23,6.3,42.48,0,0
S101470,U12680,2026-02-28,Direct,Products,Desktop,USA,Returning,8.03,6.8,49.95,0,0
S108432,U15417,2026-02-28,Paid Search,Product Details,Desktop,India,Returning,1.88,1.9,68.65,0,0
S101650,U12984,2026-02-28,Organic Search,Home,Desktop,UK,Returning,14.92,9.5,30.42,1,100
S106305,U11610,2026-02-28,Direct,Home,Desktop,USA,New,0.47,1.0,86.41,0,0
S106263,U11476,2026-02-28,Referral,Product Details,Desktop,Australia,New,5.06,4.4,61.96,0,0
S108756,U10835,2026-02-28,Social Media,About Us,Mobile,India,New,5.1,5.1,61.37,0,0
S109505,U10770,2026-02-28,Paid Search,Services,Mobile,India,New,5.15,4.3,60.79,0,0
S107235,U12750,2026-02-28,Direct,Products,Desktop,India,New,8.3,6.6,54.92,0,0
S107216,U10902,2026-02-28,Direct,Products,Desktop,India,New,3.28,2.5,68.94,0,0
S105296,U10898,2026-02-28,Organic Search,Products,Desktop,India,Returning,3.21,3.6,42.2,0,0
S101691,U14362,2026-02-28,Organic Search,Home,Mobile,India,New,4.4,3.5,51.07,0,0
S100887,U13279,2026-02-28,Social Media,Home,Mobile,India,New,6.83,7.0,53.08,0,0
S106427,U12582,2026-02-28,Organic Search,Pricing,Mobile,India,New,6.18,2.6,60.98,0,0
S109170,U16183,2026-02-28,Organic Search,About Us,Desktop,India,Returning,8.45,5.2,43.45,0,0
S102838,U13927,2026-02-28,Social Media,FAQ,Desktop,India,New,3.76,4.1,68.97,0,0
S108786,U12887,2026-02-28,Social Media,Home,Desktop,India,Returning,1.74,2.0,61.86,0,0
S107880,U14825,2026-02-28,Organic Search,FAQ,Mobile,India,New,4.33,2.7,72.68,0,0
S103553,U13199,2026-02-28,Direct,Blog,Desktop,India,Returning,5.8,3.5,71.34,0,0
S109285,U11165,2026-02-28,Organic Search,Pricing,Mobile,India,New,1.61,1.7,91.06,0,0
S100287,U14062,2026-02-28,Social Media,Blog,Mobile,Australia,New,4.42,3.6,53.67,0,0
S102984,U12744,2026-02-28,Referral,Pricing,Desktop,USA,Returning,6.7,5.3,58.76,0,0
S101002,U10919,2026-02-28,Social Media,Home,Desktop,India,New,1.99,3.4,57.06,0,0
S102800,U10546,2026-02-28,Social Media,Checkout,Mobile,India,New,3.95,3.9,67.29,0,0
S101991,U10527,2026-02-28,Paid Search,FAQ,Mobile,Canada,New,9.93,5.8,54.81,0,0
S106455,U15727,2026-02-28,Referral,Pricing,Mobile,India,New,9.26,6.6,44.29,0,0
S104995,U11527,2026-02-28,Organic Search,About Us,Desktop,Australia,Returning,4.32,2.6,65.97,0,0
S106659,U14604,2026-02-28,Organic Search,Home,Mobile,UK,New,8.1,6.1,46.97,0,0
S101882,U11246,2026-02-28,Organic Search,Products,Mobile,India,Returning,6.6,2.8,50.51,0,0
S105968,U15699,2026-02-28,Paid Search,Home,Desktop,Canada,New,3.82,2.6,63.91,0,0
S102787,U10465,2026-02-28,Referral,Services,Mobile,India,New,4.86,5.3,63.32,0,0
S106512,U10195,2026-02-28,Organic Search,Contact Us,Mobile,Australia,New,9.97,7.3,31.85,0,0
S102108,U15421,2026-02-28,Referral,Services,Mobile,Canada,New,14.25,10.2,19.1,0,0
S100787,U10668,2026-02-28,Organic Search,Blog,Tablet,India,Returning,6.36,3.7,86.11,0,0
S106052,U16200,2026-02-28,Organic Search,About Us,Desktop,USA,Returning,4.12,2.1,69.43,0,0
S103707,U13761,2026-02-28,Organic Search,Product Details,Mobile,USA,New,0.98,2.5,71.5,0,0
S103708,U15807,2026-02-28,Organic Search,Product Details,Mobile,India,New,16.33,10.2,34.04,0,0
S103899,U10300,2026-02-28,Referral,Home,Mobile,India,New,7.7,4.5,50.28,0,0
S102694,U10964,2026-02-28,Organic Search,Services,Mobile,USA,New,1.76,2.7,75.1,0,0
S103775,U15558,2026-02-28,Paid Search,Product Details,Mobile,Canada,Returning,7.47,5.4,56.9,0,0
S107357,U13171,2026-02-28,Organic Search,Product Details,Desktop,India,New,3.93,4.1,61.4,0,0
S102221,U13467,2026-02-28,Direct,Services,Desktop,UK,New,6.41,5.4,39.93,0,0
S103174,U10686,2026-03-01,Paid Search,Pricing,Desktop,India,New,5.78,4.6,58.63,0,0
S105119,U12774,2026-03-01,Referral,Services,Mobile,Canada,New,5.58,4.1,54.84,0,0
S103352,U14136,2026-03-01,Organic Search,Products,Mobile,India,Returning,1.8,2.8,68.05,0,0
S102216,U14556,2026-03-01,Paid Search,Home,Mobile,India,New,6.6,6.6,60.6,0,0
S104736,U13921,2026-03-01,Organic Search,Pricing,Tablet,India,Returning,7.37,3.4,80.78,0,0
S106318,U12096,2026-03-01,Referral,Blog,Mobile,UK,Returning,12.0,6.8,56.2,0,0
S106095,U11637,2026-03-01,Organic Search,Home,Mobile,India,Returning,8.24,5.9,53.92,0,0
S102740,U10400,2026-03-01,Organic Search,Checkout,Desktop,India,Returning,9.05,5.7,53.35,0,0
S106059,U15691,2026-03-01,Organic Search,Services,Tablet,Australia,New,6.79,4.0,61.3,0,0
S106317,U10116,2026-03-01,Direct,Pricing,Desktop,UK,Returning,2.85,3.4,64.78,0,0
S109360,U15019,2026-03-01,Social Media,Product Details,Mobile,India,Returning,4.04,4.3,53.5,1,100
S108518,U14053,2026-03-01,Referral,About Us,Mobile,Canada,Returning,2.76,1.5,75.07,0,0
S109472,U10965,2026-03-01,Social Media,Products,Desktop,USA,New,8.91,7.2,41.71,0,0
S104428,U11891,2026-03-01,Referral,Checkout,Desktop,India,New,3.14,3.7,58.92,0,0
S104259,U14654,2026-03-01,Social Media,Contact Us,Desktop,India,New,3.55,4.8,48.13,1,100
S103061,U15037,2026-03-01,Organic Search,Product Details,Mobile,Canada,New,2.84,1.9,58.88,0,0
S107687,U12758,2026-03-01,Social Media,Product Details,Desktop,USA,New,4.12,1.9,70.27,0,0
S107690,U10179,2026-03-01,Organic Search,Contact Us,Mobile,Australia,New,7.82,5.6,46.58,1,100
S102070,U16083,2026-03-01,Referral,Services,Mobile,India,New,4.82,6.0,41.77,0,0
S106926,U15607,2026-03-01,Paid Search,Pricing,Tablet,Canada,New,5.52,4.8,62.35,0,0
S101719,U14806,2026-03-01,Direct,Products,Desktop,India,New,3.19,2.7,43.94,0,0
S100512,U15238,2026-03-01,Direct,Home,Desktop,USA,New,7.76,5.2,45.43,0,0
S103379,U10924,2026-03-01,Paid Search,Services,Desktop,India,Returning,5.36,3.8,46.89,0,0
S109024,U11841,2026-03-01,Paid Search,Checkout,Mobile,Canada,New,7.12,4.0,56.54,0,0
S105701,U15519,2026-03-01,Organic Search,Blog,Mobile,India,New,3.18,2.7,63.13,0,0
S104095,U13879,2026-03-01,Direct,Product Details,Desktop,USA,Returning,11.05,7.2,32.48,0,0
S109679,U16161,2026-03-01,Organic Search,Services,Mobile,India,New,5.09,2.5,47.13,0,0
S100710,U11325,2026-03-01,Referral,Checkout,Desktop,India,New,1.37,1.0,74.13,0,0
S105804,U14577,2026-03-01,Paid Search,Home,Mobile,Canada,New,4.84,2.5,64.03,0,0
S102174,U16165,2026-03-01,Referral,Services,Mobile,Australia,New,2.32,2.9,57.25,0,0
S109206,U10506,2026-03-01,Social Media,Home,Desktop,India,Returning,2.87,2.0,57.78,0,0
S101462,U15987,2026-03-01,Organic Search,Home,Desktop,India,Returning,8.36,6.3,43.95,0,0
S104517,U10629,2026-03-01,Organic Search,Pricing,Desktop,USA,Returning,3.69,2.3,61.75,0,0
S104561,U12330,2026-03-01,Paid Search,Services,Desktop,USA,Returning,0.73,2.5,61.85,0,0
S107427,U13798,2026-03-01,Paid Search,Services,Desktop,USA,New,1.86,2.4,84.07,0,0
S102038,U10592,2026-03-01,Organic Search,Home,Desktop,India,Returning,6.71,5.2,46.41,0,0
S104958,U12425,2026-03-01,Organic Search,Pricing,Desktop,India,New,2.72,2.9,73.23,0,0
S104868,U15634,2026-03-01,Referral,FAQ,Desktop,USA,New,10.68,8.4,36.63,0,0
S103786,U13260,2026-03-01,Organic Search,Blog,Desktop,UK,New,2.45,2.7,60.47,0,0
S106471,U10288,2026-03-01,Social Media,About Us,Desktop,UK,New,3.46,4.2,60.7,0,0
S103348,U10259,2026-03-01,Referral,Product Details,Mobile,India,New,2.16,2.0,63.2,0,0
S107367,U11391,2026-03-01,Organic Search,Home,Tablet,UK,Returning,12.0,8.6,32.37,1,100
S102275,U11230,2026-03-01,Paid Search,Blog,Tablet,India,Returning,4.89,4.8,58.49,0,0
S106108,U12029,2026-03-01,Referral,Blog,Desktop,India,Returning,9.25,6.8,45.94,0,0
S104048,U13176,2026-03-01,Referral,Home,Desktop,India,New,5.53,5.2,64.61,0,0
S101494,U10805,2026-03-01,Paid Search,Product Details,Mobile,India,Returning,5.75,4.5,55.89,0,0
S108507,U11177,2026-03-01,Social Media,Home,Mobile,USA,New,13.78,8.9,41.42,0,0
S103468,U14629,2026-03-01,Organic Search,Services,Mobile,USA,New,0.8,1.9,65.14,0,0
S105454,U13771,2026-03-01,Paid Search,FAQ,Desktop,India,New,0.47,1.0,70.76,0,0
S103342,U14564,2026-03-01,Direct,Product Details,Mobile,USA,Returning,3.92,4.0,62.29,0,0
S105054,U13279,2026-03-01,Direct,Services,Mobile,India,Returning,2.09,3.5,55.36,0,0
S101407,U15955,2026-03-01,Organic Search,Product Details,Desktop,Australia,New,4.37,2.3,67.82,1,100
S104927,U10817,2026-03-02,Direct,Home,Desktop,India,Returning,4.24,3.4,57.44,0,0
S105290,U16004,2026-03-02,Direct,Products,Tablet,India,New,1.58,2.3,67.66,0,0
S107211,U10297,2026-03-02,Social Media,Services,Mobile,UK,New,2.89,2.2,73.2,0,0
S100757,U14176,2026-03-02,Referral,Home,Mobile,India,Returning,10.74,7.1,40.34,1,100
S101243,U10095,2026-03-02,Organic Search,Pricing,Mobile,India,New,6.19,3.0,55.27,0,0
S100746,U10929,2026-03-02,Paid Search,Services,Desktop,India,New,2.28,1.6,59.73,0,0
S100575,U13747,2026-03-02,Referral,Products,Desktop,USA,New,0.91,2.0,65.84,0,0
S102133,U14541,2026-03-02,Organic Search,Services,Mobile,India,New,2.87,3.5,72.05,0,0
S102454,U13531,2026-03-02,Paid Search,Product Details,Mobile,India,New,11.37,6.9,25.72,0,0
S103218,U11172,2026-03-02,Referral,Blog,Mobile,India,Returning,4.38,3.7,60.75,0,0
S107227,U15651,2026-03-02,Paid Search,Products,Desktop,India,Returning,8.49,4.3,41.99,0,0
S108752,U12582,2026-03-02,Paid Search,Checkout,Desktop,India,New,8.03,6.0,47.49,1,100
S109751,U15823,2026-03-02,Referral,Home,Mobile,India,New,7.45,4.7,53.65,0,0
S101546,U14194,2026-03-02,Organic Search,Product Details,Mobile,India,New,5.07,2.4,71.81,0,0
S102237,U12361,2026-03-02,Paid Search,FAQ,Desktop,India,Returning,13.79,7.9,32.63,0,0
S101618,U10401,2026-03-02,Paid Search,About Us,Desktop,USA,Returning,3.8,4.3,55.06,0,0
S108914,U13970,2026-03-02,Paid Search,Home,Tablet,India,New,10.92,7.3,53.22,0,0
S100386,U12525,2026-03-02,Paid Search,Home,Desktop,India,New,14.52,6.7,41.33,0,0
S103768,U14145,2026-03-02,Organic Search,Services,Desktop,India,New,4.0,3.2,68.23,0,0
S107916,U14583,2026-03-02,Social Media,Home,Desktop,India,Returning,6.59,7.4,34.85,0,0
S101047,U16086,2026-03-02,Organic Search,Home,Tablet,India,Returning,8.32,6.3,57.35,0,0
S106461,U11183,2026-03-02,Organic Search,Blog,Mobile,UK,Returning,3.64,2.4,62.35,0,0
S103636,U15544,2026-03-02,Organic Search,Blog,Mobile,India,New,0.38,1.8,80.32,0,0
S101329,U11206,2026-03-02,Social Media,Home,Desktop,UK,Returning,0.66,3.7,47.25,0,0
S107305,U15215,2026-03-02,Paid Search,Pricing,Mobile,India,New,5.47,4.0,64.94,0,0
S108156,U12670,2026-03-02,Social Media,Services,Mobile,India,New,3.82,3.8,56.48,0,0
S103934,U10267,2026-03-02,Organic Search,Blog,Mobile,India,Returning,1.82,2.0,67.95,0,0
S109081,U12497,2026-03-02,Paid Search,Services,Desktop,India,Returning,4.47,3.7,54.94,0,0
S103892,U13181,2026-03-02,Paid Search,Products,Mobile,India,New,2.94,2.0,69.23,0,0
S105180,U10946,2026-03-02,Organic Search,Product Details,Mobile,India,New,3.15,3.6,63.94,0,0
S109395,U10798,2026-03-02,Organic Search,FAQ,Desktop,India,New,12.98,9.0,30.62,0,0
S101502,U15797,2026-03-02,Social Media,Product Details,Desktop,India,Returning,16.44,9.3,21.91,1,100
S105767,U15950,2026-03-02,Social Media,Pricing,Desktop,India,Returning,14.13,7.9,35.67,0,0
S103154,U14677,2026-03-02,Paid Search,Products,Desktop,India,New,3.75,3.9,47.83,1,100
S108850,U11933,2026-03-02,Paid Search,Products,Mobile,India,Returning,1.74,1.0,83.07,0,0
S108418,U10868,2026-03-02,Paid Search,About Us,Mobile,UK,New,8.26,5.8,57.19,0,0
S101765,U10893,2026-03-02,Organic Search,Contact Us,Mobile,India,New,3.69,2.9,77.81,0,0
S101977,U10591,2026-03-02,Referral,Services,Desktop,UK,Returning,8.98,6.6,44.38,0,0
S102779,U16357,2026-03-02,Social Media,Services,Mobile,India,New,21.23,12.5,10.0,0,0
S101538,U13851,2026-03-02,Organic Search,Home,Mobile,India,New,11.14,8.6,49.75,0,0
S101532,U14789,2026-03-02,Organic Search,Products,Desktop,UK,New,3.3,1.7,71.03,0,0
S109393,U11778,2026-03-02,Direct,Home,Desktop,India,New,7.25,4.9,66.72,0,0
S102873,U12038,2026-03-02,Organic Search,Home,Mobile,Australia,Returning,1.69,2.9,56.12,0,0
S103514,U15395,2026-03-02,Paid Search,Blog,Desktop,USA,New,1.72,3.0,65.11,0,0
S109132,U11357,2026-03-02,Direct,Products,Mobile,USA,New,3.87,3.3,56.97,0,0
S109671,U15560,2026-03-02,Organic Search,Contact Us,Mobile,India,Returning,4.36,5.0,53.39,0,0
S100401,U11140,2026-03-02,Paid Search,Blog,Mobile,India,New,5.38,3.9,56.16,1,100
S102505,U11585,2026-03-02,Paid Search,Checkout,Desktop,India,New,6.19,5.3,40.86,0,0
S106727,U14307,2026-03-02,Direct,Services,Mobile,UK,Returning,1.85,1.0,73.75,0,0
S102664,U13139,2026-03-02,Organic Search,About Us,Desktop,India,Returning,6.05,4.3,46.61,0,0
S100779,U10471,2026-03-02,Referral,Services,Tablet,India,New,6.99,5.9,59.63,0,0
S104768,U10390,2026-03-02,Organic Search,Blog,Tablet,India,New,3.81,2.8,65.62,0,0
S108493,U16063,2026-03-02,Referral,Product Details,Desktop,India,Returning,0.59,1.0,77.59,0,0
S101041,U15402,2026-03-02,Paid Search,Blog,Mobile,Canada,New,2.57,2.5,68.64,0,0
S102647,U12191,2026-03-02,Organic Search,Home,Mobile,India,New,0.44,2.0,78.1,0,0
S101720,U10807,2026-03-02,Paid Search,Pricing,Mobile,India,Returning,6.6,6.2,49.27,0,0
S108330,U11333,2026-03-03,Organic Search,Contact Us,Mobile,UK,New,1.81,1.5,77.14,0,0
S108055,U10330,2026-03-03,Social Media,Checkout,Mobile,Australia,New,8.29,5.3,41.93,1,100
S104161,U12225,2026-03-03,Paid Search,FAQ,Desktop,India,Returning,7.23,4.2,43.08,0,0
S104142,U15896,2026-03-03,Organic Search,Product Details,Desktop,India,Returning,7.52,5.4,41.23,0,0
S104790,U10375,2026-03-03,Direct,Products,Tablet,India,New,8.59,5.2,50.79,0,0
S108360,U11174,2026-03-03,Organic Search,Home,Tablet,Canada,Returning,4.89,3.8,54.19,0,0
S102706,U13037,2026-03-03,Referral,Checkout,Desktop,India,New,8.89,5.8,56.08,0,0
S101432,U16151,2026-03-03,Referral,Blog,Mobile,India,New,11.82,7.9,36.24,1,100
S100718,U12215,2026-03-03,Paid Search,Product Details,Desktop,India,New,1.59,1.4,61.27,0,0
S104789,U13278,2026-03-03,Paid Search,Services,Desktop,UK,New,3.49,3.1,58.68,0,0
S100294,U10624,2026-03-03,Organic Search,About Us,Tablet,India,Returning,6.66,5.7,39.97,1,100
S102525,U15923,2026-03-03,Referral,Products,Desktop,India,Returning,3.03,4.1,62.38,0,0
S104756,U16020,2026-03-03,Organic Search,Products,Mobile,India,New,5.99,2.7,66.59,0,0
S107859,U12149,2026-03-03,Direct,Services,Desktop,India,Returning,4.24,3.3,63.99,0,0
S106312,U14471,2026-03-03,Organic Search,Pricing,Mobile,Australia,New,2.77,1.8,66.59,0,0
S104180,U15221,2026-03-03,Organic Search,Products,Mobile,India,New,6.97,5.3,56.43,0,0
S109470,U10121,2026-03-03,Direct,Blog,Mobile,India,Returning,4.27,2.5,60.17,0,0
S109483,U13171,2026-03-03,Direct,Product Details,Tablet,India,Returning,2.28,2.8,66.44,0,0
S108191,U14153,2026-03-03,Paid Search,Blog,Mobile,USA,New,2.39,3.1,58.22,0,0
S103089,U15196,2026-03-03,Paid Search,Checkout,Desktop,UK,New,3.61,3.1,66.27,0,0
S100175,U11598,2026-03-03,Referral,Products,Desktop,Australia,Returning,2.99,2.5,67.44,0,0
S103815,U13274,2026-03-03,Paid Search,Home,Tablet,India,New,3.1,1.0,61.4,0,0
S102942,U11568,2026-03-03,Referral,Product Details,Desktop,India,Returning,9.31,7.5,33.91,0,0
S102257,U11275,2026-03-03,Organic Search,Pricing,Mobile,India,Returning,8.62,6.6,56.17,1,100
S104989,U11185,2026-03-03,Social Media,FAQ,Desktop,Canada,New,1.07,3.1,66.9,0,0
S100129,U10201,2026-03-03,Direct,FAQ,Mobile,India,New,2.14,2.9,58.32,0,0
S106704,U10653,2026-03-03,Organic Search,Product Details,Desktop,India,Returning,1.68,1.4,62.58,0,0
S102810,U13494,2026-03-03,Referral,Home,Desktop,India,New,5.58,3.5,55.39,1,100
S101799,U13388,2026-03-03,Social Media,Home,Mobile,UK,Returning,15.24,9.4,22.67,0,0
S108375,U13311,2026-03-03,Paid Search,Home,Desktop,Canada,Returning,1.69,1.0,73.66,0,0
S107385,U15110,2026-03-03,Organic Search,Product Details,Desktop,India,New,5.59,4.5,62.83,0,0
S102668,U14495,2026-03-03,Organic Search,FAQ,Desktop,India,Returning,2.01,1.4,73.46,0,0
S102322,U14684,2026-03-03,Direct,Home,Desktop,India,Returning,0.9,1.0,76.54,0,0
S109435,U10946,2026-03-03,Organic Search,Product Details,Desktop,India,New,6.1,4.7,51.87,0,0
S100666,U15589,2026-03-03,Direct,Pricing,Desktop,India,New,11.74,7.8,30.36,0,0
S102155,U11274,2026-03-03,Direct,Contact Us,Mobile,India,Returning,4.8,6.3,44.72,1,100
S101252,U15962,2026-03-03,Paid Search,Checkout,Tablet,India,New,5.75,4.4,63.92,0,0
S105206,U10817,2026-03-03,Organic Search,Home,Desktop,India,Returning,4.76,3.2,51.01,0,0
S107977,U11533,2026-03-03,Social Media,Products,Mobile,Canada,Returning,5.53,5.7,56.5,0,0
S100272,U13220,2026-03-03,Organic Search,Pricing,Desktop,UK,Returning,1.21,2.8,55.35,0,0
S101016,U11297,2026-03-03,Organic Search,Home,Mobile,India,Returning,1.37,2.5,53.11,0,0
S109859,U12801,2026-03-03,Referral,Blog,Mobile,India,New,7.49,5.0,58.67,0,0
S106469,U11631,2026-03-03,Direct,Services,Mobile,India,New,7.9,5.2,49.17,0,0
S106763,U15998,2026-03-03,Social Media,Product Details,Mobile,USA,New,6.36,5.0,49.62,0,0
S104059,U10910,2026-03-03,Organic Search,FAQ,Mobile,USA,New,1.82,3.1,62.59,0,0
S106123,U12822,2026-03-03,Referral,Blog,Mobile,USA,New,2.52,1.0,64.87,0,0
S103643,U14797,2026-03-03,Direct,FAQ,Desktop,USA,New,2.55,2.6,57.29,0,0
S104728,U10561,2026-03-03,Paid Search,Blog,Mobile,India,Returning,9.88,6.4,50.97,0,0
S105639,U16027,2026-03-03,Paid Search,Home,Mobile,India,New,2.26,3.0,66.32,0,0
S107094,U11855,2026-03-03,Organic Search,Services,Mobile,India,New,6.58,3.9,70.4,0,0
S103971,U15811,2026-03-03,Organic Search,Contact Us,Mobile,Canada,New,9.44,6.7,54.71,0,0
S100231,U15686,2026-03-03,Organic Search,Home,Mobile,USA,New,7.08,5.8,54.42,0,0
S106336,U15451,2026-03-03,Organic Search,Contact Us,Mobile,USA,New,6.39,3.6,45.56,0,0
S106338,U10241,2026-03-03,Social Media,About Us,Desktop,India,New,2.09,1.6,69.23,0,0
S108831,U15286,2026-03-03,Referral,Product Details,Mobile,India,New,2.72,3.2,69.88,0,0
S104307,U14026,2026-03-03,Direct,FAQ,Desktop,India,New,1.89,2.8,69.34,0,0
S103198,U10205,2026-03-03,Referral,Products,Desktop,India,New,4.75,3.8,62.02,0,0
S102252,U12204,2026-03-03,Social Media,Product Details,Desktop,India,New,4.99,4.5,58.22,1,100
S103925,U12661,2026-03-03,Referral,Products,Tablet,Australia,New,6.08,6.0,44.31,0,0
S108288,U12530,2026-03-03,Organic Search,Pricing,Mobile,India,Returning,5.2,2.4,68.99,0,0
S109384,U14229,2026-03-04,Organic Search,Services,Mobile,India,New,3.45,1.0,76.54,0,0
S107962,U13277,2026-03-04,Direct,Product Details,Desktop,Canada,Returning,2.29,3.4,43.28,1,100
S107955,U15092,2026-03-04,Direct,Contact Us,Mobile,USA,New,10.11,7.9,32.13,1,100
S100472,U12492,2026-03-04,Referral,Contact Us,Desktop,India,New,5.04,5.0,68.17,1,100
S106207,U12207,2026-03-04,Organic Search,Home,Mobile,India,New,2.67,1.8,72.05,0,0
S106068,U16252,2026-03-04,Paid Search,Products,Desktop,India,New,3.94,3.7,57.59,0,0
S109620,U10212,2026-03-04,Paid Search,Pricing,Desktop,Australia,Returning,15.64,12.3,19.05,1,100
S103792,U15276,2026-03-04,Organic Search,Home,Mobile,India,New,12.9,9.1,31.55,0,0
S101181,U13763,2026-03-04,Social Media,Home,Tablet,India,New,7.83,5.4,65.76,1,100
S102760,U12140,2026-03-04,Organic Search,Home,Mobile,Canada,New,2.5,2.6,57.88,1,100
S101004,U15871,2026-03-04,Organic Search,Home,Desktop,India,New,7.48,6.9,48.52,0,0
S102537,U11242,2026-03-04,Referral,FAQ,Mobile,India,Returning,3.11,1.8,67.94,0,0
S106812,U16136,2026-03-04,Social Media,FAQ,Desktop,India,New,6.98,4.4,50.03,0,0
S103880,U13237,2026-03-04,Organic Search,Product Details,Tablet,India,New,5.69,3.2,64.97,0,0
S102535,U13603,2026-03-04,Direct,Services,Mobile,India,New,5.69,2.8,58.86,0,0
S101207,U15409,2026-03-04,Social Media,Checkout,Tablet,India,Returning,4.06,3.1,50.61,0,0
S106796,U11078,2026-03-04,Referral,FAQ,Tablet,India,New,1.69,1.7,67.46,0,0
S102673,U16098,2026-03-04,Organic Search,Blog,Desktop,India,Returning,4.5,4.3,45.5,0,0
S103692,U11133,2026-03-04,Organic Search,Checkout,Mobile,USA,New,2.14,1.0,66.8,0,0
S102569,U14154,2026-03-04,Organic Search,Product Details,Desktop,Australia,Returning,1.95,3.3,76.28,1,100
S106890,U10257,2026-03-04,Organic Search,About Us,Desktop,India,New,7.5,3.8,76.37,0,0
S101121,U11674,2026-03-04,Referral,FAQ,Mobile,India,New,2.02,1.2,72.13,0,0
S107896,U10643,2026-03-04,Social Media,Services,Mobile,UK,New,9.33,5.2,64.61,0,0
S106063,U15820,2026-03-04,Paid Search,FAQ,Desktop,India,New,3.82,2.1,66.0,0,0
S108481,U15944,2026-03-04,Paid Search,Blog,Desktop,USA,Returning,5.21,3.2,60.63,0,0
S108060,U12355,2026-03-04,Organic Search,Products,Mobile,UK,New,11.17,7.5,29.61,0,0
S108708,U15088,2026-03-04,Paid Search,Pricing,Desktop,India,New,2.9,3.2,58.64,0,0
S101586,U13005,2026-03-04,Organic Search,FAQ,Desktop,USA,New,7.17,5.6,44.44,0,0
S102923,U14041,2026-03-04,Organic Search,FAQ,Desktop,India,New,5.57,4.4,63.27,0,0
S109991,U12167,2026-03-04,Social Media,Product Details,Desktop,UK,New,11.54,8.2,43.18,0,0
S103249,U10598,2026-03-04,Social Media,Blog,Tablet,India,New,2.65,2.1,75.92,0,0
S107374,U13087,2026-03-04,Direct,Services,Desktop,Australia,New,7.05,4.4,52.4,0,0
S103255,U16172,2026-03-04,Direct,Blog,Tablet,India,New,0.3,2.2,60.51,0,0
S104356,U15691,2026-03-04,Organic Search,Services,Mobile,India,Returning,9.92,6.3,58.58,0,0
S108771,U11549,2026-03-04,Organic Search,Checkout,Mobile,Australia,New,8.4,3.9,52.52,0,0
S100541,U15324,2026-03-04,Direct,Product Details,Desktop,India,New,5.59,5.5,52.59,0,0
S100858,U14781,2026-03-04,Organic Search,FAQ,Mobile,Australia,New,8.29,5.6,56.95,0,0
S105057,U15070,2026-03-04,Organic Search,Blog,Desktop,India,New,3.84,3.0,62.98,0,0
S103285,U10611,2026-03-04,Paid Search,Product Details,Mobile,USA,New,5.08,3.8,64.15,0,0
S104451,U13426,2026-03-04,Organic Search,Blog,Desktop,India,Returning,6.55,6.2,53.21,0,0
S106459,U10490,2026-03-04,Referral,Products,Mobile,India,New,6.41,4.7,51.55,1,100
S105117,U16220,2026-03-04,Organic Search,FAQ,Desktop,Australia,Returning,3.35,3.2,60.05,0,0
S108246,U12758,2026-03-04,Referral,Checkout,Mobile,Australia,Returning,2.33,3.6,56.11,0,0
S105176,U16319,2026-03-04,Organic Search,Contact Us,Desktop,Canada,New,4.01,3.6,53.52,0,0
S108428,U14151,2026-03-04,Organic Search,Products,Mobile,India,New,1.08,3.2,56.85,0,0
S104963,U15613,2026-03-04,Organic Search,Home,Desktop,Australia,New,5.85,5.4,58.36,0,0
S101929,U13343,2026-03-04,Organic Search,Checkout,Mobile,India,New,3.8,2.7,75.52,0,0
S107586,U12366,2026-03-04,Organic Search,Contact Us,Mobile,Australia,Returning,4.16,4.2,65.71,0,0
S108668,U15316,2026-03-04,Organic Search,Blog,Desktop,USA,New,4.35,3.1,68.73,0,0
S109776,U13871,2026-03-04,Paid Search,Home,Desktop,USA,New,1.62,1.4,77.79,0,0
S105109,U12157,2026-03-05,Organic Search,Home,Desktop,UK,New,3.9,5.1,51.24,0,0
S102253,U11391,2026-03-05,Direct,Product Details,Desktop,USA,New,7.38,6.0,42.28,1,100
S107379,U15587,2026-03-05,Direct,Contact Us,Mobile,India,New,3.09,1.6,74.18,0,0
S107464,U13811,2026-03-05,Referral,Home,Mobile,UK,New,6.68,6.5,69.38,0,0
S106725,U14233,2026-03-05,Organic Search,Home,Desktop,Australia,New,7.79,5.1,54.43,1,100
S106462,U14480,2026-03-05,Paid Search,Product Details,Desktop,India,New,4.87,3.9,59.98,0,0
S103728,U14007,2026-03-05,Paid Search,Home,Mobile,Australia,New,2.71,1.7,81.63,0,0
S101019,U10126,2026-03-05,Referral,Pricing,Mobile,India,Returning,0.78,2.9,53.03,0,0
S100781,U11354,2026-03-05,Direct,Product Details,Tablet,UK,Returning,3.82,4.1,51.28,0,0
S101456,U10805,2026-03-05,Organic Search,FAQ,Tablet,USA,New,1.88,1.0,61.28,0,0
S107168,U10491,2026-03-05,Organic Search,Product Details,Desktop,USA,Returning,2.13,2.7,74.1,0,0
S108170,U14621,2026-03-05,Organic Search,Product Details,Tablet,India,New,0.39,3.6,78.62,0,0
S106086,U11720,2026-03-05,Paid Search,Home,Desktop,USA,New,3.85,2.1,61.2,0,0
S103875,U12157,2026-03-05,Referral,Product Details,Mobile,USA,Returning,7.72,6.4,41.82,0,0
S101876,U11248,2026-03-05,Paid Search,Pricing,Mobile,India,Returning,13.52,8.1,35.33,1,100
S101672,U13213,2026-03-05,Organic Search,FAQ,Desktop,USA,Returning,4.28,4.5,61.06,0,0
S105520,U15842,2026-03-05,Organic Search,Products,Desktop,India,New,3.03,3.2,65.84,0,0
S100313,U16198,2026-03-05,Social Media,Home,Desktop,USA,New,8.51,4.6,60.86,0,0
S101273,U15444,2026-03-05,Social Media,Home,Tablet,India,Returning,5.97,3.7,61.65,0,0
S101094,U16470,2026-03-05,Organic Search,Blog,Desktop,India,New,3.77,1.4,63.4,0,0
S105830,U10913,2026-03-05,Organic Search,About Us,Tablet,India,Returning,0.64,1.0,73.14,0,0
S105575,U14392,2026-03-05,Referral,Checkout,Mobile,India,Returning,9.46,6.0,46.36,0,0
S103992,U16291,2026-03-05,Referral,Pricing,Desktop,UK,Returning,3.9,4.3,58.04,0,0
S101690,U12425,2026-03-05,Direct,Home,Desktop,India,Returning,5.17,4.1,51.61,0,0
S109634,U15096,2026-03-05,Referral,Product Details,Desktop,India,Returning,5.12,4.9,63.13,0,0
S109089,U12064,2026-03-05,Paid Search,Checkout,Desktop,USA,New,1.96,2.1,71.52,1,100
S109501,U15312,2026-03-05,Organic Search,Home,Desktop,Canada,New,2.1,4.0,67.5,0,0
S104284,U13228,2026-03-05,Social Media,Services,Mobile,India,New,3.2,3.3,63.86,1,100
S102296,U15456,2026-03-05,Social Media,Services,Desktop,USA,New,6.07,3.8,53.36,0,0
S103516,U15076,2026-03-05,Referral,Services,Mobile,India,New,1.44,2.2,69.04,0,0
S104978,U14165,2026-03-05,Paid Search,Products,Mobile,USA,Returning,2.77,4.5,46.52,0,0
S101128,U11343,2026-03-05,Organic Search,Home,Mobile,USA,New,4.7,4.1,65.32,0,0
S100699,U15542,2026-03-05,Organic Search,Services,Desktop,India,New,6.33,5.3,60.46,0,0
S109794,U13436,2026-03-05,Organic Search,Home,Desktop,UK,New,2.36,3.3,63.53,0,0
S109462,U12371,2026-03-05,Social Media,Products,Desktop,India,New,3.6,3.0,52.65,0,0
S106446,U13749,2026-03-05,Organic Search,Products,Tablet,India,New,1.64,1.8,77.5,0,0
S109497,U10299,2026-03-05,Organic Search,About Us,Desktop,India,New,5.04,3.3,53.91,0,0
S104815,U10050,2026-03-05,Social Media,About Us,Mobile,India,Returning,6.9,5.2,53.69,0,0
S101414,U13301,2026-03-05,Direct,Pricing,Mobile,India,New,2.26,1.8,66.02,0,0
S102449,U14017,2026-03-05,Referral,Products,Desktop,Canada,Returning,1.54,2.1,82.55,0,0
S107870,U14655,2026-03-05,Paid Search,Checkout,Desktop,India,New,7.32,6.9,36.84,1,100
S109657,U15661,2026-03-05,Organic Search,About Us,Mobile,India,New,5.36,6.0,55.76,0,0
S100196,U15069,2026-03-05,Paid Search,Checkout,Desktop,India,Returning,5.15,2.4,56.77,0,0
S106232,U10453,2026-03-05,Organic Search,Contact Us,Mobile,Canada,New,5.82,3.1,54.57,0,0
S109173,U10602,2026-03-05,Direct,Services,Mobile,India,New,2.96,5.0,54.01,0,0
S107631,U11870,2026-03-05,Organic Search,FAQ,Mobile,India,Returning,5.92,5.8,51.43,0,0
S105599,U11258,2026-03-05,Referral,Checkout,Desktop,Australia,New,5.99,6.0,64.55,0,0
S108650,U10088,2026-03-05,Social Media,About Us,Desktop,USA,New,4.77,2.1,64.29,0,0
S105382,U16205,2026-03-05,Direct,Blog,Desktop,India,New,6.9,6.9,34.69,0,0
S108393,U13065,2026-03-05,Organic Search,Products,Mobile,USA,New,10.91,5.7,53.33,0,0
S101941,U15659,2026-03-05,Direct,Services,Tablet,Canada,New,8.09,5.7,59.53,0,0
S106219,U13385,2026-03-05,Organic Search,Checkout,Desktop,India,Returning,8.11,7.2,45.95,1,100
S103318,U11012,2026-03-05,Social Media,Products,Mobile,USA,New,6.4,5.6,53.53,1,100
S108972,U15337,2026-03-06,Paid Search,Product Details,Desktop,India,Returning,7.56,5.4,51.42,1,100
S105059,U15874,2026-03-06,Organic Search,Product Details,Mobile,India,Returning,7.56,4.7,46.49,0,0
S103001,U15996,2026-03-06,Referral,Product Details,Mobile,India,Returning,3.47,2.3,72.17,0,0
S108543,U10575,2026-03-06,Direct,Home,Mobile,India,New,2.41,1.8,83.47,0,0
S106467,U12463,2026-03-06,Organic Search,About Us,Desktop,Canada,Returning,6.17,3.9,54.61,0,0
S103308,U13868,2026-03-06,Paid Search,Pricing,Mobile,India,New,7.79,6.7,42.32,0,0
S105106,U11237,2026-03-06,Organic Search,Contact Us,Desktop,USA,New,2.03,1.5,64.37,0,0
S108560,U12776,2026-03-06,Direct,Blog,Tablet,Australia,New,0.89,1.3,85.23,0,0
S105120,U12505,2026-03-06,Referral,Home,Desktop,India,New,13.54,7.8,38.21,0,0
S104719,U12121,2026-03-06,Organic Search,Products,Mobile,India,New,6.6,5.0,68.2,0,0
S107372,U13433,2026-03-06,Paid Search,Home,Tablet,India,Returning,2.26,3.9,46.22,0,0
S108544,U14670,2026-03-06,Direct,Product Details,Desktop,Australia,New,6.02,5.2,51.3,0,0
S101202,U12627,2026-03-06,Referral,Product Details,Desktop,India,New,0.61,2.9,64.25,0,0
S101178,U11319,2026-03-06,Referral,Pricing,Mobile,India,Returning,4.16,3.4,60.49,0,0
S109879,U12695,2026-03-06,Direct,Product Details,Mobile,India,New,3.71,4.0,55.71,0,0
S104686,U15680,2026-03-06,Paid Search,Product Details,Desktop,India,New,6.93,5.3,52.38,0,0
S108379,U12608,2026-03-06,Organic Search,Product Details,Tablet,India,New,1.6,1.0,80.61,0,0
S108021,U14727,2026-03-06,Organic Search,Pricing,Mobile,USA,New,7.14,5.5,51.61,0,0
S101907,U15347,2026-03-06,Organic Search,FAQ,Mobile,USA,Returning,3.58,4.4,66.8,0,0
S100743,U11532,2026-03-06,Organic Search,Services,Desktop,India,New,4.68,2.3,55.42,0,0
S109765,U10916,2026-03-06,Organic Search,Home,Mobile,India,New,5.57,4.2,56.76,0,0
S106936,U11210,2026-03-06,Direct,Pricing,Mobile,India,New,2.62,3.2,70.67,0,0
S100760,U14299,2026-03-06,Organic Search,Products,Desktop,India,New,2.93,3.9,52.4,0,0
S104631,U15635,2026-03-06,Organic Search,Checkout,Desktop,India,Returning,9.12,6.2,58.47,0,0
S103845,U14653,2026-03-06,Organic Search,Blog,Desktop,India,New,6.83,5.2,38.21,0,0
S102158,U12626,2026-03-06,Paid Search,Checkout,Mobile,India,Returning,5.29,4.7,54.29,0,0
S106073,U10891,2026-03-06,Direct,Product Details,Desktop,India,Returning,2.77,2.9,53.07,0,0
S100569,U10896,2026-03-06,Organic Search,Pricing,Mobile,India,Returning,8.86,7.8,43.0,1,100
S100084,U10162,2026-03-06,Direct,Products,Tablet,Canada,Returning,2.86,2.2,73.19,0,0
S106996,U10904,2026-03-06,Organic Search,Pricing,Mobile,India,New,7.31,5.3,57.14,0,0
S102709,U14486,2026-03-06,Referral,Checkout,Mobile,India,New,7.97,6.1,56.2,0,0
S109808,U11528,2026-03-06,Referral,Contact Us,Desktop,India,New,9.43,6.8,57.9,0,0
S100690,U11192,2026-03-06,Referral,Services,Mobile,India,New,2.14,3.1,67.93,0,0
S109561,U13678,2026-03-06,Organic Search,FAQ,Mobile,USA,New,6.8,5.7,56.66,0,0
S108559,U16340,2026-03-06,Paid Search,Home,Mobile,India,New,3.08,2.2,66.25,0,0
S104590,U14571,2026-03-06,Paid Search,Home,Desktop,UK,New,1.16,2.6,69.09,0,0
S109638,U12748,2026-03-06,Organic Search,Home,Desktop,India,New,8.33,6.5,39.36,0,0
S106249,U11765,2026-03-06,Direct,Home,Desktop,India,New,9.6,5.8,52.06,0,0
S104135,U13168,2026-03-06,Paid Search,Contact Us,Desktop,India,Returning,7.17,4.9,47.09,0,0
S109760,U10137,2026-03-06,Direct,Products,Mobile,Australia,New,7.82,4.7,43.64,0,0
S109444,U11545,2026-03-06,Organic Search,Contact Us,Desktop,India,Returning,4.33,3.7,51.96,0,0
S105675,U16382,2026-03-06,Paid Search,Contact Us,Desktop,India,Returning,6.77,5.3,38.56,0,0
S108755,U12487,2026-03-06,Paid Search,Services,Desktop,India,New,2.84,2.2,64.28,0,0
S108738,U11768,2026-03-06,Direct,Home,Desktop,India,New,8.03,4.1,54.55,0,0
S105660,U12431,2026-03-06,Social Media,Home,Desktop,UK,New,4.85,3.9,58.15,0,0
S104043,U13199,2026-03-06,Referral,FAQ,Desktop,Australia,New,17.32,12.6,28.48,0,0
S103943,U10476,2026-03-06,Organic Search,Home,Mobile,India,Returning,1.84,1.2,64.4,0,0
S108732,U10846,2026-03-06,Organic Search,Home,Mobile,India,New,3.28,2.1,66.34,0,0
S106821,U16361,2026-03-06,Organic Search,Home,Desktop,India,Returning,1.83,1.3,63.12,0,0
S104055,U11382,2026-03-06,Organic Search,Pricing,Mobile,India,New,9.7,5.8,36.36,1,100
S101423,U13984,2026-03-06,Referral,FAQ,Mobile,UK,New,2.94,3.2,63.39,0,0
S106797,U15587,2026-03-06,Organic Search,Home,Mobile,India,New,4.66,4.5,71.96,0,0
S105606,U13806,2026-03-06,Direct,Home,Tablet,India,New,2.65,1.2,65.15,0,0
S107174,U14409,2026-03-06,Organic Search,Blog,Desktop,Canada,New,4.12,4.0,65.21,0,0
S107801,U13599,2026-03-06,Referral,Services,Desktop,India,Returning,0.65,1.6,71.12,0,0
S101526,U14226,2026-03-06,Organic Search,Blog,Desktop,UK,New,14.31,9.8,29.43,0,0
S101465,U12902,2026-03-06,Organic Search,Blog,Desktop,Canada,Returning,6.76,3.7,79.02,0,0
S100498,U11370,2026-03-06,Organic Search,Blog,Mobile,India,New,2.34,1.7,71.77,0,0
S101483,U11305,2026-03-06,Organic Search,Pricing,Mobile,India,New,4.29,1.7,67.39,0,0
S105395,U11815,2026-03-06,Organic Search,Contact Us,Tablet,Australia,New,5.6,3.1,62.56,0,0
S105713,U10845,2026-03-06,Organic Search,Blog,Desktop,UK,New,4.07,3.6,65.92,0,0
S102604,U10237,2026-03-06,Organic Search,Blog,Mobile,USA,New,4.43,5.5,63.24,0,0
S100599,U14186,2026-03-06,Organic Search,Products,Mobile,India,Returning,6.78,3.9,53.07,0,0
S104457,U10930,2026-03-06,Paid Search,FAQ,Desktop,India,Returning,2.75,4.1,64.12,0,0
S107941,U10398,2026-03-06,Referral,Services,Desktop,India,New,3.93,3.2,65.92,0,0
S101061,U15727,2026-03-06,Direct,Home,Desktop,USA,Returning,5.82,2.3,77.27,0,0
S101803,U14037,2026-03-06,Direct,Services,Desktop,India,Returning,5.99,3.6,70.56,0,0
S102124,U10662,2026-03-07,Direct,Home,Mobile,India,Returning,12.5,7.3,33.68,0,0
S102626,U12557,2026-03-07,Organic Search,Home,Mobile,UK,Returning,1.97,2.9,80.19,0,0
S107826,U14137,2026-03-07,Social Media,Product Details,Mobile,USA,New,9.87,6.9,46.94,0,0
S105766,U10072,2026-03-07,Referral,Home,Mobile,India,New,8.51,5.9,45.11,1,100
S106597,U12989,2026-03-07,Organic Search,About Us,Mobile,India,New,5.88,5.9,44.69,0,0
S100453,U14930,2026-03-07,Paid Search,Pricing,Desktop,USA,New,6.48,6.6,53.66,0,0
S104107,U15566,2026-03-07,Organic Search,About Us,Desktop,India,Returning,6.49,3.7,55.12,0,0
S105002,U12367,2026-03-07,Organic Search,Home,Mobile,Canada,Returning,14.56,9.8,13.22,1,100
S105637,U11943,2026-03-07,Referral,Checkout,Mobile,USA,New,4.75,4.1,42.69,0,0
S109780,U12148,2026-03-07,Paid Search,Pricing,Tablet,UK,Returning,11.57,8.4,32.64,1,100
S105574,U15149,2026-03-07,Organic Search,Pricing,Desktop,Canada,New,3.22,2.5,66.48,0,0
S105503,U15781,2026-03-07,Organic Search,FAQ,Desktop,India,New,5.42,3.0,64.07,0,0
S101592,U14108,2026-03-07,Paid Search,Product Details,Mobile,Canada,New,4.67,3.4,68.48,0,0
S107308,U10067,2026-03-07,Direct,About Us,Desktop,UK,Returning,1.66,2.0,68.2,0,0
S108370,U14568,2026-03-07,Referral,Blog,Desktop,India,New,2.51,2.9,62.25,0,0
S108121,U11996,2026-03-07,Direct,Pricing,Mobile,India,Returning,8.95,6.1,53.79,0,0
S104691,U12917,2026-03-07,Organic Search,About Us,Mobile,India,New,5.57,6.1,48.67,0,0
S109198,U14236,2026-03-07,Referral,Home,Mobile,India,Returning,16.35,10.6,31.64,0,0
S105435,U16171,2026-03-07,Social Media,Home,Mobile,India,New,0.88,1.1,81.69,0,0
S104745,U10043,2026-03-07,Social Media,Products,Tablet,India,Returning,3.01,4.4,49.89,0,0
S100670,U12617,2026-03-07,Organic Search,Home,Mobile,USA,New,5.19,5.1,60.63,0,0
S109205,U13409,2026-03-07,Referral,Checkout,Desktop,India,New,6.25,4.5,68.09,0,0
S100976,U13645,2026-03-07,Organic Search,Products,Desktop,India,Returning,2.91,2.6,70.64,0,0
S107163,U13415,2026-03-07,Organic Search,FAQ,Mobile,India,New,4.41,3.2,62.05,0,0
S107208,U15657,2026-03-07,Organic Search,About Us,Tablet,India,New,4.48,3.0,64.26,0,0
S102615,U15204,2026-03-07,Direct,About Us,Desktop,Canada,Returning,10.92,6.7,50.4,0,0
S109950,U14582,2026-03-07,Referral,Contact Us,Mobile,India,New,4.64,2.2,77.88,0,0
S108564,U10307,2026-03-07,Referral,Services,Desktop,UK,New,2.61,5.7,60.08,1,100
S104431,U15952,2026-03-07,Organic Search,FAQ,Tablet,USA,Returning,3.76,4.7,64.98,0,0
S100877,U11985,2026-03-07,Direct,Products,Desktop,India,New,7.48,5.4,49.33,0,0
S102008,U15184,2026-03-07,Paid Search,Contact Us,Desktop,India,New,4.16,3.1,71.26,0,0
S105283,U10206,2026-03-07,Direct,Services,Desktop,India,New,4.58,4.5,54.67,0,0
S104856,U15588,2026-03-07,Organic Search,Checkout,Desktop,India,Returning,1.95,1.5,64.14,1,100
S105047,U15325,2026-03-07,Direct,Blog,Desktop,India,Returning,4.73,5.0,51.3,0,0
S108873,U13637,2026-03-07,Social Media,About Us,Tablet,India,New,2.49,1.5,65.86,0,0
S104366,U13432,2026-03-07,Organic Search,Blog,Desktop,Canada,New,1.5,2.8,59.78,0,0
S102170,U15388,2026-03-07,Organic Search,Blog,Mobile,India,New,7.53,5.6,57.19,0,0
S105695,U15209,2026-03-07,Organic Search,Home,Desktop,USA,Returning,1.5,2.5,73.45,0,0
S107911,U15238,2026-03-07,Direct,Contact Us,Mobile,UK,New,8.49,6.0,43.91,0,0
S101028,U12157,2026-03-07,Direct,Pricing,Mobile,India,New,2.84,3.4,60.08,0,0
S102555,U11805,2026-03-07,Referral,Home,Mobile,India,Returning,2.91,2.2,68.43,0,0
S108524,U10373,2026-03-07,Direct,Services,Tablet,India,Returning,1.84,3.2,70.6,0,0
S104338,U11103,2026-03-07,Organic Search,About Us,Desktop,USA,Returning,3.71,2.8,64.23,0,0
S108213,U15378,2026-03-07,Direct,Pricing,Desktop,India,New,2.14,2.3,55.02,0,0
S108804,U16066,2026-03-07,Organic Search,Product Details,Desktop,India,New,3.21,1.8,67.23,0,0
S104818,U10019,2026-03-07,Paid Search,Home,Desktop,Canada,New,3.74,2.0,64.03,0,0
S105839,U12829,2026-03-07,Paid Search,Services,Desktop,India,New,2.32,2.8,73.97,0,0
S104817,U13561,2026-03-07,Paid Search,Home,Mobile,India,New,3.28,3.2,65.53,0,0
S102808,U11460,2026-03-07,Paid Search,FAQ,Mobile,India,New,4.09,4.6,56.31,0,0
S103414,U11822,2026-03-07,Organic Search,Blog,Desktop,UK,New,0.68,1.2,68.58,0,0
S102567,U13062,2026-03-07,Organic Search,Product Details,Desktop,India,New,2.62,2.0,63.29,0,0
S102029,U10779,2026-03-08,Paid Search,Pricing,Desktop,Canada,New,8.36,7.0,57.26,1,100
S104183,U10523,2026-03-08,Paid Search,Product Details,Desktop,USA,New,4.9,5.0,64.24,0,0
S101963,U13057,2026-03-08,Direct,Contact Us,Mobile,India,New,15.12,10.1,21.92,1,100
S104822,U14062,2026-03-08,Organic Search,FAQ,Tablet,USA,New,7.54,5.1,45.56,0,0
S100174,U12730,2026-03-08,Paid Search,About Us,Mobile,India,Returning,6.39,4.1,63.1,0,0
S101965,U10792,2026-03-08,Referral,FAQ,Desktop,India,New,3.76,4.4,55.03,0,0
S104731,U10175,2026-03-08,Paid Search,Products,Mobile,USA,New,4.57,2.4,64.78,0,0
S100539,U13060,2026-03-08,Organic Search,Home,Desktop,India,Returning,10.54,6.6,39.07,0,0
S104195,U15009,2026-03-08,Paid Search,FAQ,Desktop,UK,New,5.35,4.0,46.0,0,0
S101694,U14436,2026-03-08,Direct,Blog,Mobile,India,New,3.16,3.0,69.63,0,0
S108869,U12598,2026-03-08,Paid Search,Home,Tablet,India,Returning,1.06,1.0,69.31,0,0
S101667,U10546,2026-03-08,Social Media,Products,Desktop,Canada,Returning,5.12,4.2,66.81,1,100
S101334,U14806,2026-03-08,Direct,Products,Desktop,USA,Returning,3.52,3.6,57.01,0,0
S105078,U12188,2026-03-08,Social Media,FAQ,Desktop,India,Returning,7.63,6.0,47.39,1,100
S102375,U12876,2026-03-08,Organic Search,Blog,Desktop,India,Returning,4.19,2.9,62.8,0,0
S104325,U15576,2026-03-08,Direct,Product Details,Mobile,UK,Returning,1.45,2.0,76.02,0,0
S107998,U13141,2026-03-08,Social Media,Pricing,Desktop,Australia,New,8.18,7.0,41.66,0,0
S104461,U12410,2026-03-08,Referral,Blog,Desktop,India,New,9.73,6.2,60.37,1,100
S100310,U11155,2026-03-08,Organic Search,Blog,Desktop,UK,Returning,4.27,3.7,67.19,0,0
S105491,U15396,2026-03-08,Organic Search,Products,Mobile,Australia,New,9.02,7.2,38.27,0,0
S107384,U10111,2026-03-08,Organic Search,Blog,Mobile,India,New,4.5,3.5,60.54,0,0
S107391,U11578,2026-03-08,Organic Search,Checkout,Tablet,Canada,New,9.66,6.1,40.22,1,100
S108635,U13540,2026-03-08,Paid Search,Checkout,Tablet,USA,Returning,5.45,4.5,54.64,1,100
S109356,U14869,2026-03-08,Organic Search,Products,Mobile,India,New,6.0,2.9,57.42,0,0
S101230,U14911,2026-03-08,Social Media,Product Details,Mobile,Canada,Returning,1.84,1.7,81.23,0,0
S109673,U11774,2026-03-08,Organic Search,Contact Us,Desktop,Canada,New,5.41,5.0,46.3,0,0
S105396,U12935,2026-03-08,Direct,Services,Desktop,Australia,Returning,3.61,2.8,56.83,0,0
S101764,U14877,2026-03-08,Organic Search,Services,Mobile,India,New,6.36,4.5,52.45,0,0
S104674,U14539,2026-03-08,Referral,Blog,Desktop,India,New,7.64,6.4,68.7,0,0
S108596,U12773,2026-03-08,Direct,Home,Desktop,India,Returning,3.35,2.6,63.29,0,0
S107776,U13645,2026-03-08,Direct,Pricing,Mobile,India,Returning,4.08,4.6,66.04,0,0
S109354,U14377,2026-03-08,Paid Search,Home,Tablet,India,New,8.35,5.5,52.6,0,0
S107093,U14271,2026-03-08,Organic Search,Blog,Desktop,UK,New,1.81,2.0,65.02,0,0
S107485,U11074,2026-03-08,Paid Search,Home,Mobile,Canada,New,6.56,5.8,46.81,0,0
S106762,U11894,2026-03-08,Organic Search,FAQ,Desktop,India,New,7.05,5.6,40.39,0,0
S109610,U12869,2026-03-08,Organic Search,Product Details,Mobile,India,New,11.27,8.9,39.8,1,100
S108227,U11421,2026-03-08,Paid Search,Checkout,Desktop,India,New,1.31,1.1,74.92,0,0
S101057,U12564,2026-03-08,Direct,Home,Mobile,India,New,8.57,4.9,45.95,1,100
S103520,U15756,2026-03-08,Organic Search,Blog,Desktop,India,New,2.12,1.9,70.01,0,0
S100470,U13855,2026-03-08,Organic Search,FAQ,Mobile,USA,New,2.19,4.2,74.01,0,0
S100046,U13203,2026-03-08,Organic Search,Home,Desktop,India,New,10.64,7.6,34.91,1,100
S103415,U10986,2026-03-08,Paid Search,Home,Desktop,India,Returning,3.9,4.3,65.15,0,0
S102916,U15346,2026-03-08,Social Media,Services,Tablet,USA,New,5.18,3.2,61.22,0,0
S108502,U13498,2026-03-08,Paid Search,Checkout,Desktop,India,New,2.36,4.8,54.63,0,0
S108250,U14122,2026-03-08,Referral,Pricing,Tablet,UK,New,5.16,3.4,62.92,0,0
S106488,U10341,2026-03-08,Paid Search,Home,Mobile,Australia,New,9.41,6.8,44.71,0,0
S103453,U16345,2026-03-08,Social Media,Products,Desktop,India,Returning,5.03,2.9,59.89,0,0
S106900,U12646,2026-03-08,Social Media,Checkout,Desktop,India,New,8.88,7.1,39.68,0,0
S109598,U10921,2026-03-08,Organic Search,Blog,Mobile,India,New,4.5,4.7,62.4,0,0
S103528,U10934,2026-03-08,Paid Search,Services,Mobile,India,New,1.88,2.7,74.67,0,0
S108380,U11075,2026-03-08,Direct,Pricing,Mobile,India,Returning,4.56,4.3,69.73,0,0
S108448,U14145,2026-03-08,Direct,Product Details,Desktop,India,New,1.24,1.4,76.08,0,0
S101179,U14712,2026-03-09,Referral,About Us,Desktop,USA,New,2.89,4.4,41.95,0,0
S104114,U11012,2026-03-09,Paid Search,Products,Desktop,Canada,Returning,9.46,5.0,54.65,0,0
S108114,U12008,2026-03-09,Social Media,Products,Desktop,USA,New,10.26,7.7,39.67,0,0
S109830,U15198,2026-03-09,Paid Search,Blog,Desktop,Australia,New,4.42,4.1,49.48,0,0
S109819,U16262,2026-03-09,Paid Search,Checkout,Tablet,India,New,18.12,10.9,23.86,1,100
S105927,U13798,2026-03-09,Organic Search,Home,Mobile,India,New,5.41,2.8,64.2,0,0
S104344,U10393,2026-03-09,Social Media,Product Details,Mobile,India,New,2.16,1.9,79.89,0,0
S103220,U13727,2026-03-09,Paid Search,Contact Us,Mobile,India,New,1.69,3.1,54.46,1,100
S102657,U15549,2026-03-09,Social Media,FAQ,Mobile,India,New,5.5,4.2,74.62,0,0
S101327,U14859,2026-03-09,Paid Search,Home,Desktop,Australia,Returning,3.69,3.8,72.97,0,0
S101236,U13720,2026-03-09,Direct,FAQ,Desktop,Australia,New,9.07,4.9,62.5,0,0
S107402,U12182,2026-03-09,Referral,Product Details,Tablet,India,Returning,3.36,4.1,59.56,0,0
S105950,U11962,2026-03-09,Referral,Home,Desktop,India,New,6.95,4.2,49.75,0,0
S107365,U11491,2026-03-09,Paid Search,Product Details,Tablet,India,New,7.14,5.5,43.56,0,0
S100955,U13901,2026-03-09,Paid Search,Product Details,Tablet,India,Returning,0.49,1.0,67.72,0,0
S109745,U13492,2026-03-09,Paid Search,Products,Mobile,India,Returning,6.3,4.6,40.15,0,0
S108368,U10898,2026-03-09,Organic Search,Products,Desktop,India,New,7.92,5.5,58.04,1,100
S102419,U11015,2026-03-09,Paid Search,Blog,Desktop,USA,New,3.47,2.1,57.83,0,0
S102610,U15368,2026-03-09,Organic Search,Products,Desktop,India,Returning,3.06,1.7,63.06,0,0
S103920,U14261,2026-03-09,Direct,Product Details,Mobile,India,New,7.68,6.5,46.94,1,100
S101877,U15090,2026-03-09,Paid Search,Products,Desktop,India,New,8.12,6.3,42.6,0,0
S108649,U14164,2026-03-09,Organic Search,Blog,Desktop,UK,New,7.72,3.7,53.2,0,0
S102099,U10515,2026-03-09,Social Media,Pricing,Tablet,India,New,6.26,3.8,56.19,0,0
S103823,U14222,2026-03-09,Organic Search,FAQ,Desktop,Australia,New,1.59,3.9,80.7,0,0
S100847,U11669,2026-03-09,Organic Search,Home,Mobile,India,Returning,4.03,2.7,61.44,0,0
S106054,U11261,2026-03-09,Direct,Products,Mobile,India,New,4.11,3.3,71.67,0,0
S101674,U15728,2026-03-09,Referral,Product Details,Desktop,India,New,7.64,5.7,50.21,0,0
S107336,U13741,2026-03-09,Organic Search,Product Details,Mobile,Canada,Returning,6.58,5.6,49.22,0,0
S106596,U11120,2026-03-09,Organic Search,Services,Mobile,India,New,4.53,3.0,67.46,0,0
S103843,U13651,2026-03-09,Organic Search,Products,Mobile,UK,New,7.11,4.0,60.49,1,100
S105841,U16101,2026-03-09,Organic Search,Product Details,Mobile,India,New,10.23,8.0,57.84,0,0
S104079,U16328,2026-03-09,Referral,Contact Us,Mobile,Australia,New,9.9,6.7,45.67,0,0
S102641,U11690,2026-03-09,Referral,Blog,Mobile,India,New,5.43,3.9,59.74,0,0
S108128,U16058,2026-03-09,Social Media,About Us,Mobile,India,New,5.09,4.2,52.66,0,0
S103160,U16405,2026-03-09,Organic Search,Products,Desktop,USA,Returning,10.66,6.4,55.15,1,100
S102592,U12666,2026-03-09,Direct,Blog,Desktop,USA,New,6.99,7.2,45.33,0,0
S104572,U14558,2026-03-09,Organic Search,Pricing,Desktop,UK,New,5.86,4.3,66.03,0,0
S104739,U13172,2026-03-09,Organic Search,Product Details,Mobile,UK,New,1.28,2.5,63.87,0,0
S109800,U10214,2026-03-09,Organic Search,Product Details,Tablet,India,Returning,10.95,9.2,33.31,0,0
S106789,U12477,2026-03-09,Referral,Product Details,Mobile,India,New,3.68,4.3,44.5,0,0
S105257,U12566,2026-03-09,Direct,Home,Desktop,Canada,New,6.34,4.6,72.31,0,0
S108619,U15028,2026-03-09,Social Media,Product Details,Desktop,India,New,1.22,1.0,68.19,0,0
S109925,U12166,2026-03-09,Organic Search,Products,Mobile,India,New,2.4,2.7,62.82,0,0
S102710,U12720,2026-03-09,Paid Search,Pricing,Desktop,USA,New,0.83,1.8,60.46,0,0
S108519,U15304,2026-03-09,Referral,Home,Mobile,UK,New,3.85,3.1,70.31,0,0
S100396,U14277,2026-03-09,Referral,Blog,Desktop,UK,New,3.09,2.1,60.07,0,0
S109139,U12041,2026-03-09,Organic Search,Product Details,Desktop,UK,New,4.12,4.0,61.46,0,0
S102548,U10073,2026-03-09,Referral,FAQ,Mobile,USA,Returning,7.46,4.7,55.4,0,0
S102624,U11524,2026-03-09,Referral,About Us,Desktop,India,New,2.33,2.1,83.79,0,0
S106891,U12431,2026-03-09,Referral,Services,Mobile,USA,New,2.46,2.8,66.02,0,0
S106177,U15185,2026-03-09,Referral,Home,Desktop,India,Returning,7.77,4.2,65.79,0,0
S100578,U14001,2026-03-09,Organic Search,Home,Desktop,India,Returning,7.1,5.1,70.02,0,0
S104974,U15695,2026-03-09,Direct,Home,Mobile,UK,New,2.98,2.9,55.36,0,0
S102240,U11308,2026-03-09,Organic Search,Products,Mobile,India,New,0.5,1.0,68.65,0,0
S101173,U11066,2026-03-09,Referral,Product Details,Mobile,India,Returning,5.46,3.4,65.12,0,0
S105352,U10616,2026-03-09,Direct,Blog,Mobile,Australia,New,0.81,1.8,75.08,0,0
S104812,U10888,2026-03-09,Social Media,Home,Desktop,India,New,3.2,2.0,68.88,0,0
S102291,U15414,2026-03-09,Direct,FAQ,Tablet,India,New,0.39,1.0,73.29,0,0
S101912,U10029,2026-03-10,Organic Search,Blog,Desktop,India,Returning,10.6,7.7,30.01,0,0
S102001,U11017,2026-03-10,Organic Search,Products,Tablet,India,New,7.83,6.1,35.1,1,100
S106074,U16088,2026-03-10,Organic Search,Blog,Tablet,USA,New,2.03,2.2,63.17,0,0
S109798,U12292,2026-03-10,Social Media,FAQ,Desktop,UK,Returning,1.18,2.8,65.51,0,0
S104283,U14215,2026-03-10,Direct,Services,Mobile,Australia,Returning,3.51,2.9,62.58,0,0
S108146,U15333,2026-03-10,Organic Search,Blog,Mobile,UK,Returning,5.5,2.3,58.89,0,0
S104045,U13748,2026-03-10,Direct,FAQ,Mobile,UK,Returning,5.21,2.9,66.89,0,0
S106264,U12897,2026-03-10,Organic Search,Services,Desktop,USA,Returning,1.88,1.5,80.51,0,0
S107598,U13021,2026-03-10,Paid Search,Products,Mobile,UK,Returning,2.27,4.4,74.3,0,0
S106463,U14259,2026-03-10,Organic Search,Home,Mobile,Canada,New,5.62,1.9,46.97,0,0
S103195,U13254,2026-03-10,Organic Search,Pricing,Mobile,India,Returning,2.79,2.4,63.62,0,0
S104289,U13676,2026-03-10,Direct,Products,Desktop,UK,New,4.38,3.7,62.77,0,0
S102801,U15684,2026-03-10,Paid Search,Blog,Desktop,USA,New,7.14,5.6,61.17,0,0
S105848,U12762,2026-03-10,Organic Search,Checkout,Tablet,India,New,3.29,2.2,67.33,0,0
S104323,U13031,2026-03-10,Referral,Services,Desktop,India,New,6.22,4.2,60.61,0,0
S105167,U15629,2026-03-10,Social Media,Services,Desktop,Canada,New,8.43,7.6,49.67,1,100
S104165,U13493,2026-03-10,Paid Search,Services,Mobile,India,New,5.25,3.5,58.31,0,0
S109063,U11392,2026-03-10,Organic Search,Home,Mobile,Canada,New,13.54,8.1,40.29,0,0
S108760,U12444,2026-03-10,Paid Search,Blog,Mobile,Canada,New,5.32,3.1,74.33,0,0
S102943,U15342,2026-03-10,Referral,Home,Mobile,India,New,5.79,5.6,52.32,0,0
S103291,U12080,2026-03-10,Social Media,Blog,Mobile,India,Returning,3.0,3.1,68.69,0,0
S104608,U10290,2026-03-10,Social Media,Products,Mobile,India,New,3.75,1.8,67.02,0,0
S106579,U13982,2026-03-10,Referral,About Us,Tablet,UK,New,1.3,1.3,69.93,0,0
S108185,U14888,2026-03-10,Direct,Products,Mobile,UK,New,5.21,4.1,43.6,0,0
S107113,U12935,2026-03-10,Paid Search,FAQ,Mobile,Canada,Returning,2.83,4.5,49.44,0,0
S108675,U12023,2026-03-10,Referral,Checkout,Desktop,Canada,New,2.3,2.3,80.24,0,0
S106339,U15875,2026-03-10,Paid Search,Contact Us,Mobile,Canada,New,18.07,10.1,25.74,1,100
S101140,U11605,2026-03-10,Referral,Home,Mobile,Canada,New,3.94,2.4,50.96,0,0
S106888,U11479,2026-03-10,Paid Search,About Us,Desktop,India,New,4.51,4.1,59.98,0,0
S109189,U12543,2026-03-10,Organic Search,Home,Mobile,USA,Returning,10.35,6.9,48.2,0,0
S108123,U11322,2026-03-10,Organic Search,Services,Desktop,USA,Returning,3.44,3.4,81.14,1,100
S106030,U10530,2026-03-10,Organic Search,Pricing,Desktop,UK,Returning,5.45,1.3,75.62,0,0
S104097,U15790,2026-03-10,Paid Search,Product Details,Desktop,USA,New,6.26,6.0,61.21,1,100
S107581,U12154,2026-03-10,Organic Search,Products,Mobile,India,New,2.99,1.8,63.94,0,0
S107041,U15488,2026-03-10,Referral,FAQ,Mobile,India,New,5.6,4.6,54.0,0,0
S101741,U12554,2026-03-10,Referral,Home,Mobile,India,Returning,3.79,3.0,50.77,0,0
S109248,U11556,2026-03-10,Organic Search,Home,Mobile,India,New,4.4,4.3,57.62,0,0
S107844,U11118,2026-03-10,Organic Search,Services,Mobile,India,Returning,11.16,6.4,46.16,0,0
S101762,U14256,2026-03-10,Organic Search,Blog,Mobile,India,New,5.24,4.4,58.26,1,100
S105742,U11882,2026-03-10,Direct,Home,Tablet,India,Returning,3.01,2.9,49.57,0,0
S101485,U15878,2026-03-10,Paid Search,About Us,Mobile,India,New,1.36,2.6,70.49,0,0
S102883,U13720,2026-03-10,Organic Search,About Us,Desktop,India,Returning,4.26,3.2,63.57,0,0
S106734,U11803,2026-03-10,Organic Search,Home,Desktop,India,New,2.3,1.4,75.12,0,0
S101378,U15491,2026-03-10,Organic Search,Products,Mobile,India,New,5.25,3.8,53.4,0,0
S100825,U13137,2026-03-10,Paid Search,Contact Us,Desktop,India,New,1.54,2.0,71.6,0,0
S103043,U12180,2026-03-10,Organic Search,Contact Us,Desktop,India,New,1.28,2.2,64.28,0,0
S103519,U12811,2026-03-10,Organic Search,Products,Desktop,India,New,3.93,1.6,56.69,0,0
S105388,U12916,2026-03-10,Referral,Product Details,Mobile,USA,New,15.28,8.9,24.84,0,0
S102000,U15798,2026-03-10,Organic Search,Checkout,Mobile,India,Returning,2.99,2.9,71.76,0,0
S103186,U11244,2026-03-10,Direct,FAQ,Desktop,Australia,New,4.7,4.2,66.91,0,0
S108764,U13687,2026-03-10,Social Media,Product Details,Mobile,USA,New,1.08,1.6,64.35,1,100
S101673,U15394,2026-03-10,Paid Search,Checkout,Desktop,India,Returning,1.72,1.0,77.45,0,0
S102203,U13815,2026-03-10,Paid Search,Contact Us,Desktop,Canada,New,5.02,4.2,63.61,0,0
S108083,U13733,2026-03-10,Referral,Home,Mobile,India,Returning,3.67,3.3,78.28,0,0
S109270,U12252,2026-03-10,Paid Search,About Us,Tablet,Australia,New,5.77,4.2,49.01,0,0
S108391,U10707,2026-03-10,Paid Search,Products,Desktop,India,Returning,4.43,1.7,59.35,0,0
S103900,U10139,2026-03-10,Paid Search,Product Details,Desktop,India,New,4.36,3.2,73.55,0,0
S108890,U11894,2026-03-10,Referral,FAQ,Tablet,India,New,10.48,7.0,27.26,0,0
S105292,U13194,2026-03-10,Direct,Product Details,Desktop,India,New,6.75,5.2,43.33,0,0
S109856,U14757,2026-03-10,Organic Search,Home,Mobile,India,New,2.57,2.5,72.93,0,0
S104199,U12588,2026-03-10,Referral,Blog,Mobile,India,New,4.18,3.8,52.65,0,0
S104580,U14317,2026-03-10,Organic Search,Product Details,Mobile,UK,New,2.84,2.9,53.1,0,0
S100696,U11541,2026-03-10,Referral,Product Details,Desktop,India,New,1.06,1.0,86.44,0,0
S109233,U15561,2026-03-10,Organic Search,Home,Desktop,UK,New,4.46,4.3,60.02,0,0
S101453,U14492,2026-03-10,Social Media,Home,Mobile,USA,New,2.28,1.9,64.79,0,0
S107903,U13702,2026-03-11,Paid Search,Checkout,Desktop,India,New,3.41,3.8,65.05,1,100
S104211,U15575,2026-03-11,Paid Search,Home,Desktop,India,Returning,5.2,2.5,45.55,0,0
S102542,U15102,2026-03-11,Paid Search,Home,Desktop,Australia,New,10.59,7.4,58.96,0,0
S104223,U13894,2026-03-11,Direct,Home,Desktop,India,New,8.25,7.0,38.0,0,0
S105715,U16345,2026-03-11,Direct,Blog,Mobile,Canada,Returning,10.34,8.6,34.94,1,100
S104044,U10257,2026-03-11,Organic Search,Product Details,Mobile,India,New,4.2,3.8,55.69,0,0
S104302,U15856,2026-03-11,Organic Search,Home,Tablet,UK,Returning,4.52,2.1,63.25,0,0
S108399,U11848,2026-03-11,Organic Search,FAQ,Desktop,USA,Returning,7.95,3.6,52.27,0,0
S100397,U10607,2026-03-11,Organic Search,Contact Us,Mobile,Canada,Returning,10.12,7.6,46.7,0,0
S103981,U10903,2026-03-11,Paid Search,Products,Desktop,India,Returning,5.53,4.7,57.62,0,0
S102589,U11017,2026-03-11,Organic Search,FAQ,Mobile,Australia,Returning,9.42,7.4,39.97,0,0
S104031,U11089,2026-03-11,Paid Search,Products,Desktop,India,New,15.57,10.1,25.86,1,100
S109174,U11621,2026-03-11,Direct,About Us,Desktop,Canada,Returning,1.98,1.7,76.55,0,0
S103627,U14379,2026-03-11,Paid Search,Blog,Desktop,Australia,New,4.87,6.8,61.04,0,0
S104038,U14237,2026-03-11,Referral,Pricing,Desktop,India,New,1.38,1.0,74.65,0,0
S109878,U15600,2026-03-11,Organic Search,Blog,Desktop,India,Returning,6.41,4.3,52.04,0,0
S100848,U15990,2026-03-11,Paid Search,Blog,Mobile,India,Returning,12.5,9.8,42.71,0,0
S102137,U10353,2026-03-11,Paid Search,Product Details,Desktop,India,New,2.78,1.5,74.6,0,0
S101836,U13739,2026-03-11,Social Media,About Us,Desktop,USA,New,12.64,7.7,51.45,1,100
S109524,U14379,2026-03-11,Direct,Pricing,Mobile,Canada,New,1.72,2.7,63.84,0,0
S100244,U14932,2026-03-11,Social Media,Blog,Tablet,India,Returning,5.1,4.6,73.5,0,0
S106735,U12714,2026-03-11,Organic Search,Home,Tablet,USA,Returning,2.71,2.4,67.27,0,0
S100714,U13487,2026-03-11,Organic Search,Blog,Mobile,India,Returning,0.72,2.0,68.62,0,0
S101441,U15668,2026-03-11,Paid Search,About Us,Mobile,India,Returning,5.02,4.9,47.9,0,0
S106424,U11910,2026-03-11,Referral,Blog,Desktop,India,Returning,3.21,4.0,60.29,0,0
S100301,U13724,2026-03-11,Referral,Pricing,Desktop,Canada,New,7.47,6.7,49.51,0,0
S106722,U13991,2026-03-11,Direct,Home,Desktop,India,New,7.75,5.4,50.48,0,0
S107606,U15199,2026-03-11,Paid Search,Products,Mobile,UK,Returning,5.42,4.8,62.37,0,0
S107505,U11908,2026-03-11,Paid Search,Checkout,Desktop,India,New,7.87,5.2,44.92,0,0
S104391,U13810,2026-03-11,Referral,Blog,Mobile,Canada,New,4.42,1.2,61.75,0,0
S100390,U16243,2026-03-11,Direct,About Us,Desktop,India,New,3.68,4.4,61.54,0,0
S106477,U16338,2026-03-11,Paid Search,Pricing,Mobile,India,New,4.29,4.7,73.46,0,0
S101210,U11255,2026-03-11,Organic Search,Pricing,Mobile,Canada,New,12.18,9.2,20.15,0,0
S102194,U15948,2026-03-11,Referral,Products,Desktop,USA,New,3.87,3.0,64.21,0,0
S102979,U12326,2026-03-11,Organic Search,Contact Us,Mobile,Australia,New,5.5,3.5,52.57,0,0
S100857,U14147,2026-03-11,Paid Search,Home,Desktop,India,Returning,2.55,2.7,76.47,0,0
S104372,U11073,2026-03-11,Organic Search,Home,Desktop,India,New,10.93,7.3,32.87,0,0
S102690,U11049,2026-03-11,Referral,Blog,Tablet,UK,New,6.49,4.9,43.98,0,0
S104389,U12470,2026-03-11,Organic Search,About Us,Desktop,India,New,5.78,4.4,62.38,0,0
S101257,U16167,2026-03-11,Referral,Checkout,Mobile,India,New,3.64,3.6,68.39,0,0
S106953,U11591,2026-03-11,Direct,Home,Mobile,India,New,7.58,5.9,49.53,0,0
S104324,U13576,2026-03-11,Organic Search,Blog,Mobile,India,New,3.43,3.3,68.52,0,0
S102741,U10609,2026-03-11,Direct,Checkout,Mobile,Australia,New,2.76,2.7,73.16,0,0
S107976,U13628,2026-03-11,Organic Search,FAQ,Desktop,India,Returning,5.0,4.0,55.86,0,0
S102508,U11250,2026-03-11,Direct,Blog,Desktop,USA,New,15.28,10.5,24.77,0,0
S103896,U10383,2026-03-11,Referral,Pricing,Desktop,India,New,3.68,3.4,81.44,0,0
S109345,U14351,2026-03-11,Direct,Pricing,Desktop,USA,New,4.61,2.2,60.19,0,0
S102079,U15384,2026-03-11,Referral,Product Details,Desktop,India,New,10.71,7.3,34.96,1,100
S100808,U12957,2026-03-11,Referral,About Us,Desktop,India,New,19.05,11.0,14.22,0,0
S102106,U12957,2026-03-11,Social Media,About Us,Desktop,India,Returning,15.95,10.3,30.41,1,100
S106163,U12467,2026-03-12,Paid Search,Checkout,Desktop,USA,Returning,7.85,6.1,65.67,0,0
S105019,U14028,2026-03-12,Organic Search,Contact Us,Tablet,India,Returning,4.35,4.8,54.33,0,0
S101858,U11986,2026-03-12,Paid Search,FAQ,Desktop,India,New,3.52,4.0,51.15,0,0
S102999,U13728,2026-03-12,Direct,Blog,Tablet,India,New,7.02,5.2,51.65,1,100
S105129,U16039,2026-03-12,Paid Search,Products,Mobile,India,New,8.78,4.9,43.44,0,0
S103149,U12611,2026-03-12,Paid Search,Product Details,Mobile,India,New,4.12,3.6,71.72,0,0
S104508,U12177,2026-03-12,Direct,FAQ,Desktop,India,New,1.03,2.0,63.19,0,0
S102734,U15449,2026-03-12,Organic Search,Products,Desktop,UK,Returning,13.21,8.8,27.49,0,0
S108459,U12195,2026-03-12,Paid Search,Product Details,Tablet,Canada,Returning,5.62,6.2,56.95,0,0
S104881,U12601,2026-03-12,Paid Search,Contact Us,Mobile,India,Returning,8.04,4.9,62.52,0,0
S103612,U12008,2026-03-12,Direct,FAQ,Mobile,USA,New,6.4,6.2,63.91,0,0
S106610,U15582,2026-03-12,Social Media,FAQ,Desktop,UK,New,5.48,4.4,57.1,1,100
S100343,U15700,2026-03-12,Direct,About Us,Desktop,India,New,9.8,7.3,41.24,0,0
S107486,U14814,2026-03-12,Organic Search,Products,Tablet,Australia,Returning,8.55,7.0,52.25,0,0
S105125,U12701,2026-03-12,Direct,FAQ,Desktop,UK,Returning,7.89,5.1,52.97,0,0
S105710,U14136,2026-03-12,Organic Search,Home,Mobile,India,Returning,1.31,1.7,65.55,0,0
S107431,U13969,2026-03-12,Paid Search,Blog,Desktop,India,Returning,7.25,5.1,62.65,0,0
S109889,U12898,2026-03-12,Social Media,Home,Mobile,Australia,New,2.97,2.5,66.3,0,0
S102507,U13180,2026-03-12,Organic Search,Services,Tablet,India,New,4.49,3.9,63.83,0,0
S109136,U10547,2026-03-12,Paid Search,Home,Mobile,India,New,1.6,1.0,78.29,0,0
S102849,U13457,2026-03-12,Referral,Checkout,Desktop,India,New,4.71,2.8,59.12,0,0
S102966,U13869,2026-03-12,Social Media,FAQ,Mobile,India,New,9.99,5.8,59.49,0,0
S109261,U11925,2026-03-12,Referral,Product Details,Desktop,India,New,3.77,2.9,66.35,0,0
S101381,U15084,2026-03-12,Paid Search,Blog,Desktop,USA,Returning,10.72,8.5,45.09,0,0
S108576,U13787,2026-03-12,Social Media,Checkout,Mobile,India,New,1.96,1.8,80.87,0,0
S102230,U12892,2026-03-12,Direct,Contact Us,Desktop,India,New,12.52,5.9,41.2,1,100
S105076,U15249,2026-03-12,Referral,Product Details,Mobile,India,New,9.77,6.3,40.59,0,0
S106369,U13627,2026-03-12,Direct,FAQ,Desktop,India,New,3.2,4.2,65.4,0,0
S107939,U12507,2026-03-12,Social Media,Product Details,Tablet,UK,New,0.87,2.2,92.66,0,0
S107106,U15134,2026-03-12,Organic Search,Products,Desktop,India,New,6.67,4.5,71.94,1,100
S102794,U12356,2026-03-12,Referral,Products,Desktop,India,New,0.93,1.5,79.62,0,0
S100327,U15593,2026-03-12,Direct,Services,Desktop,UK,Returning,3.62,3.1,62.67,1,100
S100701,U13720,2026-03-12,Organic Search,Checkout,Mobile,USA,New,5.23,3.3,62.18,1,100
S109777,U14529,2026-03-12,Direct,Pricing,Desktop,Australia,New,6.39,3.4,48.65,0,0
S106009,U12045,2026-03-12,Social Media,Home,Tablet,India,Returning,4.18,3.5,67.49,0,0
S107518,U13999,2026-03-12,Organic Search,Home,Mobile,India,New,2.81,2.9,50.63,0,0
S101267,U10985,2026-03-12,Paid Search,Blog,Mobile,UK,New,1.96,2.2,70.23,0,0
S107879,U16068,2026-03-12,Organic Search,About Us,Tablet,Canada,New,2.81,2.2,45.63,0,0
S100563,U13088,2026-03-12,Social Media,FAQ,Mobile,India,New,7.62,6.4,43.09,0,0
S102365,U10455,2026-03-12,Paid Search,Home,Mobile,India,Returning,6.97,4.5,52.21,0,0
S100388,U13445,2026-03-12,Organic Search,Checkout,Mobile,India,Returning,3.81,3.7,40.25,1,100
S101254,U12598,2026-03-12,Referral,Contact Us,Desktop,India,Returning,6.11,5.3,44.8,0,0
S105521,U11099,2026-03-12,Organic Search,Pricing,Mobile,India,Returning,5.69,4.3,46.05,0,0
S104458,U15367,2026-03-12,Referral,Contact Us,Desktop,India,Returning,4.23,4.7,44.77,0,0
S100551,U12071,2026-03-12,Organic Search,Services,Desktop,USA,Returning,1.82,2.4,64.3,0,0
S101066,U10243,2026-03-12,Referral,Home,Mobile,India,Returning,2.06,1.0,69.97,0,0
S103500,U15627,2026-03-12,Social Media,Products,Desktop,USA,Returning,4.47,5.5,55.37,0,0
S102164,U14010,2026-03-12,Referral,Checkout,Desktop,India,New,1.84,2.7,71.39,0,0
S103183,U14714,2026-03-12,Referral,Blog,Mobile,India,Returning,6.33,4.7,47.11,0,0
S106284,U10225,2026-03-12,Direct,Products,Tablet,India,New,10.11,5.4,46.32,0,0
S101766,U12031,2026-03-12,Referral,Products,Mobile,India,New,2.49,4.5,70.64,0,0
S106843,U10644,2026-03-12,Social Media,Checkout,Desktop,India,New,1.56,2.6,66.54,1,100
S102415,U14987,2026-03-12,Organic Search,Contact Us,Mobile,India,New,5.68,4.8,55.42,0,0
S104941,U12102,2026-03-12,Organic Search,Pricing,Mobile,India,Returning,5.96,4.0,65.95,0,0
S100172,U15916,2026-03-12,Organic Search,About Us,Desktop,India,New,2.04,3.2,74.36,0,0
S105481,U12585,2026-03-13,Referral,Blog,Tablet,India,New,3.37,1.6,53.49,0,0
S101479,U14617,2026-03-13,Direct,Checkout,Desktop,India,New,4.18,2.8,56.67,0,0
S104134,U11810,2026-03-13,Paid Search,Products,Desktop,USA,Returning,2.58,1.7,72.5,0,0
S105627,U14660,2026-03-13,Social Media,Home,Desktop,India,New,6.92,5.3,56.4,0,0
S109795,U13202,2026-03-13,Referral,Home,Desktop,India,New,7.18,4.5,58.78,0,0
S102171,U13715,2026-03-13,Organic Search,Blog,Tablet,India,New,3.18,2.9,70.07,0,0
S108646,U14989,2026-03-13,Direct,Pricing,Desktop,Australia,New,6.28,2.5,60.67,0,0
S100815,U11839,2026-03-13,Organic Search,Home,Desktop,USA,New,7.62,4.4,63.96,0,0
S107833,U14921,2026-03-13,Organic Search,Product Details,Desktop,India,New,5.56,3.3,69.76,0,0
S108347,U13141,2026-03-13,Direct,Services,Mobile,India,New,7.73,3.8,69.45,0,0
S105665,U14107,2026-03-13,Paid Search,Home,Desktop,India,New,4.05,3.3,50.31,0,0
S103498,U16143,2026-03-13,Organic Search,Home,Mobile,USA,New,8.24,5.6,54.24,0,0
S104584,U14208,2026-03-13,Social Media,FAQ,Desktop,India,Returning,9.47,5.0,50.8,0,0
S105635,U14332,2026-03-13,Referral,Home,Desktop,India,Returning,2.38,3.7,74.38,0,0
S108151,U13875,2026-03-13,Direct,Products,Mobile,UK,Returning,3.02,2.2,68.8,0,0
S107595,U13512,2026-03-13,Organic Search,Services,Desktop,Canada,New,1.2,1.6,69.69,0,0
S108954,U10259,2026-03-13,Referral,Pricing,Mobile,India,Returning,3.07,2.7,72.47,0,0
S106534,U14517,2026-03-13,Paid Search,Services,Desktop,India,Returning,1.92,2.4,84.71,0,0
S108648,U13383,2026-03-13,Organic Search,Products,Mobile,USA,New,3.11,1.0,60.18,0,0
S106188,U13908,2026-03-13,Direct,Home,Desktop,India,New,3.86,3.0,59.16,0,0
S105555,U14628,2026-03-13,Organic Search,Checkout,Mobile,India,New,1.08,2.0,64.0,0,0
S105071,U16447,2026-03-13,Paid Search,Pricing,Mobile,USA,New,1.74,1.9,72.27,0,0
S101865,U12065,2026-03-13,Organic Search,Services,Tablet,Canada,New,2.62,4.5,57.31,0,0
S102949,U12197,2026-03-13,Paid Search,Services,Desktop,USA,New,2.76,2.2,79.35,0,0
S103693,U13340,2026-03-13,Organic Search,Home,Mobile,India,New,4.16,4.0,41.42,0,0
S104972,U15167,2026-03-13,Social Media,FAQ,Tablet,Australia,New,2.67,3.9,67.75,0,0
S102928,U16268,2026-03-13,Organic Search,Blog,Mobile,UK,Returning,1.81,1.3,66.72,0,0
S105373,U10384,2026-03-13,Referral,Home,Mobile,Canada,Returning,2.0,1.0,75.7,0,0
S108465,U13627,2026-03-13,Direct,Checkout,Mobile,Canada,Returning,2.09,3.5,60.4,0,0
S109155,U15476,2026-03-13,Organic Search,Home,Desktop,India,New,5.34,4.1,58.68,0,0
S104333,U10489,2026-03-13,Direct,Blog,Mobile,India,New,5.3,5.0,45.83,0,0
S101256,U14808,2026-03-13,Referral,Products,Desktop,Australia,New,1.49,3.0,70.48,0,0
S101171,U10601,2026-03-13,Organic Search,About Us,Desktop,India,Returning,6.41,5.1,48.83,0,0
S103334,U12212,2026-03-13,Referral,Products,Mobile,USA,New,3.99,3.1,77.36,0,0
S102965,U12582,2026-03-13,Direct,Home,Tablet,Australia,Returning,6.15,3.8,55.94,0,0
S101165,U14821,2026-03-13,Paid Search,Checkout,Desktop,India,New,9.15,5.1,52.57,0,0
S105836,U16382,2026-03-13,Organic Search,Product Details,Mobile,India,New,4.35,3.4,64.0,0,0
S104288,U12152,2026-03-13,Organic Search,Product Details,Mobile,India,New,1.06,1.0,60.7,0,0
S102111,U13639,2026-03-13,Referral,Products,Desktop,UK,New,2.81,2.3,66.1,0,0
S108737,U15540,2026-03-13,Organic Search,Products,Desktop,India,Returning,3.92,1.0,89.64,0,0
S100667,U13637,2026-03-13,Organic Search,Pricing,Desktop,India,New,7.21,5.4,50.93,1,100
S109129,U10676,2026-03-13,Referral,Services,Tablet,India,Returning,3.24,2.1,64.21,0,0
S109010,U14774,2026-03-13,Direct,Product Details,Mobile,India,Returning,11.4,8.1,32.27,0,0
S109065,U14033,2026-03-13,Paid Search,Home,Mobile,India,New,1.17,1.7,71.6,0,0
S109424,U11562,2026-03-13,Paid Search,Home,Tablet,Canada,New,5.02,2.1,65.51,0,0
S102609,U13944,2026-03-13,Organic Search,Services,Desktop,India,New,2.43,4.0,54.28,0,0
S101945,U13512,2026-03-13,Paid Search,Services,Mobile,India,Returning,5.58,4.2,45.84,0,0
S101032,U14207,2026-03-13,Direct,Services,Mobile,India,Returning,4.57,3.3,50.11,1,100
S101139,U11119,2026-03-13,Direct,Home,Tablet,India,New,4.53,4.5,47.03,0,0
S105011,U15896,2026-03-13,Organic Search,FAQ,Mobile,UK,New,3.76,2.3,69.39,0,0
S101829,U11705,2026-03-13,Paid Search,Blog,Mobile,Canada,New,3.84,4.5,65.35,0,0
S103012,U13082,2026-03-13,Direct,Home,Desktop,India,Returning,4.03,2.8,61.9,0,0
S105400,U13941,2026-03-13,Direct,Home,Tablet,India,New,1.97,2.1,61.57,1,100
S109368,U14265,2026-03-13,Referral,Products,Desktop,USA,Returning,6.64,5.1,53.44,1,100
S109961,U14972,2026-03-13,Organic Search,Products,Mobile,USA,Returning,3.23,3.7,69.46,0,0
S109805,U12931,2026-03-13,Organic Search,Contact Us,Desktop,India,New,6.29,5.3,53.93,0,0
S105906,U15491,2026-03-13,Direct,About Us,Desktop,India,Returning,4.29,2.8,45.97,0,0
S109711,U12276,2026-03-13,Paid Search,Home,Mobile,Australia,New,6.74,5.5,53.94,0,0
S103317,U11578,2026-03-13,Paid Search,Contact Us,Mobile,India,Returning,2.27,2.9,75.43,0,0
S105429,U12379,2026-03-13,Direct,About Us,Desktop,India,New,3.97,3.4,81.79,0,0
S106001,U13971,2026-03-13,Organic Search,Services,Mobile,India,Returning,2.41,2.8,65.77,0,0
S106744,U10942,2026-03-13,Direct,Contact Us,Mobile,India,New,4.12,4.1,57.93,0,0
S107544,U10597,2026-03-13,Organic Search,Pricing,Desktop,India,New,8.0,4.2,53.09,0,0
S108983,U11983,2026-03-13,Social Media,Pricing,Desktop,UK,New,9.61,5.5,57.59,0,0
S101603,U12422,2026-03-13,Organic Search,Home,Tablet,India,New,8.33,4.3,60.63,0,0
S105741,U16332,2026-03-13,Organic Search,Checkout,Mobile,Australia,New,4.33,3.0,52.27,0,0
S108395,U15756,2026-03-13,Social Media,About Us,Mobile,India,Returning,7.21,6.1,47.02,1,100
S100961,U12594,2026-03-14,Paid Search,Blog,Desktop,India,New,9.64,5.3,37.78,0,0
S105347,U13341,2026-03-14,Direct,Home,Mobile,India,Returning,2.12,3.6,53.75,0,0
S101642,U15393,2026-03-14,Referral,Services,Desktop,India,New,8.3,6.3,35.4,0,0
S104859,U13803,2026-03-14,Social Media,Services,Mobile,Canada,New,4.39,4.1,68.34,0,0
S109364,U10702,2026-03-14,Paid Search,Home,Mobile,India,New,10.67,7.8,32.22,0,0
S104154,U16043,2026-03-14,Direct,Product Details,Desktop,India,Returning,1.21,3.7,54.36,0,0
S106060,U12800,2026-03-14,Paid Search,FAQ,Desktop,India,Returning,9.47,5.4,43.61,0,0
S109410,U14754,2026-03-14,Referral,Pricing,Tablet,India,New,4.78,4.9,53.33,1,100
S104598,U14136,2026-03-14,Paid Search,Services,Tablet,India,Returning,6.08,4.6,56.17,0,0
S101498,U12090,2026-03-14,Referral,Products,Desktop,USA,Returning,2.18,2.0,65.84,0,0
S104969,U11135,2026-03-14,Organic Search,Product Details,Desktop,UK,New,1.4,1.0,83.99,0,0
S102004,U12434,2026-03-14,Paid Search,Contact Us,Mobile,India,New,10.25,6.5,47.49,0,0
S106932,U11707,2026-03-14,Organic Search,About Us,Mobile,Australia,New,4.84,5.0,54.48,0,0
S103281,U10344,2026-03-14,Organic Search,Pricing,Desktop,India,New,1.83,1.3,73.94,0,0
S106070,U14007,2026-03-14,Organic Search,Home,Desktop,India,Returning,4.67,4.3,53.8,0,0
S109152,U11133,2026-03-14,Organic Search,Products,Mobile,India,New,2.69,3.0,67.37,0,0
S103499,U13918,2026-03-14,Paid Search,Pricing,Desktop,India,Returning,7.07,4.6,50.59,1,100
S109075,U15336,2026-03-14,Organic Search,About Us,Mobile,India,Returning,6.77,5.4,44.11,0,0
S100641,U13953,2026-03-14,Organic Search,Blog,Desktop,Australia,New,5.04,5.1,46.36,0,0
S101297,U13031,2026-03-14,Organic Search,Product Details,Desktop,Australia,New,6.02,4.5,53.34,0,0
S107873,U13277,2026-03-14,Organic Search,Contact Us,Mobile,India,New,14.85,8.4,14.13,1,100
S104415,U13233,2026-03-14,Direct,Pricing,Tablet,India,New,9.26,5.7,48.87,0,0
S104670,U14087,2026-03-14,Organic Search,Product Details,Desktop,UK,New,1.54,1.0,76.4,0,0
S106000,U14766,2026-03-14,Organic Search,Contact Us,Mobile,India,New,7.99,5.6,40.69,0,0
S101393,U11482,2026-03-14,Organic Search,Home,Desktop,India,New,6.71,5.2,53.19,0,0
S102440,U13611,2026-03-14,Social Media,Product Details,Desktop,USA,New,6.97,4.9,40.59,0,0
S108265,U10990,2026-03-14,Direct,Home,Mobile,India,New,11.12,5.5,42.14,1,100
S107331,U11639,2026-03-14,Direct,Contact Us,Desktop,USA,New,3.75,3.9,43.67,0,0
S106453,U15930,2026-03-14,Organic Search,Product Details,Mobile,India,New,1.63,1.0,77.94,0,0
S107345,U12796,2026-03-14,Direct,Blog,Tablet,Australia,New,8.25,6.0,60.25,0,0
S106290,U14810,2026-03-14,Social Media,Home,Mobile,UK,Returning,4.98,5.0,55.62,0,0
S109782,U14695,2026-03-14,Organic Search,Blog,Mobile,India,New,5.61,3.7,46.05,0,0
S108397,U11335,2026-03-14,Organic Search,Blog,Mobile,India,New,4.54,4.8,62.44,0,0
S109874,U11423,2026-03-14,Direct,Checkout,Mobile,India,New,10.14,7.3,41.91,0,0
S101035,U14719,2026-03-14,Direct,Product Details,Desktop,Canada,New,13.21,8.1,34.87,0,0
S109861,U12897,2026-03-14,Organic Search,Products,Mobile,India,New,11.37,7.2,55.32,0,0
S101804,U15069,2026-03-14,Paid Search,Products,Desktop,India,New,6.07,3.8,58.5,0,0
S107617,U16392,2026-03-14,Organic Search,Home,Mobile,India,New,8.6,6.8,56.71,0,0
S100347,U13988,2026-03-14,Referral,Blog,Desktop,USA,Returning,3.03,2.5,59.57,0,0
S102628,U14577,2026-03-14,Referral,Services,Mobile,India,New,3.72,2.8,51.94,0,0
S101080,U10118,2026-03-14,Organic Search,Product Details,Mobile,UK,Returning,3.88,3.9,50.31,0,0
S100217,U15617,2026-03-14,Paid Search,About Us,Tablet,India,New,2.81,5.4,45.86,0,0
S108491,U11813,2026-03-14,Referral,Products,Tablet,India,Returning,11.82,7.6,42.22,0,0
S101198,U13111,2026-03-14,Direct,Home,Desktop,USA,New,5.12,4.4,51.06,0,0
S109060,U10805,2026-03-14,Organic Search,Services,Mobile,Canada,Returning,17.19,9.9,24.06,0,0
S100958,U10524,2026-03-14,Organic Search,Products,Tablet,Australia,Returning,7.58,4.4,54.33,0,0
S102974,U14083,2026-03-14,Direct,Home,Desktop,India,New,1.3,2.8,53.37,0,0
S106460,U12526,2026-03-14,Organic Search,Pricing,Mobile,India,New,14.34,7.0,18.71,0,0
S100879,U10236,2026-03-14,Referral,Product Details,Desktop,Australia,New,1.25,2.2,84.16,0,0
S102855,U10148,2026-03-14,Paid Search,Services,Desktop,India,New,12.75,10.0,32.06,1,100
S101404,U10833,2026-03-14,Organic Search,FAQ,Mobile,India,Returning,3.59,2.5,62.07,0,0
S101305,U12709,2026-03-14,Social Media,Services,Desktop,India,New,10.56,5.7,62.06,1,100
S108290,U11869,2026-03-14,Organic Search,Contact Us,Desktop,India,Returning,2.74,4.9,81.78,1,100
S103562,U10779,2026-03-14,Organic Search,Checkout,Desktop,Canada,New,4.6,4.8,69.06,0,0
S101750,U13171,2026-03-15,Organic Search,Product Details,Mobile,USA,New,3.97,3.3,64.39,0,0
S102975,U15527,2026-03-15,Paid Search,Checkout,Desktop,Canada,New,2.09,1.5,72.99,1,100
S107674,U14494,2026-03-15,Organic Search,About Us,Mobile,USA,New,7.27,3.5,64.3,0,0
S105282,U15814,2026-03-15,Direct,Pricing,Tablet,India,New,1.93,1.5,70.36,0,0
S103419,U13832,2026-03-15,Direct,Pricing,Mobile,India,Returning,2.27,1.0,65.08,0,0
S108244,U13824,2026-03-15,Direct,Product Details,Mobile,India,New,7.03,4.1,67.66,0,0
S105474,U13427,2026-03-15,Referral,Blog,Mobile,USA,New,2.32,2.8,63.26,0,0
S100839,U12153,2026-03-15,Paid Search,About Us,Desktop,Canada,New,9.79,5.4,56.22,0,0
S103450,U11071,2026-03-15,Paid Search,Blog,Desktop,India,New,4.3,4.4,47.22,0,0
S103323,U15298,2026-03-15,Organic Search,Services,Mobile,India,New,7.23,5.1,46.87,0,0
S108345,U12730,2026-03-15,Organic Search,Products,Desktop,India,Returning,6.78,3.2,58.35,0,0
S108932,U10049,2026-03-15,Organic Search,Checkout,Mobile,India,New,4.07,3.4,66.21,0,0
S107750,U14281,2026-03-15,Organic Search,Services,Mobile,USA,New,0.81,1.7,78.31,0,0
S106268,U10726,2026-03-15,Organic Search,Checkout,Mobile,India,Returning,2.29,3.4,49.89,0,0
S101537,U10149,2026-03-15,Social Media,Products,Desktop,UK,New,3.07,1.0,92.38,0,0
S107669,U12450,2026-03-15,Social Media,Blog,Mobile,Australia,New,6.56,3.8,57.59,0,0
S104185,U13524,2026-03-15,Organic Search,Contact Us,Desktop,India,New,3.71,3.7,54.66,0,0
S106607,U12709,2026-03-15,Direct,Home,Desktop,Canada,New,6.07,4.1,61.41,0,0
S108743,U12818,2026-03-15,Direct,About Us,Desktop,India,New,3.14,2.7,63.92,0,0
S109164,U12114,2026-03-15,Organic Search,Services,Desktop,Canada,New,1.49,4.8,79.57,0,0
S106709,U11500,2026-03-15,Paid Search,Product Details,Tablet,India,New,1.85,1.8,75.38,0,0
S103496,U15779,2026-03-15,Social Media,Product Details,Mobile,India,New,5.75,4.0,55.45,0,0
S107665,U12658,2026-03-15,Paid Search,Blog,Mobile,India,New,6.27,3.2,55.08,0,0
S100896,U16242,2026-03-15,Organic Search,Products,Desktop,India,Returning,7.02,5.8,58.05,0,0
S101684,U14844,2026-03-15,Social Media,FAQ,Tablet,India,New,4.82,4.8,73.89,0,0
S106361,U11903,2026-03-15,Organic Search,Contact Us,Desktop,Canada,New,6.31,3.9,50.44,0,0
S105085,U10277,2026-03-15,Referral,Home,Desktop,India,New,2.05,3.7,70.54,0,0
S106903,U13986,2026-03-15,Paid Search,Products,Desktop,India,Returning,8.57,7.4,56.71,1,100
S101431,U16098,2026-03-15,Social Media,Product Details,Desktop,India,New,8.56,6.6,42.22,0,0
S100488,U15226,2026-03-15,Paid Search,Services,Desktop,India,New,5.64,4.1,69.01,0,0
S102041,U16236,2026-03-15,Paid Search,Checkout,Mobile,India,New,4.63,5.3,67.53,0,0
S101169,U12622,2026-03-15,Social Media,Contact Us,Mobile,USA,New,6.6,5.1,49.63,1,100
S109624,U10332,2026-03-15,Organic Search,Blog,Desktop,India,New,2.94,2.2,69.42,0,0
S109361,U14648,2026-03-15,Organic Search,Checkout,Desktop,India,New,4.15,4.7,60.57,0,0
S107935,U15556,2026-03-15,Social Media,Product Details,Desktop,USA,New,2.4,4.2,63.11,0,0
S103859,U12170,2026-03-15,Organic Search,Products,Mobile,Canada,New,4.24,2.6,64.47,0,0
S104744,U14947,2026-03-15,Organic Search,FAQ,Desktop,UK,New,4.03,3.5,67.04,0,0
S109995,U15194,2026-03-15,Referral,Home,Mobile,India,Returning,3.65,3.3,60.42,0,0
S100805,U12509,2026-03-15,Direct,Pricing,Desktop,India,New,3.65,4.3,52.86,0,0
S108555,U13460,2026-03-15,Referral,Services,Tablet,UK,New,10.24,7.3,36.77,1,100
S105990,U14530,2026-03-15,Organic Search,Product Details,Desktop,Australia,New,6.81,6.6,37.16,1,100
S100823,U11825,2026-03-15,Direct,Services,Mobile,USA,New,6.08,4.1,62.92,0,0
S102590,U14407,2026-03-15,Organic Search,Checkout,Mobile,UK,New,4.3,2.5,77.46,1,100
S104948,U13343,2026-03-15,Paid Search,Home,Desktop,India,New,14.2,6.5,46.39,0,0
S102602,U12563,2026-03-15,Direct,Checkout,Mobile,India,Returning,12.91,9.0,31.76,1,100
S106833,U14838,2026-03-15,Organic Search,Pricing,Mobile,Australia,New,11.69,9.2,37.01,0,0
S105907,U12187,2026-03-15,Direct,Home,Desktop,Canada,New,4.14,4.0,57.23,0,0
S107947,U10556,2026-03-15,Referral,Checkout,Mobile,USA,New,5.68,3.3,51.94,0,0
S107395,U10973,2026-03-15,Referral,Products,Mobile,USA,New,3.93,2.2,64.11,0,0
S108637,U13484,2026-03-15,Paid Search,Home,Desktop,India,New,4.53,3.3,60.92,0,0
S103632,U12141,2026-03-15,Organic Search,Blog,Mobile,India,New,3.83,3.0,71.78,0,0
S109640,U11551,2026-03-15,Organic Search,Blog,Desktop,USA,New,7.31,4.6,52.1,0,0
S102858,U13898,2026-03-15,Organic Search,About Us,Mobile,India,New,0.86,1.0,79.71,0,0
S101332,U11991,2026-03-15,Organic Search,Services,Mobile,UK,New,3.41,3.0,60.22,0,0
S104860,U15809,2026-03-15,Social Media,Services,Mobile,India,New,2.14,1.7,63.04,0,0
S102073,U12057,2026-03-15,Referral,Home,Desktop,India,New,3.05,1.3,69.1,0,0
S101215,U11121,2026-03-15,Referral,Pricing,Desktop,India,New,6.76,6.6,59.55,0,0
S102687,U12947,2026-03-15,Direct,About Us,Tablet,India,New,5.1,4.1,54.43,0,0
S102844,U14941,2026-03-15,Social Media,Home,Desktop,India,New,7.73,5.0,57.65,0,0
S108526,U12249,2026-03-15,Referral,Products,Desktop,India,New,4.77,3.9,53.55,0,0
S108135,U16201,2026-03-15,Direct,Checkout,Desktop,India,Returning,7.12,7.1,37.67,0,0
S100909,U12129,2026-03-16,Social Media,Home,Tablet,India,Returning,7.5,4.4,66.72,0,0
S103303,U11750,2026-03-16,Organic Search,Product Details,Mobile,India,New,2.65,2.1,64.05,0,0
S109604,U16405,2026-03-16,Organic Search,Checkout,Mobile,India,New,7.2,5.6,60.79,1,100
S106692,U15795,2026-03-16,Organic Search,Product Details,Desktop,India,Returning,3.11,2.1,65.02,0,0
S105294,U16240,2026-03-16,Referral,Services,Tablet,India,Returning,3.33,2.4,62.6,1,100
S102563,U12824,2026-03-16,Paid Search,Blog,Mobile,India,New,5.05,5.0,48.94,1,100
S108699,U15639,2026-03-16,Organic Search,Checkout,Desktop,India,Returning,0.81,1.0,86.33,0,0
S101022,U13597,2026-03-16,Paid Search,Home,Mobile,India,Returning,2.04,1.9,71.53,0,0
S107246,U16032,2026-03-16,Organic Search,Product Details,Mobile,Canada,Returning,2.71,2.5,60.55,0,0
S101560,U16345,2026-03-16,Referral,Products,Desktop,India,New,11.12,7.3,39.44,0,0
S108353,U14952,2026-03-16,Paid Search,Products,Tablet,Australia,Returning,0.86,1.0,86.34,0,0
S105003,U13758,2026-03-16,Paid Search,Product Details,Desktop,USA,New,12.22,6.4,45.01,0,0
S104819,U14822,2026-03-16,Organic Search,Checkout,Mobile,UK,Returning,2.12,3.2,67.53,0,0
S105355,U10955,2026-03-16,Organic Search,FAQ,Mobile,Canada,New,8.33,5.7,42.37,0,0
S100359,U14566,2026-03-16,Organic Search,Product Details,Mobile,Canada,New,3.61,2.4,66.39,0,0
S106685,U14104,2026-03-16,Organic Search,Pricing,Tablet,India,Returning,6.51,4.6,55.2,0,0
S107654,U10611,2026-03-16,Paid Search,Blog,Desktop,USA,New,1.16,1.4,61.93,0,0
S106757,U10263,2026-03-16,Referral,Services,Desktop,USA,New,2.08,3.4,61.96,1,100
S100261,U14283,2026-03-16,Organic Search,Products,Mobile,India,New,0.74,1.0,73.8,0,0
S104669,U13643,2026-03-16,Social Media,Blog,Mobile,Australia,Returning,4.24,4.7,51.76,0,0
S102100,U14905,2026-03-16,Organic Search,Blog,Mobile,India,Returning,10.78,6.9,52.93,0,0
S104665,U10310,2026-03-16,Direct,Pricing,Mobile,UK,New,3.41,2.7,62.05,1,100
S102598,U14753,2026-03-16,Referral,Product Details,Mobile,India,New,10.04,7.5,48.88,0,0
S100902,U14345,2026-03-16,Referral,Product Details,Desktop,India,Returning,2.03,1.0,76.12,0,0
S106703,U10171,2026-03-16,Direct,Blog,Mobile,India,Returning,2.73,3.6,71.35,0,0
S104961,U14018,2026-03-16,Social Media,Services,Desktop,India,New,2.76,1.1,82.34,0,0
S107768,U13735,2026-03-16,Direct,Products,Desktop,USA,New,4.05,4.9,54.78,0,0
S106628,U10610,2026-03-16,Organic Search,Home,Desktop,Australia,Returning,20.35,13.5,12.04,0,0
S100120,U14515,2026-03-16,Direct,Checkout,Desktop,UK,New,6.44,4.0,70.79,0,0
S109654,U10528,2026-03-16,Paid Search,Product Details,Mobile,India,New,4.05,4.7,57.41,1,100
S108257,U16381,2026-03-16,Paid Search,Product Details,Tablet,USA,New,5.64,3.9,49.43,0,0
S108989,U12079,2026-03-16,Direct,FAQ,Mobile,India,New,5.63,2.6,56.69,0,0
S109160,U14277,2026-03-16,Paid Search,Home,Mobile,UK,Returning,4.57,5.1,59.21,0,0
S103706,U10727,2026-03-16,Direct,Blog,Desktop,India,Returning,3.67,2.3,71.0,0,0
S105272,U12383,2026-03-16,Organic Search,Blog,Desktop,India,New,5.12,2.3,65.95,0,0
S102094,U13462,2026-03-16,Organic Search,Product Details,Mobile,USA,New,9.75,6.2,47.28,0,0
S107439,U14483,2026-03-16,Paid Search,Pricing,Desktop,India,Returning,5.78,4.4,58.86,1,100
S108052,U10642,2026-03-16,Referral,About Us,Mobile,Australia,New,8.12,8.1,41.06,0,0
S108578,U15399,2026-03-16,Referral,Home,Mobile,India,Returning,2.75,3.1,63.49,0,0
S105915,U14764,2026-03-16,Referral,Products,Desktop,India,Returning,3.03,3.4,74.53,0,0
S106940,U13268,2026-03-16,Referral,About Us,Desktop,India,New,3.45,2.7,90.44,0,0
S106677,U12241,2026-03-16,Referral,Blog,Desktop,India,Returning,7.08,4.8,46.83,0,0
S100371,U10226,2026-03-16,Social Media,Services,Mobile,USA,New,7.04,5.8,36.93,0,0
S100859,U10717,2026-03-16,Organic Search,Product Details,Desktop,India,New,7.98,5.9,34.72,0,0
S104116,U15142,2026-03-16,Paid Search,Checkout,Desktop,UK,New,14.5,8.3,34.82,0,0
S107601,U10171,2026-03-16,Paid Search,Home,Desktop,USA,New,2.31,3.9,52.13,1,100
S100600,U10776,2026-03-16,Organic Search,Pricing,Mobile,USA,New,2.14,2.1,81.95,0,0
S100863,U14584,2026-03-16,Referral,Blog,Mobile,India,Returning,6.16,4.2,48.0,0,0
S105584,U12567,2026-03-16,Social Media,Blog,Mobile,India,New,1.7,1.0,67.38,0,0
S102036,U13118,2026-03-16,Organic Search,Product Details,Tablet,India,New,1.4,1.2,84.68,0,0
S100368,U15896,2026-03-16,Organic Search,FAQ,Mobile,UK,Returning,2.99,4.2,56.67,0,0
S106627,U14652,2026-03-16,Paid Search,Pricing,Desktop,India,Returning,4.21,5.0,58.78,1,100
S102234,U16277,2026-03-17,Referral,Home,Mobile,India,New,5.58,4.0,55.12,1,100
S109944,U16055,2026-03-17,Organic Search,Products,Tablet,India,Returning,1.67,1.2,73.24,0,0
S106259,U14907,2026-03-17,Organic Search,Product Details,Mobile,USA,New,13.49,8.4,41.71,0,0
S102529,U11578,2026-03-17,Organic Search,Product Details,Mobile,USA,New,1.02,1.0,67.13,0,0
S107456,U10690,2026-03-17,Direct,Products,Desktop,India,New,3.34,2.6,79.24,0,0
S108772,U11144,2026-03-17,Direct,Products,Desktop,India,New,1.31,2.0,47.42,0,0
S101505,U11623,2026-03-17,Organic Search,Home,Desktop,USA,New,5.23,4.3,45.15,1,100
S108091,U15249,2026-03-17,Organic Search,Product Details,Desktop,India,New,8.5,6.8,55.72,1,100
S103640,U15972,2026-03-17,Organic Search,About Us,Desktop,India,New,3.8,3.4,55.83,0,0
S107733,U13130,2026-03-17,Direct,Blog,Mobile,India,New,1.31,2.4,64.12,0,0
S109967,U11619,2026-03-17,Organic Search,Services,Desktop,USA,New,1.18,3.2,72.37,0,0
S106998,U12170,2026-03-17,Organic Search,Blog,Desktop,India,Returning,3.04,3.0,72.66,1,100
S104761,U10993,2026-03-17,Organic Search,Checkout,Desktop,Canada,Returning,0.8,1.6,64.87,0,0
S106577,U15989,2026-03-17,Organic Search,About Us,Desktop,Australia,Returning,1.6,2.2,68.46,0,0
S103702,U10174,2026-03-17,Organic Search,Services,Mobile,India,New,3.62,3.1,79.02,0,0
S102202,U10130,2026-03-17,Organic Search,About Us,Mobile,USA,New,4.29,3.2,70.75,0,0
S104924,U14397,2026-03-17,Referral,Checkout,Mobile,India,Returning,1.93,3.1,68.94,0,0
S100214,U13764,2026-03-17,Referral,Pricing,Mobile,India,New,3.56,2.4,63.85,0,0
S102127,U12921,2026-03-17,Paid Search,Services,Desktop,India,Returning,11.57,7.4,35.75,0,0
S102606,U14726,2026-03-17,Paid Search,Product Details,Desktop,India,New,1.71,3.1,73.5,0,0
S109661,U11177,2026-03-17,Organic Search,Services,Tablet,India,Returning,8.03,3.9,45.71,0,0
S106726,U15140,2026-03-17,Paid Search,Blog,Mobile,India,Returning,1.27,1.1,68.57,0,0
S101313,U10575,2026-03-17,Social Media,Checkout,Mobile,USA,New,2.87,3.2,54.53,1,100
S109418,U16045,2026-03-17,Organic Search,Home,Desktop,India,New,5.33,1.4,74.92,0,0
S103197,U11642,2026-03-17,Direct,Services,Mobile,India,New,3.45,3.1,61.69,0,0
S103881,U12353,2026-03-17,Organic Search,Home,Desktop,USA,New,9.73,7.4,45.58,0,0
S104682,U12774,2026-03-17,Organic Search,Contact Us,Desktop,India,New,5.05,4.1,67.85,0,0
S104982,U16440,2026-03-17,Social Media,Blog,Desktop,India,New,8.06,6.9,38.03,0,0
S103741,U14659,2026-03-17,Paid Search,FAQ,Desktop,Canada,Returning,8.52,6.5,46.27,0,0
S101075,U15852,2026-03-17,Organic Search,Products,Desktop,India,Returning,9.19,5.9,45.72,0,0
S104848,U12370,2026-03-17,Organic Search,Contact Us,Desktop,India,New,2.67,2.1,75.9,0,0
S108603,U15054,2026-03-17,Organic Search,Blog,Desktop,India,New,1.41,1.8,68.36,0,0
S105199,U16161,2026-03-17,Referral,Pricing,Mobile,India,Returning,7.53,4.8,60.6,0,0
S101235,U13229,2026-03-17,Paid Search,FAQ,Mobile,India,New,5.64,1.3,61.99,1,100
S109466,U15492,2026-03-17,Organic Search,Contact Us,Mobile,India,New,1.76,2.0,63.6,0,0
S105118,U12943,2026-03-17,Organic Search,Product Details,Mobile,India,New,3.68,3.4,60.28,0,0
S108846,U10822,2026-03-17,Paid Search,Contact Us,Mobile,India,New,2.56,2.1,68.12,0,0
S103224,U13738,2026-03-17,Paid Search,Pricing,Desktop,India,New,9.17,6.4,39.48,1,100
S100242,U15536,2026-03-17,Social Media,Pricing,Mobile,USA,Returning,0.86,1.0,67.81,0,0
S106933,U11772,2026-03-17,Organic Search,Home,Mobile,India,New,8.96,4.8,27.07,0,0
S107242,U13198,2026-03-17,Organic Search,Home,Mobile,UK,New,5.5,5.6,57.23,0,0
S108045,U16250,2026-03-17,Paid Search,Services,Mobile,USA,New,8.55,6.3,49.59,0,0
S105818,U11135,2026-03-17,Referral,Services,Mobile,India,Returning,13.59,9.0,37.74,1,100
S101939,U13094,2026-03-17,Organic Search,About Us,Desktop,India,New,4.93,5.7,49.09,0,0
S101009,U15312,2026-03-17,Social Media,Product Details,Desktop,Canada,Returning,4.57,3.3,61.0,0,0
S103151,U11450,2026-03-17,Paid Search,FAQ,Mobile,India,New,4.53,2.2,62.53,0,0
S103454,U15780,2026-03-17,Organic Search,Home,Mobile,UK,New,2.2,3.2,74.73,1,100
S100960,U13118,2026-03-17,Direct,Home,Desktop,USA,Returning,7.17,5.5,42.21,0,0
S103648,U11214,2026-03-18,Social Media,Services,Desktop,India,Returning,6.54,5.2,64.13,0,0
S100111,U15464,2026-03-18,Direct,FAQ,Desktop,India,Returning,4.25,4.6,65.52,0,0
S108433,U14045,2026-03-18,Organic Search,Contact Us,Desktop,India,Returning,3.11,3.7,66.11,0,0
S105149,U16127,2026-03-18,Organic Search,Home,Mobile,India,New,5.82,6.2,52.19,0,0
S101752,U11914,2026-03-18,Paid Search,Services,Mobile,Canada,New,7.22,4.7,52.66,0,0
S101732,U10885,2026-03-18,Referral,Services,Mobile,India,Returning,4.26,2.6,66.19,0,0
S109084,U15578,2026-03-18,Organic Search,Home,Desktop,USA,Returning,7.99,4.8,55.89,0,0
S102081,U11714,2026-03-18,Paid Search,Contact Us,Mobile,USA,Returning,15.17,8.6,53.49,0,0
S105189,U10205,2026-03-18,Organic Search,Products,Desktop,India,New,2.79,3.7,66.8,0,0
S105194,U13389,2026-03-18,Referral,Checkout,Desktop,USA,New,6.99,3.6,55.55,0,0
S104443,U16298,2026-03-18,Direct,Product Details,Mobile,India,New,4.5,3.6,56.04,0,0
S100464,U16294,2026-03-18,Referral,Pricing,Desktop,India,Returning,8.24,5.3,52.07,0,0
S109521,U14857,2026-03-18,Organic Search,Blog,Desktop,Australia,New,5.94,5.2,48.62,0,0
S100881,U13038,2026-03-18,Referral,Blog,Desktop,India,Returning,0.72,3.1,52.36,0,0
S103140,U15069,2026-03-18,Paid Search,About Us,Desktop,India,New,6.93,4.6,40.92,0,0
S107418,U16165,2026-03-18,Referral,Home,Desktop,India,New,2.09,5.1,62.31,0,0
S103852,U12310,2026-03-18,Paid Search,Pricing,Mobile,India,New,1.02,1.0,80.74,0,0
S103701,U14955,2026-03-18,Direct,Pricing,Mobile,USA,New,3.35,3.4,52.72,0,0
S102012,U13861,2026-03-18,Referral,Home,Desktop,India,Returning,8.54,5.0,60.07,0,0
S101989,U14474,2026-03-18,Direct,Contact Us,Desktop,India,Returning,1.53,2.8,68.1,0,0
S102026,U14198,2026-03-18,Organic Search,Products,Desktop,UK,Returning,1.55,2.9,63.92,0,0
S102279,U12741,2026-03-18,Direct,Contact Us,Mobile,USA,Returning,4.59,3.1,64.9,0,0
S102013,U10274,2026-03-18,Paid Search,FAQ,Desktop,India,New,4.38,6.1,61.31,0,0
S105991,U14236,2026-03-18,Organic Search,Home,Mobile,India,New,10.22,7.2,33.72,1,100
S103370,U13959,2026-03-18,Organic Search,FAQ,Mobile,USA,Returning,4.92,3.3,64.6,0,0
S106867,U12576,2026-03-18,Referral,Checkout,Mobile,USA,New,2.52,3.8,60.09,0,0
S109855,U14197,2026-03-18,Social Media,Home,Mobile,India,Returning,2.62,3.1,67.01,0,0
S108463,U10446,2026-03-18,Paid Search,Product Details,Desktop,India,Returning,6.73,4.9,53.09,0,0
S102342,U15705,2026-03-18,Organic Search,Products,Desktop,UK,New,5.94,5.1,64.52,0,0
S108934,U13056,2026-03-18,Organic Search,About Us,Desktop,India,New,5.4,5.2,55.64,0,0
S105752,U13259,2026-03-18,Social Media,FAQ,Mobile,Canada,New,6.92,5.0,60.89,1,100
S103077,U16035,2026-03-18,Social Media,Blog,Desktop,India,New,1.5,2.3,57.0,0,0
S105410,U10608,2026-03-18,Direct,Contact Us,Tablet,India,Returning,4.41,3.7,51.56,0,0
S104167,U10471,2026-03-18,Direct,Product Details,Desktop,India,New,1.78,1.6,69.28,0,0
S107794,U15802,2026-03-18,Organic Search,Blog,Desktop,India,Returning,4.53,4.7,60.31,0,0
S102538,U11126,2026-03-18,Paid Search,Home,Tablet,USA,New,2.98,3.7,83.73,0,0
S104872,U14118,2026-03-18,Paid Search,Products,Mobile,India,Returning,3.11,2.0,70.59,0,0
S103547,U10068,2026-03-18,Organic Search,Services,Mobile,Canada,New,5.94,3.4,48.94,0,0
S104653,U11136,2026-03-18,Paid Search,Blog,Mobile,Canada,Returning,17.41,10.8,24.16,1,100
S108187,U15941,2026-03-18,Organic Search,Home,Desktop,India,New,2.33,2.9,70.09,0,0
S105739,U15709,2026-03-18,Paid Search,Home,Desktop,USA,Returning,6.0,4.8,46.2,0,0
S106699,U15799,2026-03-18,Organic Search,Product Details,Mobile,India,New,6.2,4.5,52.47,0,0
S102443,U16435,2026-03-18,Organic Search,Home,Mobile,India,New,2.98,2.2,46.95,0,0
S106804,U13011,2026-03-18,Direct,Checkout,Desktop,India,New,3.76,3.2,62.52,1,100
S105638,U14456,2026-03-18,Organic Search,Product Details,Mobile,India,New,4.14,5.5,54.54,0,0
S103014,U13968,2026-03-18,Direct,Products,Mobile,India,New,8.54,6.4,51.81,0,0
S106646,U14896,2026-03-18,Paid Search,Pricing,Desktop,India,New,11.43,6.5,34.07,0,0
S100412,U11817,2026-03-18,Paid Search,Blog,Desktop,India,New,8.95,6.3,42.95,0,0
S104637,U14060,2026-03-18,Referral,About Us,Desktop,India,Returning,8.33,5.5,54.98,0,0
S100761,U12812,2026-03-18,Paid Search,Products,Mobile,India,New,8.17,7.6,40.42,0,0
S102069,U10317,2026-03-18,Social Media,Home,Desktop,India,New,3.18,3.6,65.45,0,0
S100679,U15335,2026-03-18,Organic Search,Product Details,Mobile,India,New,2.37,3.2,70.85,0,0
S108291,U12666,2026-03-18,Organic Search,Home,Mobile,India,New,6.36,5.3,41.21,1,100
S107798,U10720,2026-03-18,Organic Search,About Us,Mobile,Canada,New,6.81,4.9,57.91,0,0
S106192,U14828,2026-03-18,Social Media,Contact Us,Desktop,Australia,New,5.54,5.0,58.38,0,0
S109758,U13109,2026-03-18,Paid Search,Blog,Desktop,India,Returning,5.82,4.4,57.23,0,0
S102594,U10633,2026-03-18,Organic Search,FAQ,Desktop,India,New,4.34,3.6,57.68,0,0
S100974,U12879,2026-03-18,Paid Search,About Us,Mobile,India,New,6.5,3.3,54.21,0,0
S100132,U13105,2026-03-18,Referral,FAQ,Tablet,India,New,7.46,5.4,48.71,0,0
S102054,U16260,2026-03-18,Social Media,Pricing,Desktop,India,Returning,7.27,3.9,52.38,0,0
S100967,U16191,2026-03-18,Paid Search,Products,Tablet,USA,New,5.0,5.0,69.24,0,0
S100375,U15601,2026-03-18,Referral,Contact Us,Mobile,USA,New,5.19,4.6,53.71,0,0
S100973,U14203,2026-03-18,Paid Search,Checkout,Mobile,India,New,4.55,3.5,55.13,0,0
S109593,U12785,2026-03-18,Referral,Home,Desktop,India,Returning,3.45,4.5,61.5,0,0
S100384,U11244,2026-03-18,Organic Search,Checkout,Desktop,UK,New,6.25,6.0,44.31,1,100
S105788,U14862,2026-03-18,Paid Search,Pricing,Mobile,India,Returning,1.32,1.0,75.44,0,0
S100962,U11969,2026-03-18,Organic Search,Blog,Desktop,UK,New,7.09,5.5,43.58,0,0
S108672,U16131,2026-03-18,Organic Search,Home,Mobile,India,New,4.93,4.8,45.14,0,0
S107407,U15969,2026-03-18,Referral,Blog,Desktop,India,New,4.38,4.7,57.91,0,0
S101972,U10985,2026-03-18,Organic Search,Blog,Mobile,Canada,New,3.01,2.1,72.26,0,0
S103428,U16451,2026-03-18,Paid Search,Checkout,Mobile,Australia,New,6.52,4.8,55.95,0,0
S103025,U12282,2026-03-18,Organic Search,Services,Desktop,India,Returning,4.38,4.1,69.84,0,0
S107126,U12939,2026-03-18,Organic Search,Services,Mobile,India,New,10.59,5.0,33.72,0,0
S102200,U16105,2026-03-18,Referral,Blog,Desktop,Australia,Returning,3.64,3.0,73.52,0,0
S100157,U12791,2026-03-18,Paid Search,Pricing,Desktop,India,Returning,7.45,6.6,37.76,0,0
S106440,U10388,2026-03-18,Referral,Home,Mobile,Canada,New,4.18,3.2,66.02,0,0
S105534,U14929,2026-03-18,Direct,Product Details,Tablet,India,New,8.45,6.3,33.75,0,0
S108916,U14222,2026-03-19,Organic Search,Home,Mobile,India,New,7.56,6.5,51.13,0,0
S106958,U15799,2026-03-19,Direct,Home,Desktop,India,New,2.93,4.0,68.35,0,0
S105060,U10121,2026-03-19,Organic Search,Services,Mobile,India,New,3.13,2.0,78.72,0,0
S102484,U15080,2026-03-19,Referral,Checkout,Desktop,India,New,4.73,3.8,60.96,1,100
S103387,U16275,2026-03-19,Referral,FAQ,Mobile,India,New,4.08,5.3,57.58,1,100
S103712,U15444,2026-03-19,Direct,Pricing,Desktop,Australia,New,2.86,1.7,62.62,0,0
S107127,U14788,2026-03-19,Paid Search,Products,Mobile,India,New,0.88,2.3,63.21,0,0
S102852,U12712,2026-03-19,Referral,Home,Tablet,India,Returning,7.36,4.0,62.4,0,0
S105540,U13826,2026-03-19,Social Media,Services,Desktop,India,Returning,3.79,3.6,45.68,0,0
S106199,U15314,2026-03-19,Social Media,Pricing,Desktop,Australia,New,7.93,5.9,49.57,0,0
S109731,U12274,2026-03-19,Paid Search,Products,Mobile,India,New,9.6,5.2,58.57,0,0
S103736,U11867,2026-03-19,Referral,Product Details,Mobile,USA,New,2.09,3.3,69.56,0,0
S105245,U13765,2026-03-19,Direct,Checkout,Tablet,India,Returning,5.61,3.7,44.96,1,100
S101001,U11647,2026-03-19,Organic Search,Blog,Desktop,India,New,3.44,4.3,56.31,0,0
S106934,U10422,2026-03-19,Paid Search,About Us,Mobile,India,New,2.18,2.7,68.48,0,0
S103525,U12991,2026-03-19,Paid Search,Home,Mobile,India,Returning,7.31,4.6,73.82,0,0
S105502,U13635,2026-03-19,Organic Search,Services,Desktop,India,Returning,4.27,2.9,73.26,0,0
S106223,U13302,2026-03-19,Paid Search,Contact Us,Desktop,India,New,3.14,3.4,62.95,0,0
S100468,U14778,2026-03-19,Paid Search,Services,Tablet,India,Returning,0.86,1.7,72.26,0,0
S101725,U15182,2026-03-19,Paid Search,Product Details,Mobile,India,Returning,1.66,2.1,68.71,0,0
S108071,U14565,2026-03-19,Direct,FAQ,Tablet,India,New,5.15,3.5,73.52,0,0
S103501,U10596,2026-03-19,Paid Search,Product Details,Desktop,India,Returning,5.15,4.0,60.5,1,100
S103751,U15798,2026-03-19,Paid Search,Product Details,Desktop,India,Returning,7.67,6.0,52.57,1,100
S104979,U12347,2026-03-19,Paid Search,Blog,Desktop,Canada,New,1.61,2.8,70.35,0,0
S105213,U16315,2026-03-19,Referral,Blog,Desktop,India,New,6.05,5.3,50.24,0,0
S109730,U12861,2026-03-19,Direct,Products,Tablet,Australia,New,2.42,2.1,62.34,0,0
S105862,U15963,2026-03-19,Social Media,Product Details,Desktop,India,New,9.51,6.2,40.56,0,0
S103614,U12395,2026-03-19,Referral,FAQ,Mobile,India,New,4.95,4.7,55.41,0,0
S103615,U12999,2026-03-19,Paid Search,About Us,Mobile,India,Returning,4.86,3.4,55.44,1,100
S103864,U13159,2026-03-19,Paid Search,Product Details,Desktop,India,New,6.64,5.5,52.81,0,0
S107338,U10179,2026-03-19,Organic Search,Products,Mobile,UK,New,10.67,7.3,39.33,0,0
S105768,U16329,2026-03-19,Social Media,Home,Mobile,India,New,2.5,3.2,71.94,0,0
S105834,U10498,2026-03-19,Direct,Contact Us,Desktop,India,New,3.01,3.6,59.84,1,100
S104671,U11823,2026-03-19,Social Media,Home,Desktop,India,Returning,3.44,2.3,76.11,0,0
S106570,U12173,2026-03-19,Paid Search,Services,Mobile,India,New,1.48,2.6,74.88,0,0
S108907,U13484,2026-03-19,Organic Search,Contact Us,Mobile,India,New,2.87,1.3,74.07,0,0
S101308,U10202,2026-03-19,Paid Search,FAQ,Mobile,UK,Returning,5.4,4.6,55.91,0,0
S107006,U15256,2026-03-19,Direct,Home,Mobile,India,Returning,2.39,2.7,68.28,0,0
S100849,U11461,2026-03-19,Organic Search,Checkout,Desktop,India,Returning,6.27,6.7,47.54,0,0
S101811,U12397,2026-03-19,Referral,Home,Mobile,India,Returning,3.3,3.0,70.16,0,0
S104293,U13765,2026-03-19,Organic Search,Blog,Mobile,India,Returning,5.94,3.3,69.0,0,0
S105792,U13559,2026-03-19,Referral,Products,Mobile,India,Returning,0.72,1.2,67.17,0,0
S107219,U11678,2026-03-19,Paid Search,Product Details,Tablet,India,New,10.54,6.3,34.04,0,0
S101291,U12862,2026-03-19,Paid Search,Home,Desktop,India,New,4.2,1.8,67.35,0,0
S107462,U10383,2026-03-19,Direct,Services,Desktop,India,New,1.89,1.3,55.77,0,0
S105182,U15619,2026-03-19,Direct,Blog,Mobile,Australia,New,6.78,3.9,54.48,0,0
S101927,U16097,2026-03-19,Referral,Services,Desktop,Australia,New,4.14,3.6,55.69,0,0
S106352,U12346,2026-03-19,Referral,Product Details,Desktop,India,New,7.75,3.3,53.38,0,0
S106358,U12331,2026-03-19,Organic Search,Home,Mobile,India,Returning,1.85,1.6,63.1,0,0
S104629,U13389,2026-03-19,Social Media,Home,Mobile,India,Returning,1.96,1.0,68.35,0,0
S109481,U11317,2026-03-19,Paid Search,About Us,Tablet,India,New,2.58,3.9,55.11,0,0
S104539,U13700,2026-03-19,Referral,Checkout,Mobile,India,Returning,1.89,2.9,66.26,0,0
S107177,U14909,2026-03-19,Direct,Services,Mobile,India,Returning,2.37,3.6,71.33,0,0
S102057,U12242,2026-03-19,Direct,About Us,Desktop,Canada,New,6.59,3.6,47.39,0,0
S101360,U11760,2026-03-19,Organic Search,Blog,Desktop,India,Returning,4.99,3.3,56.41,0,0
S104904,U11089,2026-03-19,Paid Search,FAQ,Desktop,USA,Returning,5.34,5.4,67.32,0,0
S100256,U13583,2026-03-19,Organic Search,Services,Desktop,India,New,5.6,2.7,60.82,0,0
S106720,U13824,2026-03-19,Organic Search,Checkout,Desktop,Canada,Returning,4.07,2.1,70.8,1,100
S109718,U11673,2026-03-19,Social Media,Home,Mobile,India,Returning,1.83,1.8,69.96,0,0
S108520,U15488,2026-03-19,Referral,Services,Desktop,USA,Returning,9.04,7.2,33.25,0,0
S107677,U11231,2026-03-20,Referral,FAQ,Tablet,Canada,New,4.69,3.2,64.33,0,0
S109530,U10356,2026-03-20,Organic Search,Services,Desktop,UK,New,5.96,4.4,40.65,0,0
S107373,U12372,2026-03-20,Direct,Blog,Mobile,India,Returning,6.0,4.0,62.24,0,0
S108819,U11788,2026-03-20,Direct,Home,Tablet,India,New,13.47,7.4,41.37,0,0
S109578,U10941,2026-03-20,Paid Search,Services,Mobile,USA,New,2.54,3.4,53.68,0,0
S106561,U13480,2026-03-20,Direct,Services,Desktop,USA,Returning,6.71,4.8,56.64,0,0
S104702,U14200,2026-03-20,Organic Search,About Us,Mobile,India,Returning,6.82,6.2,58.27,0,0
S109537,U12554,2026-03-20,Paid Search,Contact Us,Desktop,UK,Returning,5.79,5.8,60.51,0,0
S104771,U11856,2026-03-20,Social Media,About Us,Desktop,India,New,7.53,5.1,50.48,0,0
S105113,U12678,2026-03-20,Paid Search,Pricing,Mobile,Canada,Returning,9.68,5.7,39.25,0,0
S107392,U11297,2026-03-20,Direct,Contact Us,Mobile,India,New,3.89,2.6,73.0,0,0
S105132,U13319,2026-03-20,Referral,Product Details,Mobile,UK,Returning,3.65,3.5,64.54,0,0
S100723,U14135,2026-03-20,Organic Search,Products,Mobile,USA,New,10.42,6.2,61.51,0,0
S105082,U14842,2026-03-20,Referral,Home,Mobile,USA,New,0.59,3.4,74.46,0,0
S107426,U13184,2026-03-20,Organic Search,FAQ,Desktop,Canada,New,6.68,4.2,62.31,0,0
S109781,U15086,2026-03-20,Referral,Home,Desktop,UK,Returning,5.0,4.9,54.64,1,100
S107352,U11130,2026-03-20,Organic Search,Pricing,Desktop,India,New,4.41,4.2,67.18,0,0
S108327,U14197,2026-03-20,Social Media,Blog,Mobile,India,New,2.94,2.9,52.88,0,0
S105097,U13936,2026-03-20,Social Media,Home,Mobile,India,New,4.74,3.0,54.64,0,0
S103167,U14737,2026-03-20,Organic Search,Pricing,Desktop,India,Returning,2.72,3.7,62.47,0,0
S101383,U12162,2026-03-20,Social Media,Checkout,Desktop,Australia,Returning,4.83,4.3,43.43,0,0
S107259,U11872,2026-03-20,Referral,Home,Desktop,UK,New,2.03,1.6,62.9,0,0
S101681,U14573,2026-03-20,Organic Search,About Us,Desktop,India,New,4.43,2.6,58.9,0,0
S106071,U11626,2026-03-20,Referral,Products,Desktop,India,Returning,3.75,2.5,66.18,0,0
S108939,U11006,2026-03-20,Organic Search,FAQ,Tablet,India,Returning,5.67,6.5,41.96,0,0
S100454,U15920,2026-03-20,Organic Search,About Us,Desktop,UK,New,1.66,2.0,67.36,0,0
S108499,U11217,2026-03-20,Direct,FAQ,Desktop,India,Returning,5.5,5.0,65.7,0,0
S102385,U13339,2026-03-20,Paid Search,Blog,Desktop,India,New,4.07,3.2,37.8,0,0
S106823,U11873,2026-03-20,Referral,Home,Desktop,India,New,4.02,4.7,53.41,0,0
S100506,U11665,2026-03-20,Paid Search,Product Details,Tablet,USA,New,2.9,2.9,60.26,0,0
S105572,U13883,2026-03-20,Direct,Blog,Mobile,India,Returning,6.6,3.7,73.84,0,0
S102788,U13043,2026-03-20,Social Media,Home,Desktop,India,New,6.14,5.6,63.77,0,0
S105735,U12033,2026-03-20,Organic Search,Services,Tablet,India,Returning,4.94,2.5,71.93,1,100
S100066,U12557,2026-03-20,Direct,Pricing,Mobile,India,Returning,1.64,3.1,59.35,0,0
S103891,U11440,2026-03-20,Paid Search,FAQ,Desktop,India,Returning,7.25,4.6,49.47,0,0
S104322,U14321,2026-03-20,Organic Search,Blog,Mobile,USA,New,2.69,3.2,57.47,0,0
S100216,U11854,2026-03-20,Organic Search,Services,Desktop,India,New,1.99,4.1,56.82,0,0
S101290,U11793,2026-03-20,Paid Search,Checkout,Desktop,India,New,4.3,5.0,66.68,0,0
S102574,U12818,2026-03-20,Organic Search,About Us,Desktop,India,Returning,1.7,2.9,78.03,0,0
S109694,U10445,2026-03-20,Organic Search,Product Details,Tablet,USA,New,9.24,4.4,39.87,0,0
S106773,U10601,2026-03-20,Direct,Blog,Desktop,India,New,5.34,3.4,53.93,0,0
S106790,U10791,2026-03-20,Organic Search,About Us,Desktop,India,Returning,3.15,2.0,67.12,0,0
S106047,U12053,2026-03-20,Organic Search,Pricing,Desktop,Australia,Returning,7.75,4.4,65.97,0,0
S106758,U14363,2026-03-20,Organic Search,Home,Desktop,USA,New,3.71,5.0,61.03,0,0
S106143,U10986,2026-03-20,Organic Search,Home,Mobile,India,Returning,3.66,5.5,54.65,1,100
S109812,U11437,2026-03-20,Referral,Blog,Mobile,India,New,6.08,4.3,62.85,0,0
S106613,U13790,2026-03-20,Organic Search,Products,Mobile,Australia,Returning,9.74,6.1,54.37,0,0
S105647,U14135,2026-03-20,Referral,About Us,Desktop,India,Returning,10.18,7.0,41.74,1,100
S107951,U12942,2026-03-20,Organic Search,Home,Tablet,India,Returning,0.78,1.2,70.8,0,0
S105254,U13808,2026-03-20,Paid Search,Blog,Mobile,India,Returning,1.7,1.6,60.34,0,0
S101218,U12337,2026-03-20,Social Media,Product Details,Desktop,India,New,2.53,3.1,52.8,0,0
S109226,U10682,2026-03-20,Organic Search,Home,Desktop,India,New,4.02,1.8,69.89,0,0
S107271,U11002,2026-03-20,Referral,FAQ,Desktop,India,New,0.89,1.8,65.18,0,0
S107121,U11980,2026-03-20,Paid Search,Blog,Desktop,India,New,1.82,2.1,65.58,0,0
S107952,U12658,2026-03-20,Organic Search,Products,Desktop,India,Returning,2.53,1.6,74.73,0,0
S103462,U11603,2026-03-20,Social Media,FAQ,Desktop,USA,Returning,4.02,5.9,52.86,0,0
S107262,U10345,2026-03-20,Organic Search,Product Details,Desktop,India,New,3.74,4.6,34.27,0,0
S103719,U12460,2026-03-20,Organic Search,FAQ,Mobile,Canada,New,5.05,3.0,64.14,0,0
S108633,U11028,2026-03-20,Organic Search,Products,Mobile,India,Returning,2.48,3.8,64.67,0,0
S109021,U13674,2026-03-21,Social Media,Pricing,Desktop,USA,New,3.3,4.2,59.22,0,0
S103978,U16143,2026-03-21,Organic Search,Blog,Desktop,India,New,4.68,4.3,55.15,0,0
S103611,U10194,2026-03-21,Paid Search,Services,Desktop,Canada,New,1.44,3.0,56.09,1,100
S102591,U10208,2026-03-21,Social Media,Blog,Mobile,USA,Returning,4.22,2.5,59.42,0,0
S102140,U13889,2026-03-21,Organic Search,Checkout,Mobile,Canada,New,7.14,5.0,45.46,0,0
S108530,U12323,2026-03-21,Direct,Services,Desktop,India,Returning,5.26,4.6,44.68,0,0
S101624,U13854,2026-03-21,Organic Search,Blog,Desktop,India,New,17.27,9.5,31.84,0,0
S101743,U16008,2026-03-21,Organic Search,Services,Mobile,India,Returning,3.4,2.9,75.53,0,0
S108716,U13588,2026-03-21,Direct,Blog,Mobile,India,Returning,6.01,4.0,55.56,1,100
S105409,U14501,2026-03-21,Organic Search,Products,Mobile,India,New,2.33,1.6,59.71,0,0
S103124,U10399,2026-03-21,Organic Search,Home,Desktop,India,New,1.42,3.4,61.32,0,0
S106542,U14432,2026-03-21,Organic Search,Services,Mobile,India,New,1.02,1.0,67.7,0,0
S100764,U11251,2026-03-21,Direct,FAQ,Desktop,India,New,2.09,1.0,77.94,0,0
S101575,U13570,2026-03-21,Direct,Checkout,Desktop,India,Returning,2.95,5.8,53.45,0,0
S101881,U12383,2026-03-21,Referral,Contact Us,Mobile,Canada,Returning,4.76,4.9,68.01,1,100
S101574,U14227,2026-03-21,Paid Search,Product Details,Desktop,India,New,1.79,2.6,75.64,0,0
S105629,U13156,2026-03-21,Direct,Home,Tablet,India,Returning,6.46,4.3,62.65,0,0
S106507,U14043,2026-03-21,Paid Search,Product Details,Mobile,India,New,5.93,3.2,61.41,0,0
S106486,U15003,2026-03-21,Paid Search,FAQ,Mobile,India,New,1.28,1.8,86.94,0,0
S105452,U15108,2026-03-21,Social Media,Checkout,Desktop,UK,New,2.53,2.2,51.27,0,0
S103267,U14949,2026-03-21,Paid Search,Products,Mobile,Canada,New,4.39,3.8,50.12,1,100
S105111,U10662,2026-03-21,Organic Search,Home,Desktop,USA,New,2.96,2.3,67.84,1,100
S108721,U12372,2026-03-21,Paid Search,Blog,Desktop,India,New,6.41,2.9,58.48,0,0
S104303,U11525,2026-03-21,Direct,FAQ,Mobile,India,New,13.09,7.6,39.45,0,0
S101549,U14854,2026-03-21,Direct,Blog,Mobile,India,New,5.1,3.8,63.62,0,0
S100117,U15619,2026-03-21,Paid Search,Home,Desktop,India,New,3.63,3.7,53.65,0,0
S104460,U13213,2026-03-21,Direct,Product Details,Desktop,India,Returning,2.2,2.1,68.55,0,0
S102104,U12135,2026-03-21,Referral,Checkout,Desktop,UK,New,2.68,3.6,66.91,0,0
S102347,U13829,2026-03-21,Referral,Home,Tablet,India,New,0.3,3.2,77.99,0,0
S101923,U11454,2026-03-21,Organic Search,Contact Us,Desktop,USA,New,1.28,2.8,58.41,0,0
S102767,U14606,2026-03-21,Organic Search,Services,Desktop,Canada,New,2.13,1.3,74.51,0,0
S107836,U10889,2026-03-21,Referral,Blog,Mobile,India,Returning,1.6,2.0,58.15,0,0
S107820,U12585,2026-03-21,Direct,Home,Mobile,India,New,5.81,5.5,62.51,0,0
S105953,U12657,2026-03-21,Direct,Pricing,Desktop,Canada,New,4.2,3.4,58.4,0,0
S107421,U11895,2026-03-21,Organic Search,Home,Mobile,USA,Returning,1.76,2.8,64.32,0,0
S102748,U10820,2026-03-21,Referral,Products,Mobile,Canada,Returning,3.1,2.0,59.19,0,0
S105242,U14525,2026-03-21,Direct,Checkout,Desktop,India,New,7.82,7.5,44.83,0,0
S101518,U11709,2026-03-21,Social Media,Home,Tablet,Canada,Returning,8.37,5.7,61.05,0,0
S102466,U11476,2026-03-21,Referral,Products,Mobile,India,New,5.72,3.6,58.97,0,0
S106907,U12081,2026-03-21,Organic Search,About Us,Tablet,India,New,7.43,5.2,51.79,0,0
S101524,U13630,2026-03-21,Direct,Product Details,Mobile,UK,New,0.52,1.0,63.29,0,0
S107845,U14264,2026-03-21,Organic Search,Contact Us,Desktop,India,Returning,4.16,3.5,65.25,0,0
S102283,U10126,2026-03-21,Paid Search,Product Details,Mobile,India,Returning,5.11,4.7,51.82,0,0
S100355,U13105,2026-03-21,Social Media,Pricing,Desktop,India,New,6.45,4.5,61.18,1,100
S105186,U14189,2026-03-21,Organic Search,About Us,Desktop,USA,Returning,3.45,2.8,57.03,0,0
S101903,U10285,2026-03-21,Organic Search,Contact Us,Tablet,India,New,1.64,4.3,59.46,0,0
S103633,U11645,2026-03-21,Social Media,Checkout,Desktop,USA,New,4.77,4.2,53.22,0,0
S106572,U10280,2026-03-21,Referral,Product Details,Mobile,India,New,2.52,2.9,75.15,0,0
S101875,U15353,2026-03-21,Direct,About Us,Mobile,USA,Returning,6.04,3.7,57.24,0,0
S105171,U13553,2026-03-21,Organic Search,Blog,Desktop,UK,Returning,8.24,5.3,48.06,0,0
S104967,U12805,2026-03-21,Direct,FAQ,Mobile,India,Returning,2.62,2.7,52.73,1,100
S102936,U13360,2026-03-21,Organic Search,Home,Desktop,Australia,Returning,7.4,6.2,56.26,1,100
S100597,U12775,2026-03-21,Organic Search,Products,Tablet,USA,New,4.88,3.2,61.37,1,100
S108910,U10596,2026-03-21,Direct,About Us,Desktop,UK,New,4.55,5.6,54.4,0,0
S105793,U14479,2026-03-21,Referral,Checkout,Desktop,India,New,2.14,1.6,66.13,0,0
S102989,U10023,2026-03-21,Organic Search,FAQ,Tablet,India,New,17.66,12.1,10.0,0,0
S103101,U16257,2026-03-21,Paid Search,Home,Desktop,India,New,9.27,5.5,45.68,0,0
S104976,U16137,2026-03-21,Referral,FAQ,Desktop,Australia,New,2.73,1.8,67.77,0,0
S109422,U16294,2026-03-21,Paid Search,About Us,Tablet,India,New,12.13,9.5,28.85,0,0
S108864,U12176,2026-03-21,Organic Search,Blog,Mobile,India,Returning,5.87,4.7,58.39,0,0
S101459,U15854,2026-03-22,Organic Search,About Us,Desktop,Australia,Returning,2.07,3.7,56.31,0,0
S107842,U14213,2026-03-22,Direct,Checkout,Mobile,India,New,10.7,7.4,46.83,0,0
S100377,U13068,2026-03-22,Paid Search,Home,Desktop,India,New,13.44,9.0,30.61,1,100
S104566,U16343,2026-03-22,Organic Search,FAQ,Mobile,India,New,7.93,8.4,38.14,0,0
S103966,U14811,2026-03-22,Direct,Services,Desktop,India,Returning,2.44,3.0,56.64,0,0
S104810,U16044,2026-03-22,Paid Search,Home,Mobile,Canada,New,6.3,4.9,59.11,0,0
S109390,U15985,2026-03-22,Direct,Services,Mobile,USA,New,10.1,6.2,40.72,0,0
S104750,U12874,2026-03-22,Referral,Blog,Mobile,India,New,3.72,4.6,64.87,0,0
S106019,U11326,2026-03-22,Direct,Products,Desktop,India,New,6.86,5.6,51.36,1,100
S103767,U14670,2026-03-22,Organic Search,About Us,Desktop,USA,New,8.15,4.6,47.42,0,0
S103178,U15784,2026-03-22,Referral,Services,Mobile,India,New,9.28,7.1,49.51,0,0
S102700,U14188,2026-03-22,Referral,Pricing,Desktop,Australia,New,6.78,6.2,71.24,0,0
S109957,U11766,2026-03-22,Social Media,Blog,Mobile,India,New,10.17,4.9,35.16,0,0
S101184,U14671,2026-03-22,Direct,FAQ,Mobile,Canada,Returning,6.9,4.7,66.52,0,0
S108009,U16237,2026-03-22,Direct,Product Details,Mobile,India,Returning,1.18,2.2,76.23,0,0
S101433,U14426,2026-03-22,Direct,Blog,Mobile,India,Returning,3.08,1.8,72.38,0,0
S106992,U13366,2026-03-22,Direct,Products,Desktop,USA,Returning,3.56,3.6,79.07,1,100
S102805,U14840,2026-03-22,Social Media,About Us,Desktop,USA,New,10.19,5.9,41.7,0,0
S103938,U13212,2026-03-22,Direct,Blog,Desktop,India,Returning,4.58,1.7,73.22,0,0
S109784,U13599,2026-03-22,Direct,Checkout,Tablet,UK,New,2.76,4.0,62.71,1,100
S105736,U11253,2026-03-22,Social Media,Product Details,Desktop,USA,Returning,2.81,3.3,67.16,0,0
S109437,U12701,2026-03-22,Organic Search,FAQ,Mobile,India,Returning,3.83,2.8,63.92,0,0
S105707,U12897,2026-03-22,Referral,Services,Desktop,India,New,7.14,4.8,31.25,0,0
S102002,U15110,2026-03-22,Referral,Pricing,Mobile,India,Returning,2.31,3.8,62.72,1,100
S100440,U15626,2026-03-22,Direct,Services,Desktop,UK,Returning,11.97,8.1,35.2,1,100
S100783,U12832,2026-03-22,Direct,Pricing,Tablet,USA,Returning,1.89,1.7,67.41,0,0
S100665,U12939,2026-03-22,Referral,Checkout,Desktop,USA,New,3.94,4.5,62.86,0,0
S100186,U11530,2026-03-22,Paid Search,Home,Tablet,India,New,7.63,4.0,49.02,0,0
S100630,U14133,2026-03-22,Organic Search,Home,Desktop,India,New,4.6,4.8,56.43,0,0
S107807,U13566,2026-03-22,Organic Search,Contact Us,Desktop,Canada,New,3.61,2.7,61.76,0,0
S105122,U13311,2026-03-22,Referral,Home,Mobile,UK,Returning,1.91,2.7,54.46,0,0
S101580,U13550,2026-03-22,Direct,About Us,Mobile,India,Returning,5.79,4.5,43.47,0,0
S104887,U12415,2026-03-22,Social Media,Home,Mobile,India,Returning,3.7,4.0,67.46,0,0
S107206,U10028,2026-03-22,Organic Search,Pricing,Desktop,India,Returning,1.72,2.9,65.8,0,0
S105393,U11231,2026-03-22,Organic Search,Home,Desktop,India,New,2.9,4.1,65.82,1,100
S101608,U13727,2026-03-22,Direct,Product Details,Mobile,Australia,New,3.37,2.2,70.12,1,100
S102997,U16280,2026-03-22,Organic Search,FAQ,Mobile,India,New,5.79,4.4,59.31,0,0
S103422,U15537,2026-03-22,Organic Search,Products,Mobile,Australia,New,5.41,3.4,63.91,0,0
S108747,U14916,2026-03-22,Organic Search,Contact Us,Mobile,India,New,5.12,3.3,75.12,1,100
S101637,U13043,2026-03-22,Organic Search,Product Details,Mobile,India,Returning,3.73,4.1,47.82,0,0
S105349,U10054,2026-03-22,Organic Search,About Us,Desktop,India,New,17.58,13.7,10.07,0,0
S104481,U11637,2026-03-22,Direct,About Us,Mobile,India,New,7.24,5.7,41.12,0,0
S106753,U16196,2026-03-22,Organic Search,Contact Us,Mobile,India,New,7.45,5.3,42.4,0,0
S106293,U13247,2026-03-22,Referral,Blog,Mobile,UK,New,0.69,2.0,75.83,0,0
S102373,U10917,2026-03-22,Direct,FAQ,Mobile,Canada,New,4.46,4.7,49.97,0,0
S101644,U13224,2026-03-22,Organic Search,Checkout,Mobile,UK,New,0.48,1.7,56.95,1,100
S106710,U12100,2026-03-22,Paid Search,Pricing,Desktop,UK,New,7.64,5.8,44.25,0,0
S106421,U12082,2026-03-22,Organic Search,Product Details,Mobile,India,Returning,0.5,1.0,67.94,0,0
S100606,U13975,2026-03-22,Referral,Products,Desktop,India,Returning,2.75,3.7,54.08,0,0
S104787,U14936,2026-03-22,Direct,Blog,Mobile,India,New,4.46,2.7,50.43,0,0
S104357,U15210,2026-03-22,Paid Search,About Us,Mobile,USA,Returning,3.9,2.9,59.05,0,0
S104371,U10491,2026-03-22,Direct,Home,Desktop,India,New,1.94,2.2,77.57,0,0
S107709,U14012,2026-03-22,Referral,Contact Us,Desktop,USA,Returning,1.43,1.4,82.93,0,0
S102976,U14184,2026-03-22,Referral,FAQ,Mobile,India,New,4.2,2.9,61.37,0,0
S108242,U10255,2026-03-22,Social Media,Contact Us,Desktop,India,Returning,6.77,5.2,57.56,0,0
S105246,U12990,2026-03-22,Direct,FAQ,Desktop,India,New,3.54,3.9,54.02,0,0
S109117,U12097,2026-03-22,Organic Search,Blog,Tablet,India,New,4.95,3.1,70.34,0,0
S107682,U11506,2026-03-22,Organic Search,Checkout,Mobile,Australia,New,11.0,7.8,44.57,0,0
S107659,U14555,2026-03-22,Organic Search,Contact Us,Mobile,UK,New,13.73,9.5,31.32,0,0
S105460,U14604,2026-03-22,Direct,Services,Desktop,India,Returning,9.18,7.0,33.09,0,0
S108477,U15653,2026-03-22,Organic Search,Blog,Desktop,Canada,New,8.14,5.4,48.02,0,0
S109180,U16094,2026-03-22,Organic Search,FAQ,Desktop,India,Returning,10.73,7.4,41.25,0,0
S105495,U10651,2026-03-22,Social Media,Pricing,Desktop,India,New,1.27,1.2,72.33,0,0
S103479,U11788,2026-03-22,Organic Search,Product Details,Desktop,India,New,3.51,2.4,74.8,0,0
S105477,U14805,2026-03-22,Paid Search,Home,Mobile,UK,New,8.08,6.7,46.31,0,0
S108501,U11411,2026-03-23,Paid Search,FAQ,Desktop,India,New,4.93,4.2,69.97,0,0
S105770,U11230,2026-03-23,Social Media,Product Details,Desktop,India,New,2.73,2.0,71.31,0,0
S101906,U10763,2026-03-23,Organic Search,Product Details,Desktop,India,New,6.25,5.8,49.53,1,100
S108640,U12766,2026-03-23,Paid Search,About Us,Desktop,India,New,5.21,3.9,62.49,0,0
S100736,U11959,2026-03-23,Organic Search,Services,Tablet,India,New,11.8,6.9,41.79,1,100
S101056,U15623,2026-03-23,Direct,FAQ,Desktop,India,New,2.43,2.3,74.11,0,0
S106644,U12238,2026-03-23,Organic Search,Home,Desktop,India,Returning,5.41,5.6,69.25,1,100
S101323,U13601,2026-03-23,Direct,Services,Mobile,India,Returning,2.97,3.8,53.88,0,0
S107166,U11182,2026-03-23,Organic Search,Home,Tablet,USA,New,4.1,3.0,60.43,0,0
S108386,U13439,2026-03-23,Social Media,Checkout,Desktop,India,New,3.38,1.6,62.01,0,0
S107156,U16041,2026-03-23,Referral,FAQ,Mobile,India,New,6.38,5.8,62.22,0,0
S102138,U10903,2026-03-23,Organic Search,Products,Desktop,India,Returning,2.3,2.4,79.78,0,0
S107039,U11690,2026-03-23,Organic Search,FAQ,Desktop,India,New,2.42,2.3,65.63,0,0
S101617,U14807,2026-03-23,Organic Search,Products,Mobile,India,New,4.1,3.9,61.66,0,0
S108205,U13660,2026-03-23,Referral,Services,Mobile,India,New,4.08,2.1,73.16,0,0
S107052,U13262,2026-03-23,Direct,FAQ,Desktop,India,Returning,1.49,3.5,59.95,0,0
S104639,U13110,2026-03-23,Paid Search,Blog,Mobile,Canada,New,3.28,2.9,63.23,0,0
S102513,U12853,2026-03-23,Organic Search,Checkout,Mobile,Canada,New,4.99,3.7,58.92,0,0
S105777,U15297,2026-03-23,Referral,Home,Mobile,India,Returning,14.68,8.8,37.93,1,100
S108312,U10221,2026-03-23,Referral,Product Details,Desktop,India,Returning,1.68,2.1,66.73,0,0
S103278,U13751,2026-03-23,Paid Search,Checkout,Desktop,India,New,4.0,2.5,55.05,0,0
S106634,U12254,2026-03-23,Organic Search,Product Details,Desktop,India,New,1.96,2.1,73.62,0,0
S109964,U15098,2026-03-23,Organic Search,Home,Desktop,India,Returning,6.19,4.7,51.42,0,0
S108276,U11008,2026-03-23,Social Media,Services,Desktop,USA,New,1.9,2.2,60.44,0,0
S107267,U16192,2026-03-23,Direct,FAQ,Mobile,India,New,3.2,1.2,49.59,0,0
S105278,U13805,2026-03-23,Organic Search,Home,Desktop,India,New,4.79,3.6,66.28,0,0
S108773,U15066,2026-03-23,Organic Search,Contact Us,Desktop,India,New,4.54,5.8,51.65,0,0
S100554,U12850,2026-03-23,Paid Search,Pricing,Desktop,USA,New,4.86,3.4,63.0,0,0
S104368,U15103,2026-03-23,Direct,Product Details,Mobile,India,New,3.55,3.3,58.03,0,0
S108661,U11382,2026-03-23,Paid Search,Home,Desktop,India,Returning,8.27,6.3,51.54,1,100
S106256,U14931,2026-03-23,Referral,FAQ,Mobile,India,New,3.08,2.2,57.23,0,0
S106357,U14923,2026-03-23,Paid Search,Checkout,Mobile,India,New,2.61,3.8,52.66,0,0
S101914,U13105,2026-03-23,Organic Search,Blog,Desktop,USA,New,6.28,4.0,56.82,0,0
S109633,U10649,2026-03-23,Organic Search,Services,Desktop,UK,New,2.62,1.7,55.97,0,0
S101664,U10311,2026-03-23,Social Media,Blog,Desktop,India,Returning,4.56,4.9,55.19,0,0
S107971,U11536,2026-03-23,Direct,Home,Desktop,India,Returning,3.01,1.2,68.68,0,0
S101845,U14522,2026-03-23,Paid Search,Blog,Mobile,India,New,6.41,3.9,58.95,0,0
S109016,U13321,2026-03-23,Direct,Contact Us,Desktop,India,New,7.75,5.5,44.8,0,0
S103102,U11207,2026-03-23,Organic Search,Product Details,Mobile,India,New,2.59,1.0,64.06,0,0
S103191,U10270,2026-03-23,Direct,Products,Desktop,India,New,8.56,5.6,46.06,0,0
S106608,U13176,2026-03-23,Organic Search,Checkout,Desktop,UK,New,4.52,2.7,62.34,1,100
S103273,U10098,2026-03-23,Organic Search,Products,Mobile,India,New,5.45,3.5,54.88,0,0
S101798,U10037,2026-03-23,Organic Search,Services,Desktop,India,New,4.1,2.5,68.31,0,0
S100673,U15162,2026-03-23,Organic Search,FAQ,Desktop,India,Returning,5.52,4.2,53.74,0,0
S100836,U15581,2026-03-23,Organic Search,Products,Tablet,Australia,Returning,5.52,5.3,55.04,0,0
S101011,U14581,2026-03-23,Direct,About Us,Tablet,India,New,5.99,5.7,66.98,0,0
S102911,U16304,2026-03-23,Paid Search,Contact Us,Mobile,Australia,New,8.31,5.5,47.51,0,0
S107090,U14042,2026-03-23,Organic Search,Contact Us,Desktop,Australia,Returning,4.2,5.0,38.95,0,0
S100311,U14500,2026-03-23,Social Media,Blog,Desktop,India,New,1.82,2.2,61.68,0,0
S104620,U10700,2026-03-23,Direct,FAQ,Mobile,USA,New,3.78,2.9,80.75,0,0
S102035,U12937,2026-03-23,Organic Search,Services,Desktop,India,New,6.53,3.0,60.69,0,0
S100583,U15388,2026-03-23,Social Media,Product Details,Desktop,India,Returning,5.54,5.4,42.01,1,100
S104592,U10271,2026-03-23,Paid Search,Pricing,Desktop,India,New,12.28,8.5,42.48,0,0
S108655,U15471,2026-03-23,Paid Search,Checkout,Mobile,India,New,10.33,6.8,47.16,0,0
S107294,U16391,2026-03-23,Paid Search,Products,Desktop,USA,Returning,5.42,3.9,59.27,0,0
S106582,U12362,2026-03-24,Referral,Services,Desktop,Australia,New,5.52,5.3,54.84,0,0
S106395,U14291,2026-03-24,Organic Search,Pricing,Desktop,USA,New,6.81,3.9,47.76,0,0
S109253,U13534,2026-03-24,Paid Search,Checkout,Mobile,India,New,1.51,1.0,58.77,0,0
S103363,U13014,2026-03-24,Organic Search,Blog,Desktop,Australia,Returning,6.75,5.7,62.15,0,0
S106118,U10166,2026-03-24,Organic Search,Home,Mobile,USA,New,3.87,2.3,75.38,0,0
S106015,U10250,2026-03-24,Paid Search,Contact Us,Mobile,India,New,18.37,12.0,31.68,0,0
S103906,U16079,2026-03-24,Social Media,Product Details,Desktop,India,New,4.98,2.2,69.43,0,0
S107675,U12519,2026-03-24,Referral,Product Details,Desktop,India,New,1.87,2.7,66.54,0,0
S102726,U15176,2026-03-24,Organic Search,About Us,Mobile,Australia,New,5.02,3.3,61.0,0,0
S101287,U13369,2026-03-24,Paid Search,Home,Desktop,UK,Returning,6.72,6.3,55.72,0,0
S106858,U15755,2026-03-24,Social Media,Home,Desktop,India,New,8.98,7.9,39.62,0,0
S105810,U16130,2026-03-24,Organic Search,Product Details,Mobile,India,New,8.69,6.2,44.38,1,100
S100003,U15192,2026-03-24,Paid Search,FAQ,Mobile,Australia,Returning,9.5,7.0,49.3,1,100
S106748,U11244,2026-03-24,Organic Search,Product Details,Tablet,Canada,New,5.17,3.0,54.29,0,0
S103034,U13490,2026-03-24,Organic Search,FAQ,Tablet,India,New,6.29,5.0,58.91,0,0
S104871,U16310,2026-03-24,Organic Search,FAQ,Desktop,Australia,New,8.7,5.0,53.68,0,0
S101164,U11315,2026-03-24,Direct,Checkout,Desktop,USA,New,0.83,1.8,77.83,0,0
S106864,U15276,2026-03-24,Referral,About Us,Tablet,India,New,11.29,7.4,46.05,1,100
S109676,U10929,2026-03-24,Social Media,FAQ,Desktop,India,Returning,0.69,2.3,81.83,1,100
S107525,U16454,2026-03-24,Direct,Services,Tablet,UK,New,7.77,4.1,53.12,0,0
S108767,U11833,2026-03-24,Direct,Product Details,Desktop,India,New,9.46,4.9,51.2,1,100
S101908,U15044,2026-03-24,Organic Search,Services,Desktop,India,New,7.79,5.6,46.29,1,100
S108967,U13162,2026-03-24,Referral,Contact Us,Desktop,India,Returning,7.96,5.5,56.06,0,0
S102340,U10704,2026-03-24,Paid Search,Products,Desktop,India,New,6.35,4.6,54.4,0,0
S107301,U13677,2026-03-24,Social Media,Services,Desktop,India,New,7.16,5.7,51.76,0,0
S100352,U11219,2026-03-24,Paid Search,Pricing,Desktop,India,New,5.93,4.8,47.02,0,0
S108917,U14588,2026-03-24,Organic Search,Contact Us,Desktop,India,New,1.78,1.3,61.37,0,0
S108362,U10433,2026-03-24,Referral,Product Details,Mobile,India,Returning,3.53,4.1,63.54,0,0
S102531,U15095,2026-03-24,Referral,Contact Us,Desktop,India,New,5.09,5.7,50.03,0,0
S107803,U10667,2026-03-24,Social Media,Product Details,Desktop,India,New,4.29,2.8,68.39,0,0
S102934,U15845,2026-03-24,Direct,Services,Desktop,India,New,0.93,2.9,76.37,0,0
S101363,U12263,2026-03-24,Organic Search,Home,Mobile,India,New,5.9,4.2,63.2,0,0
S104210,U10892,2026-03-24,Organic Search,Home,Mobile,India,New,1.67,2.0,66.7,0,0
S105672,U11290,2026-03-24,Paid Search,Contact Us,Desktop,India,Returning,2.15,2.0,62.26,0,0
S105565,U10945,2026-03-24,Paid Search,Contact Us,Desktop,USA,New,11.14,6.5,42.51,0,0
S106298,U14126,2026-03-24,Organic Search,FAQ,Mobile,USA,Returning,7.64,7.1,40.46,0,0
S101067,U12591,2026-03-24,Referral,Product Details,Mobile,UK,New,2.25,2.7,75.41,0,0
S103522,U14729,2026-03-24,Referral,Product Details,Mobile,UK,New,2.65,3.3,62.81,0,0
S101027,U10233,2026-03-24,Direct,Services,Desktop,India,Returning,2.79,3.1,63.43,0,0
S105156,U13612,2026-03-24,Organic Search,Checkout,Mobile,Australia,Returning,11.55,8.2,39.57,0,0
S104870,U12634,2026-03-24,Organic Search,Products,Desktop,India,New,2.57,2.0,76.37,0,0
S105386,U13989,2026-03-24,Referral,Home,Desktop,USA,New,8.09,5.6,42.7,0,0
S105723,U12960,2026-03-24,Direct,Pricing,Mobile,India,New,5.41,4.1,58.59,0,0
S100314,U13192,2026-03-24,Organic Search,Services,Tablet,India,New,9.29,5.5,49.16,1,100
S104270,U12662,2026-03-24,Organic Search,Services,Mobile,India,Returning,0.52,1.4,61.41,0,0
S102062,U13042,2026-03-24,Organic Search,Pricing,Mobile,India,Returning,2.4,2.3,66.14,0,0
S101354,U10342,2026-03-24,Referral,Services,Desktop,India,New,13.95,8.9,48.39,1,100
S103279,U13158,2026-03-24,Organic Search,Product Details,Desktop,India,Returning,11.58,7.3,47.79,0,0
S109980,U15424,2026-03-24,Organic Search,Home,Desktop,India,New,5.07,2.7,65.89,0,0
S109286,U15420,2026-03-24,Social Media,Products,Desktop,Canada,New,3.43,2.2,69.54,0,0
S105350,U12576,2026-03-24,Paid Search,Product Details,Mobile,India,Returning,2.81,3.4,86.95,0,0
S105345,U11706,2026-03-24,Paid Search,Home,Desktop,UK,New,5.06,2.6,60.03,1,100
S104543,U11065,2026-03-25,Referral,Products,Mobile,India,Returning,9.59,8.5,29.47,0,0
S101841,U10557,2026-03-25,Organic Search,Checkout,Desktop,USA,Returning,2.32,2.1,69.13,0,0
S100954,U14778,2026-03-25,Organic Search,Products,Desktop,Australia,Returning,4.94,3.7,58.63,0,0
S107369,U14240,2026-03-25,Organic Search,Checkout,Desktop,USA,Returning,1.22,1.6,65.63,0,0
S107446,U11755,2026-03-25,Referral,Contact Us,Mobile,USA,New,8.42,6.1,46.52,0,0
S105268,U14781,2026-03-25,Referral,Services,Desktop,India,New,8.43,6.7,38.92,0,0
S109899,U13286,2026-03-25,Paid Search,Home,Desktop,USA,Returning,4.85,3.4,60.73,0,0
S109489,U15294,2026-03-25,Organic Search,Home,Mobile,India,Returning,2.79,2.7,72.62,0,0
S107957,U11602,2026-03-25,Paid Search,Product Details,Desktop,USA,New,7.6,7.0,52.31,0,0
S106388,U15902,2026-03-25,Organic Search,Home,Mobile,India,Returning,4.2,2.4,71.27,0,0
S109747,U13514,2026-03-25,Organic Search,About Us,Mobile,India,Returning,3.59,3.4,63.92,0,0
S100999,U15127,2026-03-25,Direct,Blog,Mobile,India,Returning,6.7,5.9,35.4,0,0
S100642,U16206,2026-03-25,Organic Search,Home,Mobile,India,Returning,2.92,2.9,46.47,1,100
S100446,U13848,2026-03-25,Paid Search,Services,Tablet,India,Returning,10.5,8.1,30.03,1,100
S103921,U10999,2026-03-25,Direct,Products,Mobile,India,New,8.21,4.1,55.0,0,0
S105207,U15223,2026-03-25,Direct,Services,Desktop,India,New,5.51,3.8,57.45,0,0
S104641,U15631,2026-03-25,Organic Search,Home,Tablet,India,Returning,11.01,7.4,44.33,0,0
S109069,U14724,2026-03-25,Organic Search,Checkout,Tablet,Australia,New,6.26,5.6,49.08,0,0
S106299,U16425,2026-03-25,Organic Search,Product Details,Desktop,India,New,4.07,2.9,58.35,1,100
S100759,U13285,2026-03-25,Organic Search,Contact Us,Tablet,India,New,4.95,3.8,57.19,0,0
S106159,U14115,2026-03-25,Organic Search,Products,Desktop,India,New,2.43,1.4,89.6,0,0
S102053,U11950,2026-03-25,Organic Search,Blog,Tablet,India,New,3.29,1.3,78.37,0,0
S104531,U11106,2026-03-25,Direct,Home,Mobile,India,New,6.81,6.0,62.32,0,0
S108177,U14958,2026-03-25,Paid Search,Services,Desktop,India,New,4.83,3.2,61.1,1,100
S103746,U12502,2026-03-25,Organic Search,Product Details,Mobile,India,Returning,4.5,2.5,63.18,0,0
S105052,U14918,2026-03-25,Paid Search,Pricing,Desktop,India,New,3.45,3.3,46.12,0,0
S100414,U10570,2026-03-25,Social Media,Pricing,Desktop,India,Returning,4.49,4.1,48.43,0,0
S100044,U11268,2026-03-25,Social Media,Products,Desktop,India,New,6.44,5.9,63.51,0,0
S100560,U11016,2026-03-25,Organic Search,Services,Mobile,India,New,4.13,3.7,54.76,1,100
S105819,U12747,2026-03-25,Social Media,Blog,Mobile,India,Returning,7.53,5.8,55.06,0,0
S105045,U15259,2026-03-25,Organic Search,Blog,Desktop,USA,Returning,1.99,3.7,84.55,0,0
S102244,U12735,2026-03-25,Organic Search,Home,Desktop,India,New,10.39,7.4,37.23,0,0
S108883,U12227,2026-03-25,Organic Search,Products,Mobile,India,New,3.91,3.8,55.75,0,0
S100983,U11277,2026-03-25,Social Media,Checkout,Desktop,India,New,3.86,2.2,64.23,0,0
S103222,U16343,2026-03-25,Paid Search,Pricing,Mobile,India,New,5.37,5.6,43.69,0,0
S109930,U10993,2026-03-25,Organic Search,Checkout,Mobile,USA,New,8.15,6.4,58.69,0,0
S106294,U15189,2026-03-25,Organic Search,FAQ,Mobile,Australia,Returning,5.54,4.7,61.38,0,0
S108616,U11503,2026-03-25,Direct,Contact Us,Tablet,Australia,Returning,1.51,2.4,73.94,0,0
S100486,U14466,2026-03-25,Organic Search,Product Details,Mobile,India,New,5.16,4.1,48.12,0,0
S106454,U14714,2026-03-25,Organic Search,About Us,Mobile,Australia,New,3.03,3.1,54.53,0,0
S105309,U16458,2026-03-25,Paid Search,About Us,Mobile,India,New,0.98,1.0,75.79,0,0
S107543,U14226,2026-03-25,Organic Search,Products,Desktop,Australia,Returning,5.0,3.0,60.36,0,0
S104230,U11197,2026-03-25,Organic Search,Home,Desktop,Canada,Returning,4.77,3.1,44.56,0,0
S102560,U13611,2026-03-25,Direct,Services,Desktop,USA,New,3.61,4.0,64.23,0,0
S102504,U14677,2026-03-25,Direct,Blog,Desktop,India,Returning,1.34,3.0,70.09,0,0
S105529,U15097,2026-03-25,Paid Search,Blog,Desktop,India,New,5.46,4.2,52.09,0,0
S108147,U16402,2026-03-25,Social Media,Home,Mobile,Australia,New,2.66,2.3,63.09,0,0
S101122,U12220,2026-03-25,Organic Search,Home,Desktop,India,Returning,5.08,4.6,48.3,0,0
S107777,U16414,2026-03-25,Referral,FAQ,Mobile,India,Returning,3.47,3.4,53.25,0,0
S108940,U16362,2026-03-25,Referral,Pricing,Desktop,UK,New,7.37,5.6,42.95,0,0
S100290,U10263,2026-03-25,Social Media,Services,Desktop,Canada,New,2.58,3.6,57.45,0,0
S108019,U12941,2026-03-25,Referral,Pricing,Desktop,UK,Returning,1.33,2.5,67.38,0,0
S107033,U13441,2026-03-25,Paid Search,Products,Desktop,India,New,2.09,1.0,71.16,0,0
S105643,U15213,2026-03-25,Referral,Product Details,Desktop,India,New,3.49,2.8,50.66,0,0
S103814,U15907,2026-03-25,Organic Search,Home,Desktop,UK,New,4.83,3.8,64.37,0,0
S107719,U12707,2026-03-25,Referral,Home,Mobile,Australia,Returning,2.77,1.6,86.12,0,0
S108935,U10689,2026-03-26,Paid Search,Services,Mobile,India,Returning,2.59,2.3,57.74,0,0
S107745,U10548,2026-03-26,Direct,Contact Us,Mobile,India,Returning,11.25,8.8,30.24,1,100
S107923,U13305,2026-03-26,Organic Search,FAQ,Desktop,USA,New,13.41,10.5,28.59,0,0
S105609,U15751,2026-03-26,Organic Search,Contact Us,Desktop,India,New,3.08,3.0,72.37,0,0
S100885,U12815,2026-03-26,Direct,FAQ,Desktop,India,Returning,1.16,1.1,72.11,0,0
S102952,U16024,2026-03-26,Social Media,Blog,Desktop,India,New,3.82,4.7,70.31,0,0
S109918,U13868,2026-03-26,Paid Search,Services,Mobile,India,New,3.64,4.0,53.63,0,0
S100078,U12614,2026-03-26,Organic Search,Services,Tablet,India,New,4.43,4.4,46.22,1,100
S100158,U10564,2026-03-26,Paid Search,Product Details,Desktop,India,New,3.49,4.3,49.34,0,0
S106085,U16101,2026-03-26,Organic Search,Services,Desktop,India,New,2.43,5.0,59.91,0,0
S106094,U14648,2026-03-26,Paid Search,Blog,Desktop,UK,New,3.23,3.3,64.04,0,0
S101596,U10339,2026-03-26,Organic Search,Products,Desktop,India,Returning,12.7,8.1,38.34,0,0
S108713,U14373,2026-03-26,Direct,Products,Mobile,India,New,6.97,4.6,68.7,0,0
S103883,U12722,2026-03-26,Organic Search,Services,Mobile,India,Returning,4.35,3.9,66.26,1,100
S102637,U15963,2026-03-26,Organic Search,Home,Mobile,India,New,4.17,3.5,69.37,0,0
S101548,U12712,2026-03-26,Paid Search,About Us,Desktop,India,Returning,2.05,3.6,59.73,0,0
S109209,U13146,2026-03-26,Organic Search,FAQ,Mobile,India,New,3.3,4.1,54.39,0,0
S100483,U10992,2026-03-26,Social Media,Home,Mobile,India,New,6.0,3.8,61.36,0,0
S105696,U10688,2026-03-26,Organic Search,Blog,Desktop,Canada,New,1.84,3.1,64.18,0,0
S106786,U13420,2026-03-26,Social Media,Product Details,Desktop,India,Returning,4.39,4.2,58.89,1,100
S102877,U16282,2026-03-26,Paid Search,Blog,Desktop,India,Returning,3.89,4.1,64.88,0,0
S108155,U14498,2026-03-26,Referral,Blog,Desktop,India,Returning,8.02,5.8,29.81,0,0
S108149,U12277,2026-03-26,Direct,Home,Mobile,India,New,7.04,6.7,57.0,0,0
S103548,U10988,2026-03-26,Organic Search,FAQ,Desktop,USA,Returning,3.19,3.3,52.61,0,0
S104425,U13753,2026-03-26,Social Media,Products,Desktop,UK,Returning,7.33,4.8,48.41,0,0
S106410,U14927,2026-03-26,Referral,Products,Mobile,India,Returning,0.44,1.8,84.22,0,0
S101708,U10705,2026-03-26,Organic Search,Home,Desktop,India,New,3.78,2.7,69.43,0,0
S103691,U16133,2026-03-26,Social Media,Pricing,Desktop,India,New,1.2,2.2,67.82,0,0
S108332,U14003,2026-03-26,Direct,Home,Desktop,Australia,New,2.79,3.6,48.78,0,0
S104938,U14938,2026-03-26,Organic Search,Home,Mobile,India,Returning,8.46,5.9,51.92,0,0
S103179,U15081,2026-03-26,Organic Search,Contact Us,Desktop,USA,New,4.57,3.3,75.44,0,0
S104729,U11100,2026-03-26,Organic Search,Checkout,Desktop,UK,New,5.29,4.9,65.31,0,0
S106580,U14770,2026-03-26,Referral,About Us,Tablet,India,Returning,3.56,4.5,53.19,0,0
S104700,U14991,2026-03-26,Organic Search,Pricing,Mobile,Australia,New,4.87,4.2,50.37,0,0
S100728,U11244,2026-03-26,Social Media,Services,Tablet,Australia,Returning,3.48,3.3,67.7,0,0
S108912,U12751,2026-03-26,Organic Search,About Us,Mobile,Canada,New,3.53,1.2,59.78,0,0
S107562,U11463,2026-03-26,Organic Search,Home,Tablet,India,New,1.18,2.8,69.04,1,100
S108442,U11217,2026-03-26,Direct,Home,Desktop,India,New,8.79,8.2,32.54,0,0
S102723,U10690,2026-03-26,Organic Search,Blog,Mobile,UK,New,2.31,3.0,63.85,0,0
S106665,U14704,2026-03-26,Organic Search,Services,Desktop,USA,New,4.22,3.6,62.14,0,0
S100692,U15513,2026-03-26,Direct,Blog,Mobile,UK,New,1.97,1.0,69.35,0,0
S105612,U13136,2026-03-26,Organic Search,Checkout,Mobile,UK,New,1.88,2.0,76.59,0,0
S107353,U13447,2026-03-26,Paid Search,FAQ,Mobile,USA,New,7.65,6.8,61.38,0,0
S105899,U10192,2026-03-26,Paid Search,Product Details,Desktop,India,New,11.17,7.4,39.09,0,0
S105900,U10499,2026-03-26,Organic Search,Products,Mobile,Canada,New,1.12,1.3,78.41,0,0
S107350,U12919,2026-03-26,Paid Search,Product Details,Desktop,India,New,6.53,4.5,50.88,0,0
S101826,U13240,2026-03-26,Organic Search,Product Details,Desktop,UK,New,2.34,2.6,68.42,0,0
S108024,U12826,2026-03-26,Direct,Home,Tablet,USA,Returning,12.35,7.1,46.79,0,0
S105654,U13158,2026-03-27,Paid Search,Products,Mobile,India,New,3.1,6.6,59.52,0,0
S101390,U14151,2026-03-27,Direct,Product Details,Tablet,India,Returning,3.42,4.9,52.9,1,100
S106937,U14676,2026-03-27,Organic Search,Services,Tablet,India,New,4.5,5.0,57.51,1,100
S109631,U12863,2026-03-27,Direct,Product Details,Mobile,USA,New,2.18,1.1,61.59,0,0
S107038,U11724,2026-03-27,Direct,Product Details,Mobile,India,New,4.31,3.7,69.56,0,0
S106990,U15516,2026-03-27,Organic Search,FAQ,Desktop,India,New,6.01,3.6,55.66,0,0
S101262,U12444,2026-03-27,Referral,Product Details,Desktop,UK,New,3.04,3.9,75.52,0,0
S107018,U11638,2026-03-27,Paid Search,Home,Desktop,USA,New,1.32,2.3,57.53,0,0
S105981,U12512,2026-03-27,Referral,Blog,Desktop,Canada,New,6.6,5.0,64.92,0,0
S105919,U13219,2026-03-27,Social Media,FAQ,Mobile,India,New,9.44,7.6,35.03,0,0
S104929,U11921,2026-03-27,Organic Search,About Us,Mobile,UK,New,11.22,6.9,37.49,0,0
S106230,U16317,2026-03-27,Organic Search,Products,Desktop,India,Returning,2.71,2.9,73.12,0,0
S107380,U12918,2026-03-27,Direct,Product Details,Mobile,USA,Returning,1.36,1.3,63.47,0,0
S101869,U14771,2026-03-27,Organic Search,Home,Mobile,India,New,9.47,6.4,43.62,1,100
S101853,U13330,2026-03-27,Direct,Contact Us,Mobile,India,New,12.04,5.7,49.98,0,0
S101978,U11051,2026-03-27,Paid Search,FAQ,Desktop,India,New,11.1,8.3,23.4,0,0
S100180,U15740,2026-03-27,Organic Search,Contact Us,Mobile,India,Returning,3.77,3.6,61.75,0,0
S105108,U11030,2026-03-27,Direct,Home,Desktop,India,New,7.26,5.7,49.32,0,0
S105126,U13630,2026-03-27,Referral,Pricing,Desktop,India,New,2.27,4.1,61.2,0,0
S109047,U10067,2026-03-27,Organic Search,Products,Desktop,India,New,0.75,2.9,73.95,0,0
S101987,U15656,2026-03-27,Organic Search,Home,Desktop,Australia,Returning,10.98,7.6,40.4,0,0
S109503,U12112,2026-03-27,Paid Search,About Us,Desktop,India,New,1.17,2.1,74.28,0,0
S101616,U15136,2026-03-27,Organic Search,Pricing,Mobile,USA,New,1.01,1.4,74.51,0,0
S100928,U13824,2026-03-27,Organic Search,FAQ,Desktop,India,New,5.95,3.6,67.59,0,0
S106310,U15434,2026-03-27,Organic Search,Blog,Desktop,India,New,4.02,3.6,71.03,0,0
S106308,U11017,2026-03-27,Referral,Pricing,Desktop,Canada,New,8.06,6.2,39.87,0,0
S106770,U14816,2026-03-27,Organic Search,Contact Us,Mobile,India,New,7.04,4.6,58.06,0,0
S104922,U15569,2026-03-27,Organic Search,Blog,Mobile,India,New,0.42,1.7,68.22,0,0
S106288,U10841,2026-03-27,Paid Search,Products,Desktop,India,New,8.62,6.8,33.22,0,0
S105486,U10019,2026-03-27,Social Media,Checkout,Mobile,USA,Returning,10.96,6.9,41.45,0,0
S107159,U15766,2026-03-27,Organic Search,Services,Desktop,UK,New,8.15,3.3,66.19,0,0
S106255,U14543,2026-03-27,Referral,Blog,Mobile,Australia,New,7.3,6.7,38.91,0,0
S109619,U11970,2026-03-27,Organic Search,About Us,Mobile,Canada,Returning,10.79,6.2,41.96,0,0
S106806,U11774,2026-03-27,Paid Search,Product Details,Desktop,India,Returning,2.54,5.1,64.42,0,0
S105445,U14447,2026-03-27,Referral,Contact Us,Mobile,India,Returning,1.56,3.3,66.17,0,0
S100424,U10155,2026-03-27,Paid Search,Home,Desktop,Canada,New,2.7,3.6,69.5,0,0
S102181,U15719,2026-03-27,Referral,FAQ,Mobile,USA,New,1.24,2.5,68.79,0,0
S107618,U10146,2026-03-27,Referral,Product Details,Desktop,Canada,New,1.89,3.1,69.99,0,0
S104680,U13552,2026-03-27,Organic Search,FAQ,Tablet,India,Returning,12.73,9.2,45.65,1,100
S103809,U11592,2026-03-27,Paid Search,Blog,Tablet,India,New,4.27,4.1,64.08,0,0
S103990,U13936,2026-03-27,Social Media,Contact Us,Mobile,India,New,10.03,7.1,52.2,0,0
S102545,U15861,2026-03-27,Organic Search,Product Details,Mobile,India,New,2.09,4.1,54.54,0,0
S108409,U13058,2026-03-27,Organic Search,Blog,Desktop,India,New,15.2,10.3,32.93,1,100
S102803,U13836,2026-03-27,Organic Search,Checkout,Desktop,India,Returning,9.22,5.7,60.76,0,0
S102655,U12726,2026-03-27,Organic Search,FAQ,Mobile,India,Returning,3.99,3.9,64.55,0,0
S108838,U15711,2026-03-27,Paid Search,About Us,Mobile,India,Returning,5.25,2.9,55.46,0,0
S104364,U10461,2026-03-27,Organic Search,Home,Mobile,India,New,10.37,6.0,61.8,0,0
S100455,U12775,2026-03-27,Organic Search,Blog,Desktop,India,Returning,8.68,6.4,32.63,0,0
S102098,U10895,2026-03-27,Paid Search,FAQ,Mobile,USA,New,5.05,3.4,60.27,1,100
S103451,U11959,2026-03-27,Paid Search,FAQ,Mobile,Canada,New,4.65,3.3,73.72,0,0
S107809,U14594,2026-03-27,Social Media,Pricing,Desktop,India,New,5.88,4.5,55.14,0,0
S108279,U12572,2026-03-27,Organic Search,Home,Desktop,Australia,New,12.83,6.7,38.32,0,0
S107629,U12965,2026-03-27,Paid Search,Products,Desktop,UK,Returning,7.71,5.0,43.1,0,0
S103463,U10442,2026-03-27,Organic Search,Home,Mobile,Australia,Returning,4.43,3.2,63.13,1,100
S103673,U13113,2026-03-27,Direct,FAQ,Desktop,UK,Returning,14.23,9.4,32.5,0,0
S104529,U10693,2026-03-27,Organic Search,Product Details,Desktop,India,New,3.45,4.0,65.66,1,100
S109867,U12115,2026-03-27,Referral,Home,Desktop,India,Returning,9.92,7.7,50.95,1,100
S102789,U14593,2026-03-27,Organic Search,Product Details,Desktop,USA,New,5.52,3.7,72.4,0,0
S108567,U11861,2026-03-27,Organic Search,Home,Mobile,Australia,New,3.99,3.6,50.96,0,0
S104197,U15622,2026-03-27,Organic Search,FAQ,Mobile,India,New,4.77,4.7,71.36,0,0
S103457,U15064,2026-03-27,Organic Search,Product Details,Mobile,USA,Returning,5.63,4.6,72.62,0,0
S103825,U12929,2026-03-27,Organic Search,Blog,Mobile,India,New,4.4,2.7,70.02,0,0
S100427,U14058,2026-03-27,Organic Search,FAQ,Mobile,Canada,Returning,2.26,3.1,67.67,0,0
S104246,U10356,2026-03-27,Direct,FAQ,Mobile,UK,New,5.67,4.3,59.56,0,0
S108215,U16023,2026-03-27,Direct,Blog,Mobile,India,New,3.6,4.4,58.87,0,0
S100238,U11708,2026-03-27,Social Media,Services,Tablet,India,Returning,12.85,6.4,34.82,0,0
S102251,U15944,2026-03-27,Direct,About Us,Desktop,USA,New,2.06,1.1,66.02,0,0
S103555,U14791,2026-03-27,Direct,Product Details,Desktop,UK,New,6.63,5.0,49.31,0,0
S102898,U14215,2026-03-27,Direct,Services,Desktop,India,Returning,3.93,4.6,61.27,0,0
S105498,U12588,2026-03-28,Paid Search,Contact Us,Mobile,India,New,9.41,7.3,47.55,0,0
S103017,U15851,2026-03-28,Organic Search,Services,Mobile,India,Returning,17.33,11.4,21.81,0,0
S103877,U11302,2026-03-28,Organic Search,Home,Mobile,India,New,2.72,2.2,72.54,0,0
S101759,U12110,2026-03-28,Organic Search,FAQ,Desktop,USA,Returning,5.0,4.2,54.69,0,0
S105178,U10449,2026-03-28,Referral,Contact Us,Mobile,India,New,4.33,3.8,65.73,0,0
S109549,U12117,2026-03-28,Paid Search,Blog,Mobile,India,New,0.46,3.3,67.56,0,0
S101797,U14550,2026-03-28,Organic Search,Products,Mobile,USA,New,5.36,5.1,52.6,1,100
S108126,U10110,2026-03-28,Social Media,About Us,Mobile,India,New,7.25,6.1,56.63,0,0
S104001,U12528,2026-03-28,Direct,Blog,Desktop,India,Returning,14.43,7.7,31.62,0,0
S102918,U10522,2026-03-28,Paid Search,About Us,Desktop,India,New,8.43,5.6,32.62,0,0
S106675,U11582,2026-03-28,Referral,Products,Desktop,India,Returning,3.52,2.7,51.27,0,0
S107751,U13141,2026-03-28,Organic Search,Pricing,Desktop,India,Returning,11.37,8.4,32.23,0,0
S104601,U15090,2026-03-28,Direct,Products,Desktop,India,Returning,8.6,4.0,52.32,0,0
S109322,U15318,2026-03-28,Paid Search,About Us,Mobile,India,New,5.84,4.1,63.29,0,0
S100485,U14365,2026-03-28,Paid Search,About Us,Desktop,Canada,New,8.66,6.7,45.24,1,100
S108647,U12726,2026-03-28,Direct,Product Details,Desktop,India,New,5.37,5.1,44.15,0,0
S103828,U16469,2026-03-28,Organic Search,Home,Desktop,India,Returning,17.23,10.7,13.74,0,0
S103817,U12012,2026-03-28,Paid Search,Pricing,Mobile,India,Returning,0.68,1.0,85.41,1,100
S101038,U12661,2026-03-28,Social Media,Contact Us,Desktop,India,New,9.0,6.3,43.2,0,0
S105747,U16140,2026-03-28,Organic Search,Services,Desktop,India,Returning,4.36,3.3,66.5,0,0
S108452,U13646,2026-03-28,Direct,Product Details,Mobile,India,New,1.01,2.6,67.24,0,0
S103425,U11716,2026-03-28,Organic Search,Checkout,Desktop,India,Returning,0.68,1.0,69.64,0,0
S102154,U14704,2026-03-28,Organic Search,Pricing,Mobile,India,Returning,2.88,1.9,72.91,0,0
S103841,U13416,2026-03-28,Organic Search,About Us,Mobile,India,Returning,3.88,4.6,65.05,0,0
S103405,U15484,2026-03-28,Organic Search,FAQ,Desktop,India,Returning,3.65,3.7,50.49,0,0
S103805,U13362,2026-03-28,Direct,Product Details,Mobile,India,Returning,4.59,5.8,55.7,0,0
S106761,U11945,2026-03-28,Organic Search,Pricing,Mobile,India,New,9.57,6.8,36.29,0,0
S106952,U13157,2026-03-28,Organic Search,Home,Tablet,Australia,New,7.52,5.0,42.27,0,0
S103973,U13803,2026-03-28,Organic Search,Contact Us,Mobile,India,Returning,10.7,6.5,47.22,1,100
S102570,U10342,2026-03-28,Paid Search,Products,Desktop,Canada,New,1.4,2.6,71.66,0,0
S108478,U10092,2026-03-28,Social Media,Product Details,Mobile,India,Returning,0.78,1.9,72.32,0,0
S103327,U12552,2026-03-28,Referral,Contact Us,Mobile,UK,New,3.52,4.2,58.02,0,0
S107397,U12594,2026-03-28,Organic Search,FAQ,Mobile,UK,New,3.13,4.8,51.26,0,0
S104466,U14591,2026-03-28,Social Media,About Us,Mobile,India,New,4.87,5.2,63.34,0,0
S106124,U14259,2026-03-28,Organic Search,Home,Mobile,India,New,5.04,4.2,61.89,1,100
S101619,U13991,2026-03-28,Referral,Services,Desktop,India,New,3.87,3.3,63.82,0,0
S107317,U11188,2026-03-28,Referral,Checkout,Desktop,USA,New,1.28,3.3,54.28,0,0
S109653,U14156,2026-03-28,Direct,Blog,Desktop,India,Returning,5.52,4.6,61.4,0,0
S107922,U13143,2026-03-28,Organic Search,Services,Mobile,USA,Returning,16.53,10.9,18.11,0,0
S102468,U11799,2026-03-28,Direct,Product Details,Desktop,India,New,2.56,1.0,70.01,0,0
S107189,U12395,2026-03-28,Referral,Products,Mobile,India,Returning,1.31,2.1,75.03,0,0
S100115,U11496,2026-03-28,Social Media,Product Details,Tablet,India,New,9.6,6.8,50.89,0,0
S106983,U15507,2026-03-28,Referral,Home,Mobile,India,Returning,5.51,5.4,67.3,0,0
S107636,U12739,2026-03-28,Direct,Products,Tablet,India,New,10.63,7.3,50.63,0,0
S100040,U12735,2026-03-28,Direct,Home,Mobile,Canada,Returning,1.18,2.7,69.53,0,0
S102059,U11710,2026-03-28,Paid Search,About Us,Desktop,UK,Returning,6.79,4.9,48.66,0,0
S102908,U12422,2026-03-28,Organic Search,Contact Us,Mobile,India,New,3.09,2.6,68.5,0,0
S103738,U15386,2026-03-28,Paid Search,About Us,Desktop,Canada,Returning,0.58,1.0,65.55,0,0
S108654,U15817,2026-03-28,Social Media,Blog,Mobile,India,Returning,3.33,3.6,67.12,0,0
S109452,U15154,2026-03-28,Paid Search,Products,Desktop,India,New,3.24,3.3,65.93,0,0
S100749,U10134,2026-03-28,Paid Search,Contact Us,Mobile,UK,Returning,0.91,2.3,58.13,0,0
S103919,U12835,2026-03-28,Organic Search,Home,Mobile,India,New,3.01,1.5,63.71,0,0
S108847,U10163,2026-03-28,Organic Search,Product Details,Mobile,UK,New,5.46,3.4,61.52,0,0
S105820,U14877,2026-03-28,Organic Search,Products,Tablet,India,Returning,0.94,1.0,70.01,0,0
S104821,U11474,2026-03-28,Paid Search,Home,Desktop,India,Returning,2.45,2.1,66.27,0,0
S108064,U15122,2026-03-28,Paid Search,FAQ,Desktop,UK,Returning,8.85,5.9,45.61,0,0
S105379,U12726,2026-03-28,Paid Search,Product Details,Mobile,India,New,2.43,3.4,58.93,0,0
S101843,U12809,2026-03-28,Organic Search,Blog,Mobile,India,New,5.89,3.5,54.69,0,0
S103698,U10988,2026-03-28,Paid Search,Products,Desktop,USA,Returning,5.83,4.3,63.93,0,0
S109637,U15709,2026-03-28,Organic Search,Blog,Mobile,USA,New,4.11,4.6,53.09,0,0
S103781,U12121,2026-03-28,Organic Search,Products,Desktop,Australia,New,2.61,1.5,61.89,0,0
S109816,U12487,2026-03-28,Organic Search,FAQ,Mobile,India,New,8.88,6.2,44.3,1,100
S102561,U14256,2026-03-28,Organic Search,Blog,Mobile,India,New,7.15,5.1,61.41,0,0
S105984,U14556,2026-03-28,Paid Search,FAQ,Tablet,UK,Returning,5.52,4.3,56.69,0,0
S108970,U14454,2026-03-28,Referral,Services,Desktop,UK,New,14.82,7.7,25.48,0,0
S106623,U15676,2026-03-28,Organic Search,Products,Desktop,UK,Returning,9.54,6.5,34.03,0,0
S107070,U10814,2026-03-28,Organic Search,Products,Mobile,India,Returning,2.09,1.0,76.25,0,0
S104491,U13639,2026-03-28,Organic Search,Blog,Desktop,USA,Returning,4.06,3.5,48.42,0,0
S102361,U15451,2026-03-28,Direct,Services,Mobile,Australia,Returning,11.09,6.5,34.01,1,100
S108657,U16277,2026-03-28,Organic Search,Pricing,Mobile,India,Returning,4.99,4.4,41.08,0,0
S107386,U14328,2026-03-29,Paid Search,Products,Mobile,India,Returning,8.0,5.1,51.9,0,0
S101192,U14034,2026-03-29,Referral,About Us,Tablet,India,New,1.73,1.7,65.58,0,0
S108129,U15866,2026-03-29,Direct,Product Details,Desktop,Australia,New,1.44,4.2,64.1,0,0
S102599,U15520,2026-03-29,Paid Search,Home,Desktop,USA,New,22.02,15.0,10.0,0,0
S109434,U15224,2026-03-29,Referral,Blog,Desktop,Canada,New,2.39,2.6,74.04,0,0
S100503,U11151,2026-03-29,Organic Search,Services,Desktop,India,New,2.3,1.0,69.41,0,0
S100971,U15176,2026-03-29,Paid Search,FAQ,Desktop,India,New,2.08,1.6,82.34,0,0
S108025,U13724,2026-03-29,Organic Search,Product Details,Desktop,India,New,3.69,4.3,66.56,1,100
S100557,U12490,2026-03-29,Organic Search,Products,Mobile,India,Returning,1.86,2.7,49.96,0,0
S103104,U11170,2026-03-29,Organic Search,Home,Desktop,Australia,New,4.15,4.0,52.56,0,0
S100682,U14847,2026-03-29,Paid Search,About Us,Mobile,USA,New,7.09,6.2,56.5,0,0
S106603,U10480,2026-03-29,Organic Search,FAQ,Desktop,Canada,New,10.47,7.5,31.53,0,0
S101310,U16457,2026-03-29,Organic Search,Home,Mobile,India,New,11.9,7.3,53.28,0,0
S105833,U14109,2026-03-29,Paid Search,Home,Mobile,USA,New,6.25,5.0,70.9,0,0
S109940,U14834,2026-03-29,Organic Search,Services,Desktop,USA,Returning,9.49,6.4,41.69,0,0
S102514,U12467,2026-03-29,Social Media,Checkout,Desktop,India,New,2.32,3.1,67.0,0,0
S104473,U15974,2026-03-29,Direct,About Us,Tablet,India,New,0.38,1.4,77.06,0,0
S102882,U11247,2026-03-29,Referral,Home,Tablet,Canada,Returning,4.96,3.4,55.6,0,0
S108358,U16438,2026-03-29,Organic Search,Product Details,Desktop,India,New,3.54,3.7,52.81,0,0
S103602,U11847,2026-03-29,Social Media,Home,Mobile,India,New,1.92,1.0,59.29,0,0
S104830,U14311,2026-03-29,Organic Search,Contact Us,Tablet,India,Returning,1.8,1.8,66.63,0,0
S100577,U11569,2026-03-29,Organic Search,Contact Us,Desktop,India,New,3.93,3.3,61.0,0,0
S103161,U12404,2026-03-29,Organic Search,Contact Us,Tablet,India,New,6.31,5.7,58.72,1,100
S109703,U12064,2026-03-29,Paid Search,Services,Mobile,USA,New,9.77,7.0,35.98,0,0
S103113,U11020,2026-03-29,Direct,Home,Desktop,India,New,2.03,1.0,81.6,0,0
S103677,U11518,2026-03-29,Direct,Product Details,Mobile,India,Returning,3.78,1.7,56.9,0,0
S103480,U14941,2026-03-29,Direct,Contact Us,Mobile,India,New,3.08,3.0,63.86,0,0
S101528,U15942,2026-03-29,Referral,Services,Desktop,UK,New,2.19,2.0,76.82,0,0
S100449,U10972,2026-03-29,Direct,Products,Mobile,India,Returning,0.6,1.0,76.02,0,0
S109212,U15189,2026-03-29,Direct,Services,Tablet,India,Returning,18.52,11.3,17.31,0,0
S101864,U15353,2026-03-29,Social Media,Home,Desktop,India,New,2.63,4.1,71.74,0,0
S109400,U11712,2026-03-29,Paid Search,Pricing,Mobile,India,New,8.07,6.0,47.18,0,0
S108794,U12591,2026-03-29,Social Media,Home,Mobile,India,New,5.71,4.7,47.69,1,100
S104737,U11498,2026-03-29,Organic Search,Products,Desktop,USA,New,4.38,3.5,61.33,0,0
S101527,U13068,2026-03-29,Organic Search,Services,Desktop,India,New,2.63,3.1,66.01,0,0
S105532,U10918,2026-03-29,Paid Search,Blog,Desktop,Canada,New,7.34,3.0,68.93,0,0
S100354,U14736,2026-03-29,Social Media,FAQ,Desktop,India,New,4.46,2.5,75.11,0,0
S101025,U11604,2026-03-29,Paid Search,Home,Mobile,India,Returning,10.69,7.6,40.76,0,0
S102480,U13098,2026-03-29,Direct,Checkout,Mobile,USA,New,6.74,4.1,55.2,0,0
S108287,U10197,2026-03-29,Organic Search,FAQ,Desktop,Australia,New,3.63,2.2,70.95,0,0
S109818,U13982,2026-03-29,Paid Search,Home,Desktop,India,Returning,9.84,6.2,53.29,0,0
S105528,U12905,2026-03-29,Direct,About Us,Desktop,India,New,2.24,1.7,79.29,0,0
S106997,U14087,2026-03-29,Direct,Home,Mobile,Australia,New,8.04,6.5,38.01,1,100
S109199,U10541,2026-03-29,Direct,FAQ,Mobile,Canada,Returning,6.52,4.1,55.68,0,0
S105161,U16262,2026-03-29,Organic Search,Services,Desktop,UK,Returning,6.29,4.9,32.17,1,100
S109252,U10887,2026-03-29,Direct,Checkout,Mobile,USA,Returning,3.33,5.3,56.75,0,0
S102346,U12633,2026-03-29,Paid Search,Services,Tablet,Australia,New,6.23,3.9,66.14,0,0
S103299,U15775,2026-03-29,Organic Search,Services,Desktop,India,New,1.36,1.0,94.18,0,0
S103229,U15433,2026-03-29,Referral,Pricing,Mobile,Canada,New,2.88,2.3,66.96,0,0
S109990,U13111,2026-03-29,Referral,FAQ,Mobile,India,New,6.4,3.8,59.83,0,0
S101716,U12109,2026-03-29,Social Media,About Us,Mobile,India,Returning,0.66,2.6,87.47,0,0
S108604,U14199,2026-03-29,Paid Search,Blog,Desktop,India,New,2.26,2.5,60.52,0,0
S104781,U13223,2026-03-29,Organic Search,Home,Desktop,India,New,9.1,6.2,49.66,0,0
S104953,U12963,2026-03-29,Social Media,Product Details,Mobile,India,New,7.42,5.5,36.27,1,100
S102792,U14799,2026-03-29,Organic Search,Blog,Mobile,India,New,5.55,3.0,53.31,0,0
S104058,U13656,2026-03-29,Organic Search,Checkout,Tablet,India,Returning,8.23,7.0,49.18,0,0
S108515,U12732,2026-03-30,Paid Search,Blog,Mobile,India,Returning,3.25,3.0,51.64,0,0
S100680,U10733,2026-03-30,Paid Search,Product Details,Desktop,Australia,New,5.86,3.6,63.05,1,100
S109495,U14447,2026-03-30,Paid Search,Home,Mobile,Australia,New,1.13,1.7,61.25,0,0
S102608,U16100,2026-03-30,Paid Search,Blog,Desktop,India,New,6.29,5.4,42.12,0,0
S102921,U10936,2026-03-30,Referral,Home,Desktop,India,Returning,3.94,4.7,47.31,0,0
S109048,U16150,2026-03-30,Paid Search,Product Details,Desktop,India,New,5.59,2.3,57.36,0,0
S104492,U12504,2026-03-30,Organic Search,Blog,Desktop,India,Returning,5.62,4.6,61.91,0,0
S101821,U15869,2026-03-30,Organic Search,Home,Desktop,USA,New,6.88,5.4,48.98,0,0
S106261,U15508,2026-03-30,Organic Search,Checkout,Desktop,India,Returning,6.65,5.2,59.28,0,0
S105425,U14200,2026-03-30,Paid Search,FAQ,Mobile,India,Returning,7.5,6.2,30.31,0,0
S109902,U10321,2026-03-30,Organic Search,Pricing,Mobile,UK,New,6.27,3.7,58.91,0,0
S106349,U10431,2026-03-30,Social Media,Services,Mobile,India,New,6.28,6.5,43.56,0,0
S107184,U10682,2026-03-30,Direct,Home,Desktop,India,New,2.89,1.7,67.1,0,0
S107979,U15254,2026-03-30,Direct,Services,Tablet,India,Returning,2.74,3.3,68.69,0,0
S101839,U16151,2026-03-30,Organic Search,Home,Mobile,India,New,5.02,4.7,60.22,1,100
S103477,U10393,2026-03-30,Organic Search,Home,Desktop,UK,New,3.54,4.2,44.77,0,0
S106221,U12846,2026-03-30,Social Media,Contact Us,Mobile,UK,Returning,6.56,3.8,61.35,0,0
S103834,U13276,2026-03-30,Paid Search,Services,Mobile,India,New,4.84,2.7,57.06,0,0
S101131,U12833,2026-03-30,Paid Search,FAQ,Desktop,UK,Returning,3.7,3.0,58.52,0,0
S101931,U12845,2026-03-30,Organic Search,Contact Us,Desktop,India,New,6.85,2.3,57.7,0,0
S109464,U14711,2026-03-30,Paid Search,Home,Mobile,India,Returning,8.18,4.2,54.65,0,0
S104396,U16421,2026-03-30,Paid Search,Pricing,Desktop,Canada,New,3.06,3.1,72.91,1,100
S101155,U12966,2026-03-30,Referral,Product Details,Desktop,India,New,3.06,3.4,77.06,1,100
S101943,U12897,2026-03-30,Paid Search,Pricing,Mobile,India,New,5.74,4.5,59.64,0,0
S109307,U10683,2026-03-30,Paid Search,Blog,Mobile,USA,New,3.25,1.7,67.86,0,0
S104169,U11949,2026-03-30,Paid Search,FAQ,Desktop,India,New,3.4,2.2,66.93,0,0
S101531,U12867,2026-03-30,Referral,Pricing,Desktop,Australia,New,10.86,6.9,26.07,0,0
S109102,U11323,2026-03-30,Social Media,Pricing,Mobile,India,Returning,0.72,1.3,70.39,0,0
S100434,U10538,2026-03-30,Organic Search,Contact Us,Mobile,India,Returning,7.07,4.3,48.96,0,0
S100223,U13697,2026-03-30,Paid Search,Blog,Desktop,India,Returning,12.31,7.4,45.25,0,0
S101042,U11762,2026-03-30,Direct,Product Details,Desktop,India,New,1.57,3.0,73.91,0,0
S100168,U15280,2026-03-30,Direct,Product Details,Mobile,India,Returning,7.13,4.1,69.11,0,0
S108392,U15234,2026-03-30,Referral,Home,Mobile,India,New,5.63,5.6,33.91,0,0
S101487,U12542,2026-03-30,Paid Search,FAQ,Mobile,India,New,2.71,1.7,74.21,0,0
S109664,U13051,2026-03-30,Direct,FAQ,Mobile,India,Returning,4.03,2.8,58.41,0,0
S103716,U10420,2026-03-30,Direct,Services,Desktop,USA,New,0.56,2.5,60.11,1,100
S108509,U14333,2026-03-30,Direct,Product Details,Mobile,India,Returning,7.16,5.2,51.18,0,0
S101342,U14758,2026-03-30,Referral,Pricing,Mobile,Australia,New,3.88,1.0,71.86,0,0
S100135,U13646,2026-03-30,Organic Search,Home,Desktop,Canada,New,4.83,3.4,73.57,0,0
S102985,U10515,2026-03-30,Referral,Blog,Mobile,India,New,1.85,1.7,55.34,0,0
S100868,U11575,2026-03-30,Organic Search,About Us,Mobile,Canada,Returning,5.85,4.0,51.95,0,0
S105988,U16306,2026-03-30,Organic Search,Contact Us,Mobile,Canada,New,2.79,3.1,80.08,0,0
S102675,U15657,2026-03-30,Organic Search,Products,Mobile,Canada,New,9.34,6.0,39.23,0,0
S103351,U11899,2026-03-30,Paid Search,Home,Mobile,USA,Returning,2.78,2.0,72.35,0,0
S107713,U11005,2026-03-30,Paid Search,Checkout,Desktop,Canada,Returning,8.07,6.2,51.9,1,100
S101697,U13761,2026-03-30,Referral,Blog,Desktop,India,New,3.01,4.1,64.0,0,0
S103773,U11820,2026-03-30,Social Media,Home,Desktop,India,Returning,4.45,4.1,72.41,0,0
S102006,U10584,2026-03-30,Organic Search,Products,Desktop,Australia,New,4.49,4.4,46.72,0,0
S102135,U16079,2026-03-30,Organic Search,Products,Mobile,India,New,8.35,4.7,50.32,0,0
S108500,U16381,2026-03-30,Organic Search,FAQ,Mobile,USA,New,4.31,2.7,65.03,0,0
S107411,U11308,2026-03-30,Organic Search,Product Details,Desktop,Australia,Returning,5.23,3.2,47.07,0,0
S106378,U15957,2026-03-30,Organic Search,Home,Desktop,India,New,9.73,6.6,36.17,1,100
S107390,U11756,2026-03-30,Referral,Home,Desktop,India,New,3.46,2.3,68.39,0,0
S101337,U15281,2026-03-30,Organic Search,Blog,Desktop,India,New,1.19,2.0,72.65,0,0
S100234,U13475,2026-03-30,Organic Search,Services,Mobile,India,Returning,5.8,5.6,58.58,1,100
S106277,U10973,2026-03-31,Paid Search,Services,Desktop,India,New,2.79,3.5,47.04,0,0
S109471,U15572,2026-03-31,Social Media,Services,Desktop,India,New,3.74,2.4,69.19,0,0
S102757,U10768,2026-03-31,Direct,Product Details,Desktop,India,New,1.89,2.8,59.34,0,0
S105079,U13516,2026-03-31,Organic Search,Blog,Desktop,USA,New,2.28,2.2,60.4,0,0
S100211,U15728,2026-03-31,Social Media,Product Details,Mobile,India,New,10.04,5.8,67.16,0,0
S101157,U15952,2026-03-31,Organic Search,Contact Us,Mobile,India,Returning,7.41,6.3,58.37,0,0
S106018,U10975,2026-03-31,Referral,Home,Desktop,Canada,Returning,8.11,6.3,49.47,0,0
S105798,U10276,2026-03-31,Social Media,Blog,Mobile,USA,Returning,6.2,3.8,53.43,0,0
S105799,U12548,2026-03-31,Paid Search,Checkout,Desktop,Australia,New,6.46,3.9,60.96,0,0
S101701,U10376,2026-03-31,Organic Search,Product Details,Mobile,USA,Returning,5.52,6.9,52.08,0,0
S102051,U15865,2026-03-31,Organic Search,FAQ,Desktop,India,Returning,1.61,2.3,69.67,0,0
S105398,U16104,2026-03-31,Direct,Pricing,Mobile,India,New,4.77,4.6,68.89,0,0
S101154,U13392,2026-03-31,Paid Search,About Us,Desktop,USA,New,3.43,4.8,53.91,0,0
S104075,U16466,2026-03-31,Paid Search,FAQ,Tablet,India,Returning,1.87,1.4,83.29,0,0
S107010,U13568,2026-03-31,Direct,Product Details,Mobile,India,New,3.58,4.3,44.38,0,0
S104268,U10387,2026-03-31,Organic Search,Blog,Mobile,India,Returning,4.26,3.2,63.85,0,0
S109186,U14026,2026-03-31,Organic Search,Product Details,Mobile,India,New,8.62,7.0,46.6,0,0
S109461,U15523,2026-03-31,Social Media,Home,Mobile,Australia,New,5.71,3.4,62.57,0,0
S108181,U13382,2026-03-31,Social Media,About Us,Tablet,India,New,1.47,1.8,70.71,0,0
S104573,U12180,2026-03-31,Paid Search,Product Details,Mobile,India,New,10.48,8.4,45.69,0,0
S102616,U14038,2026-03-31,Direct,Home,Desktop,India,New,1.94,2.8,73.13,0,0
S107577,U12107,2026-03-31,Paid Search,Blog,Desktop,Australia,New,2.88,2.7,70.12,0,0
S100237,U15173,2026-03-31,Organic Search,About Us,Mobile,UK,Returning,2.47,2.3,63.4,0,0
S100507,U11082,2026-03-31,Direct,Pricing,Desktop,India,New,4.15,3.9,60.02,1,100
S109529,U10556,2026-03-31,Paid Search,Contact Us,Mobile,Australia,Returning,1.83,2.2,73.65,1,100
S105775,U15888,2026-03-31,Social Media,Blog,Mobile,India,Returning,2.92,4.4,52.28,0,0
S103368,U15644,2026-03-31,Organic Search,Products,Mobile,India,New,0.58,1.4,86.76,0,0
S107927,U11358,2026-03-31,Organic Search,Product Details,Mobile,USA,Returning,7.25,4.5,63.05,0,0
S106225,U15317,2026-03-31,Social Media,Home,Mobile,USA,New,5.92,4.5,45.71,0,0
S100850,U13637,2026-03-31,Paid Search,Home,Mobile,Canada,Returning,4.36,3.7,51.67,0,0
S109900,U10758,2026-03-31,Referral,Blog,Desktop,India,New,5.26,4.1,58.39,0,0
S107232,U16488,2026-03-31,Paid Search,Home,Desktop,India,New,3.99,3.1,59.42,0,0
S102102,U14110,2026-03-31,Referral,Home,Desktop,Canada,Returning,5.88,1.8,71.95,0,0
S101183,U15143,2026-03-31,Organic Search,Contact Us,Desktop,India,New,15.87,9.6,32.54,0,0
S104412,U10493,2026-03-31,Organic Search,Home,Desktop,Canada,Returning,16.75,9.3,27.83,0,0
S106948,U12182,2026-03-31,Organic Search,Products,Desktop,India,Returning,5.99,4.7,62.22,1,100
S109715,U15403,2026-03-31,Direct,Product Details,Mobile,India,New,2.07,1.0,70.47,1,100
S107995,U10816,2026-03-31,Paid Search,Services,Mobile,India,New,4.62,5.3,56.87,0,0
S104897,U14841,2026-03-31,Direct,Products,Mobile,Australia,New,1.61,1.0,76.69,0,0
S103560,U12316,2026-03-31,Organic Search,FAQ,Desktop,UK,New,7.97,5.0,33.62,0,0
S101255,U13206,2026-03-31,Direct,Contact Us,Desktop,India,New,0.61,1.0,72.27,0,0
S101389,U13336,2026-03-31,Social Media,About Us,Tablet,USA,New,2.1,4.1,65.03,0,0
S109195,U15243,2026-03-31,Social Media,Checkout,Mobile,Canada,New,2.91,5.2,70.41,0,0
S105835,U11757,2026-03-31,Paid Search,Services,Desktop,Australia,New,3.89,4.0,55.79,0,0
S108085,U11330,2026-03-31,Organic Search,Products,Mobile,UK,New,2.69,1.8,65.64,0,0
S103062,U12321,2026-03-31,Organic Search,Blog,Mobile,USA,New,3.15,3.2,71.52,0,0
S101657,U10921,2026-03-31,Social Media,Product Details,Mobile,India,New,2.44,3.6,54.49,0,0
S107069,U12529,2026-03-31,Organic Search,Blog,Desktop,India,New,1.96,1.5,59.01,0,0
S109413,U11096,2026-03-31,Direct,FAQ,Desktop,Canada,New,5.04,3.5,48.81,0,0
S103452,U12502,2026-03-31,Referral,Home,Desktop,Australia,New,8.4,5.8,61.7,0,0
S100130,U15960,2026-03-31,Paid Search,About Us,Desktop,India,New,4.13,3.5,61.54,0,0
S102107,U11561,2026-03-31,Direct,About Us,Mobile,India,New,2.98,2.6,60.75,0,0
S104258,U13658,2026-04-01,Referral,Pricing,Desktop,India,New,0.75,1.0,75.91,0,0
S108834,U13827,2026-04-01,Organic Search,About Us,Desktop,India,Returning,1.15,1.4,53.11,0,0
S101448,U14842,2026-04-01,Organic Search,Product Details,Tablet,India,New,3.74,3.2,79.57,0,0
S106209,U13559,2026-04-01,Organic Search,Products,Mobile,India,New,3.46,2.1,60.57,0,0
S108606,U15266,2026-04-01,Organic Search,About Us,Mobile,India,Returning,4.49,2.7,62.53,0,0
S104478,U12469,2026-04-01,Paid Search,Home,Mobile,India,New,2.96,6.1,52.5,0,0
S104467,U15726,2026-04-01,Social Media,Checkout,Mobile,India,New,3.65,3.0,68.73,0,0
S108122,U15936,2026-04-01,Social Media,Blog,Desktop,India,New,7.06,6.1,44.89,0,0
S105936,U13177,2026-04-01,Paid Search,Product Details,Desktop,Australia,New,0.68,1.7,74.79,0,0
S106091,U10897,2026-04-01,Organic Search,Home,Desktop,UK,Returning,3.67,3.1,64.44,0,0
S108093,U15542,2026-04-01,Paid Search,Products,Desktop,USA,New,4.22,3.8,65.25,0,0
S105224,U12680,2026-04-01,Direct,Home,Mobile,India,New,5.67,3.1,55.62,0,0
S109958,U14764,2026-04-01,Direct,Services,Mobile,India,Returning,2.83,4.2,60.23,0,0
S104363,U16411,2026-04-01,Organic Search,Products,Desktop,India,New,12.0,6.6,43.03,0,0
S107261,U15522,2026-04-01,Direct,Contact Us,Desktop,Australia,New,1.66,2.4,66.99,0,0
S109389,U15739,2026-04-01,Social Media,Products,Desktop,India,New,3.93,3.3,45.48,0,0
S107988,U15366,2026-04-01,Direct,Products,Mobile,Canada,New,2.49,1.6,79.48,0,0
S100460,U13770,2026-04-01,Organic Search,FAQ,Desktop,Australia,New,5.63,4.2,73.68,0,0
S103461,U12239,2026-04-01,Paid Search,Pricing,Desktop,India,New,6.89,5.5,37.47,0,0
S107205,U13473,2026-04-01,Paid Search,FAQ,Tablet,India,Returning,5.81,3.4,51.48,0,0
S106321,U15579,2026-04-01,Paid Search,Blog,Desktop,India,New,18.11,10.6,10.0,0,0
S109491,U15027,2026-04-01,Social Media,Services,Mobile,India,Returning,8.92,4.8,46.97,0,0
S102924,U15785,2026-04-01,Organic Search,Product Details,Desktop,UK,New,4.01,2.9,65.54,0,0
S107588,U14898,2026-04-01,Direct,Product Details,Tablet,India,Returning,4.96,6.6,59.55,1,100
S106346,U15049,2026-04-01,Referral,FAQ,Mobile,Australia,Returning,4.3,4.8,72.84,0,0
S102445,U10106,2026-04-01,Paid Search,Home,Desktop,India,New,4.1,3.2,61.95,0,0
S106738,U12854,2026-04-01,Organic Search,FAQ,Mobile,India,New,5.33,4.9,59.91,0,0
S104650,U13614,2026-04-01,Paid Search,Blog,Desktop,Australia,New,7.54,4.4,59.57,0,0
S107043,U10420,2026-04-01,Paid Search,About Us,Mobile,UK,New,7.49,5.4,55.6,0,0
S104708,U10407,2026-04-01,Organic Search,Products,Tablet,Australia,Returning,7.49,5.4,50.54,0,0
S101942,U13779,2026-04-01,Referral,Product Details,Mobile,India,New,6.19,3.0,66.59,0,0
S101957,U13964,2026-04-01,Social Media,Pricing,Tablet,India,Returning,1.02,1.5,66.58,0,0
S107899,U10666,2026-04-01,Paid Search,Pricing,Desktop,Canada,Returning,3.41,3.8,60.97,0,0
S109582,U14134,2026-04-01,Organic Search,Home,Mobile,India,Returning,1.32,1.5,72.17,0,0
S107082,U12477,2026-04-01,Paid Search,Home,Desktop,Australia,New,1.77,1.9,69.69,0,0
S102058,U10090,2026-04-01,Organic Search,FAQ,Tablet,India,New,4.32,1.2,67.2,0,0
S100634,U15645,2026-04-01,Organic Search,FAQ,Mobile,India,New,15.27,9.4,34.49,0,0
S104866,U15923,2026-04-01,Referral,Home,Desktop,India,Returning,1.96,1.1,67.64,0,0
S101420,U11312,2026-04-01,Social Media,Services,Mobile,Canada,New,8.06,5.9,50.06,0,0
S109733,U12511,2026-04-01,Organic Search,About Us,Tablet,Canada,New,2.87,3.0,55.3,0,0
S103146,U12758,2026-04-01,Direct,About Us,Desktop,Canada,Returning,9.46,6.6,54.17,0,0
S102191,U14649,2026-04-01,Direct,Services,Desktop,Australia,New,3.52,1.1,64.79,0,0
S100155,U11485,2026-04-01,Paid Search,About Us,Desktop,India,Returning,4.75,3.1,66.33,0,0
S104383,U12053,2026-04-01,Organic Search,Services,Mobile,USA,New,5.84,4.3,60.34,0,0
S100184,U15451,2026-04-01,Direct,Home,Mobile,Australia,New,3.92,3.8,53.24,0,0
S103495,U13619,2026-04-01,Social Media,Product Details,Mobile,India,Returning,2.01,3.2,66.27,0,0
S100952,U15586,2026-04-01,Referral,Home,Tablet,UK,Returning,5.77,4.6,68.82,0,0
S104559,U16243,2026-04-01,Organic Search,FAQ,Desktop,India,Returning,5.66,4.6,59.9,0,0
S106297,U15847,2026-04-02,Organic Search,Checkout,Mobile,India,Returning,2.25,1.7,64.15,0,0
S104652,U14965,2026-04-02,Direct,Pricing,Mobile,India,Returning,0.62,1.9,82.36,0,0
S103093,U15237,2026-04-02,Paid Search,Blog,Desktop,Canada,New,3.76,3.4,57.69,0,0
S103217,U10672,2026-04-02,Referral,Checkout,Mobile,India,New,2.8,2.5,72.13,0,0
S102414,U12412,2026-04-02,Referral,FAQ,Tablet,India,New,15.45,8.9,32.12,0,0
S102993,U16252,2026-04-02,Referral,Pricing,Desktop,Australia,Returning,6.83,7.1,50.67,0,0
S108666,U16266,2026-04-02,Paid Search,Pricing,Mobile,India,Returning,5.35,5.2,50.01,0,0
S106844,U14523,2026-04-02,Organic Search,Blog,Desktop,India,New,6.61,5.8,62.74,0,0
S109840,U15269,2026-04-02,Paid Search,Home,Desktop,UK,Returning,11.44,8.2,32.16,0,0
S106131,U11777,2026-04-02,Organic Search,Blog,Mobile,USA,New,6.46,4.0,54.65,1,100
S105733,U12925,2026-04-02,Referral,Checkout,Desktop,India,Returning,6.15,4.1,50.53,0,0
S102996,U15231,2026-04-02,Direct,Home,Mobile,India,New,2.06,2.4,75.82,0,0
S102349,U10489,2026-04-02,Referral,Contact Us,Desktop,India,New,5.93,3.9,54.84,0,0
S101391,U14896,2026-04-02,Organic Search,Blog,Mobile,USA,Returning,12.11,10.2,29.67,1,100
S109716,U12452,2026-04-02,Organic Search,Checkout,Tablet,USA,New,4.89,5.2,60.14,0,0
S106693,U12757,2026-04-02,Direct,About Us,Mobile,India,Returning,6.4,5.0,50.09,1,100
S100402,U10191,2026-04-02,Referral,Blog,Mobile,India,Returning,11.02,7.9,56.78,0,0
S106690,U16275,2026-04-02,Social Media,Product Details,Tablet,India,New,8.75,6.8,36.97,0,0
S106687,U15232,2026-04-02,Paid Search,Contact Us,Desktop,India,Returning,4.41,4.6,48.15,0,0
S103021,U15133,2026-04-02,Organic Search,Blog,Desktop,India,New,11.29,6.1,39.81,0,0
S102313,U15239,2026-04-02,Paid Search,Contact Us,Mobile,India,New,4.33,5.3,61.28,0,0
S103024,U12980,2026-04-02,Organic Search,Contact Us,Desktop,India,New,3.77,3.9,59.81,0,0
S108300,U10545,2026-04-02,Direct,Contact Us,Desktop,USA,New,6.91,3.2,73.33,0,0
S105311,U13440,2026-04-02,Paid Search,Product Details,Tablet,USA,Returning,6.18,3.4,65.03,0,0
S100410,U10128,2026-04-02,Paid Search,About Us,Mobile,USA,Returning,5.66,3.0,56.73,0,0
S103538,U15774,2026-04-02,Paid Search,Product Details,Desktop,USA,New,7.71,6.9,40.22,0,0
S102881,U13292,2026-04-02,Paid Search,Checkout,Mobile,Canada,New,4.14,4.6,55.23,0,0
S106214,U10876,2026-04-02,Social Media,Blog,Tablet,Australia,New,3.13,3.9,79.61,0,0
S106241,U10288,2026-04-02,Paid Search,Blog,Desktop,India,Returning,0.96,3.4,69.81,0,0
S101012,U12076,2026-04-02,Organic Search,Blog,Desktop,UK,New,1.0,1.8,78.46,0,0
S105153,U14770,2026-04-02,Organic Search,Pricing,Desktop,USA,Returning,4.98,3.9,58.71,0,0
S105270,U16477,2026-04-02,Organic Search,FAQ,Mobile,Australia,New,6.14,2.9,77.01,0,0
S107863,U12121,2026-04-02,Organic Search,Blog,Mobile,India,Returning,7.53,5.6,46.5,0,0
S105871,U15113,2026-04-02,Referral,Contact Us,Desktop,India,New,10.62,8.2,31.5,0,0
S100243,U16391,2026-04-02,Social Media,Blog,Mobile,UK,Returning,11.27,7.3,37.08,0,0
S103455,U14220,2026-04-02,Paid Search,Products,Tablet,USA,New,10.12,7.0,43.79,0,0
S102539,U12602,2026-04-02,Social Media,Blog,Mobile,India,New,4.84,1.8,85.53,0,0
S101878,U13903,2026-04-02,Paid Search,Contact Us,Desktop,India,New,5.21,4.8,52.87,0,0
S108730,U13396,2026-04-02,Paid Search,Contact Us,Desktop,Canada,Returning,7.85,6.0,58.38,0,0
S101302,U14663,2026-04-02,Organic Search,Products,Mobile,India,New,9.19,4.1,65.45,0,0
S102206,U12939,2026-04-02,Organic Search,Pricing,Tablet,India,Returning,8.51,5.7,59.32,0,0
S101309,U13508,2026-04-02,Direct,Product Details,Mobile,India,New,1.93,1.1,62.26,0,0
S109380,U12154,2026-04-02,Organic Search,FAQ,Desktop,Canada,New,7.67,5.6,50.11,0,0
S102207,U13929,2026-04-02,Organic Search,Products,Desktop,India,New,3.33,2.4,52.24,0,0
S100545,U16485,2026-04-02,Organic Search,Product Details,Mobile,India,Returning,4.4,4.0,51.24,0,0
S101240,U12892,2026-04-02,Social Media,Products,Mobile,India,New,7.19,4.1,44.54,1,100
S106752,U11467,2026-04-02,Paid Search,Products,Mobile,Canada,Returning,24.08,14.6,10.0,0,0
S105034,U10742,2026-04-02,Organic Search,FAQ,Tablet,India,New,9.79,6.9,41.3,0,0
S100062,U11364,2026-04-02,Paid Search,About Us,Mobile,India,New,3.32,2.8,66.38,0,0
S101177,U11864,2026-04-03,Paid Search,Checkout,Desktop,India,New,1.24,1.3,74.95,1,100
S103240,U15977,2026-04-03,Paid Search,Home,Desktop,Australia,New,5.15,3.6,62.81,0,0
S100341,U14068,2026-04-03,Organic Search,Products,Mobile,Australia,New,7.15,5.6,46.78,0,0
S103134,U15625,2026-04-03,Referral,Product Details,Desktop,India,Returning,6.39,4.0,54.45,0,0
S108833,U15925,2026-04-03,Social Media,Services,Desktop,UK,New,2.61,3.4,80.39,0,0
S104130,U15561,2026-04-03,Paid Search,Product Details,Mobile,India,Returning,1.27,2.1,80.49,0,0
S108950,U10123,2026-04-03,Organic Search,Products,Mobile,India,Returning,3.3,2.2,65.26,0,0
S102727,U15583,2026-04-03,Organic Search,Contact Us,Mobile,India,New,0.92,1.5,59.09,0,0
S108558,U10204,2026-04-03,Referral,Contact Us,Desktop,India,Returning,14.12,8.3,33.43,0,0
S107893,U14273,2026-04-03,Organic Search,Checkout,Desktop,Canada,New,6.0,4.8,57.83,0,0
S105538,U14502,2026-04-03,Organic Search,Services,Mobile,Canada,Returning,1.29,1.9,77.13,0,0
S106588,U11709,2026-04-03,Organic Search,Home,Desktop,India,New,5.81,5.0,56.1,0,0
S102708,U12495,2026-04-03,Organic Search,Product Details,Mobile,India,New,1.2,2.2,69.69,0,0
S104050,U13337,2026-04-03,Paid Search,Products,Mobile,India,New,2.69,2.4,62.28,0,0
S108782,U13960,2026-04-03,Paid Search,About Us,Mobile,India,New,3.75,3.6,68.09,0,0
S102345,U14784,2026-04-03,Direct,Product Details,Mobile,India,Returning,15.12,8.6,39.05,0,0
S100208,U11999,2026-04-03,Organic Search,Checkout,Desktop,India,Returning,5.25,3.4,53.74,0,0
S102032,U15208,2026-04-03,Paid Search,Checkout,Desktop,India,New,10.71,8.6,36.52,1,100
S100419,U14722,2026-04-03,Paid Search,Blog,Mobile,India,Returning,1.54,4.3,68.29,0,0
S101400,U11824,2026-04-03,Organic Search,FAQ,Desktop,UK,Returning,8.33,4.2,62.61,0,0
S100719,U14187,2026-04-03,Organic Search,Checkout,Desktop,India,New,3.56,2.7,58.71,0,0
S105248,U12105,2026-04-03,Direct,Contact Us,Mobile,Canada,New,4.52,2.2,68.94,0,0
S102421,U11839,2026-04-03,Paid Search,Home,Tablet,India,Returning,0.3,1.6,80.41,0,0
S104869,U15756,2026-04-03,Organic Search,Product Details,Mobile,USA,New,4.01,3.5,58.02,0,0
S107679,U11302,2026-04-03,Paid Search,Pricing,Mobile,India,New,6.52,5.3,48.83,1,100
S103816,U10914,2026-04-03,Direct,FAQ,Mobile,Australia,New,1.36,1.0,79.82,0,0
S104693,U15953,2026-04-03,Organic Search,Products,Mobile,UK,New,2.71,3.9,73.56,0,0
S102578,U12402,2026-04-03,Organic Search,Blog,Mobile,India,New,2.08,3.3,62.32,0,0
S100122,U14475,2026-04-03,Organic Search,Home,Mobile,UK,New,1.05,1.0,75.49,0,0
S102452,U13417,2026-04-03,Organic Search,Blog,Mobile,India,New,7.76,4.5,40.07,0,0
S101331,U14121,2026-04-03,Paid Search,Products,Tablet,India,Returning,1.99,2.3,84.29,0,0
S102659,U13230,2026-04-03,Referral,Product Details,Mobile,Canada,New,5.06,3.8,65.7,0,0
S108473,U14993,2026-04-03,Referral,About Us,Desktop,India,New,3.96,5.2,54.41,0,0
S104304,U14761,2026-04-03,Direct,Products,Mobile,India,New,8.13,7.0,47.06,1,100
S108209,U14764,2026-04-03,Referral,Services,Desktop,USA,New,5.4,3.9,67.46,1,100
S106292,U10125,2026-04-03,Organic Search,About Us,Desktop,India,New,8.25,4.3,49.37,0,0
S103594,U10406,2026-04-03,Direct,Product Details,Mobile,USA,New,0.7,1.5,74.74,0,0
S109724,U16086,2026-04-03,Paid Search,Pricing,Desktop,USA,Returning,5.08,5.7,51.13,0,0
S103848,U14459,2026-04-03,Organic Search,Contact Us,Desktop,UK,New,2.77,2.7,84.29,0,0
S106769,U10600,2026-04-03,Direct,Product Details,Desktop,USA,New,2.35,3.0,75.08,0,0
S108516,U16253,2026-04-03,Organic Search,Pricing,Mobile,India,New,3.35,2.3,70.35,0,0
S107773,U13115,2026-04-03,Organic Search,Services,Desktop,India,Returning,2.47,2.9,61.6,0,0
S102854,U11669,2026-04-03,Social Media,Home,Mobile,India,New,2.21,2.5,70.62,0,0
S107556,U11737,2026-04-03,Referral,Product Details,Desktop,UK,New,7.17,4.4,49.22,0,0
S107044,U12937,2026-04-03,Referral,Product Details,Desktop,India,New,8.81,5.8,54.26,0,0
S101070,U12596,2026-04-03,Direct,Services,Mobile,UK,Returning,5.11,3.5,65.75,1,100
S102796,U14279,2026-04-03,Paid Search,FAQ,Mobile,Canada,New,4.35,4.9,67.36,0,0
S108106,U15683,2026-04-03,Referral,Product Details,Desktop,Canada,Returning,7.4,6.1,49.12,0,0
S106662,U11271,2026-04-03,Organic Search,Products,Desktop,India,New,0.56,1.9,74.81,0,0
S100019,U12392,2026-04-03,Direct,Services,Mobile,India,New,1.42,1.7,70.03,0,0
S102363,U11368,2026-04-03,Referral,About Us,Desktop,Canada,New,6.91,4.1,67.21,0,0
S103251,U12337,2026-04-03,Direct,Services,Mobile,USA,New,12.69,9.1,25.68,0,0
S109762,U16371,2026-04-03,Organic Search,Home,Desktop,UK,New,7.41,4.0,50.22,0,0
S100142,U11571,2026-04-03,Organic Search,Product Details,Desktop,India,Returning,6.0,5.1,46.76,0,0
S105084,U15785,2026-04-03,Social Media,Product Details,Desktop,Australia,New,12.68,6.9,42.58,0,0
S100618,U15989,2026-04-04,Paid Search,Checkout,Desktop,India,New,4.58,4.3,65.06,0,0
S105578,U12388,2026-04-04,Referral,Products,Desktop,India,New,3.22,2.9,79.73,0,0
S105974,U10916,2026-04-04,Organic Search,Blog,Mobile,Canada,New,5.26,5.2,60.01,0,0
S109222,U11053,2026-04-04,Organic Search,Blog,Mobile,Canada,New,3.74,3.4,56.01,0,0
S105368,U10371,2026-04-04,Paid Search,Pricing,Desktop,India,New,5.21,2.5,62.97,0,0
S107744,U10027,2026-04-04,Organic Search,Blog,Mobile,India,Returning,5.18,5.6,63.35,1,100
S101525,U15696,2026-04-04,Referral,Pricing,Desktop,Canada,New,3.08,3.6,66.03,0,0
S107753,U16010,2026-04-04,Social Media,Home,Mobile,India,New,2.2,1.8,56.38,0,0
S100342,U10161,2026-04-04,Organic Search,Checkout,Tablet,India,New,3.22,3.3,52.85,0,0
S105325,U11289,2026-04-04,Paid Search,Home,Desktop,India,New,4.86,3.9,64.45,0,0
S103954,U12668,2026-04-04,Referral,Home,Desktop,India,Returning,5.66,2.8,64.69,0,0
S107937,U13837,2026-04-04,Paid Search,Services,Mobile,India,New,3.01,4.3,47.65,0,0
S101534,U15491,2026-04-04,Organic Search,Blog,Mobile,UK,New,3.08,3.8,63.84,0,0
S105827,U13074,2026-04-04,Social Media,Product Details,Tablet,India,New,6.25,3.3,56.84,0,0
S108651,U16361,2026-04-04,Organic Search,Pricing,Mobile,Canada,New,2.82,2.4,60.92,0,0
S105721,U10227,2026-04-04,Paid Search,Home,Mobile,India,Returning,8.98,7.5,44.02,0,0
S105825,U13344,2026-04-04,Paid Search,Blog,Desktop,India,Returning,1.75,2.2,62.29,0,0
S107890,U10787,2026-04-04,Direct,Checkout,Mobile,UK,New,12.42,9.2,20.09,0,0
S103912,U16417,2026-04-04,Organic Search,Product Details,Mobile,Australia,New,2.46,1.5,71.91,0,0
S107718,U14704,2026-04-04,Paid Search,Checkout,Desktop,Canada,Returning,7.29,6.2,47.02,0,0
S105942,U15306,2026-04-04,Organic Search,FAQ,Mobile,India,New,1.48,1.0,83.87,0,0
S100474,U16408,2026-04-04,Direct,Products,Desktop,India,Returning,3.58,3.8,49.62,0,0
S108946,U12284,2026-04-04,Direct,Services,Mobile,India,New,10.78,6.9,55.66,0,0
S102932,U12462,2026-04-04,Paid Search,Contact Us,Desktop,India,Returning,6.03,5.0,64.83,0,0
S108966,U13750,2026-04-04,Social Media,Contact Us,Mobile,India,Returning,8.47,5.3,49.89,0,0
S104696,U12611,2026-04-04,Paid Search,Checkout,Mobile,India,New,0.85,2.6,59.47,0,0
S108924,U14002,2026-04-04,Paid Search,FAQ,Mobile,USA,New,2.78,3.4,59.66,0,0
S100806,U12780,2026-04-04,Organic Search,Checkout,Mobile,Australia,Returning,10.27,6.1,53.59,0,0
S103685,U13692,2026-04-04,Organic Search,Product Details,Desktop,India,New,6.54,4.7,55.9,1,100
S101120,U16039,2026-04-04,Organic Search,Checkout,Desktop,USA,New,8.18,6.6,38.56,1,100
S104707,U11007,2026-04-04,Organic Search,Pricing,Desktop,India,New,12.32,7.3,37.62,0,0
S106031,U14757,2026-04-04,Organic Search,FAQ,Mobile,India,Returning,3.29,3.3,57.2,0,0
S106433,U16035,2026-04-04,Paid Search,Checkout,Desktop,India,New,2.07,2.2,55.7,0,0
S101967,U15391,2026-04-04,Organic Search,Product Details,Tablet,Canada,New,2.23,1.7,69.41,0,0
S101014,U11063,2026-04-04,Paid Search,Product Details,Desktop,India,New,4.36,3.3,60.63,0,0
S109987,U10793,2026-04-04,Organic Search,Checkout,Desktop,India,New,5.66,4.9,43.82,1,100
S104485,U12219,2026-04-04,Referral,Pricing,Mobile,India,New,8.31,6.1,53.12,0,0
S109710,U13762,2026-04-04,Organic Search,Products,Desktop,USA,New,1.44,1.7,76.08,0,0
S109550,U10393,2026-04-04,Paid Search,FAQ,Desktop,India,New,11.39,7.2,44.33,0,0
S100810,U13325,2026-04-04,Organic Search,Services,Mobile,India,New,2.64,3.2,75.29,0,0
S104504,U11462,2026-04-04,Social Media,Blog,Desktop,UK,Returning,5.31,5.1,65.43,0,0
S100565,U10336,2026-04-04,Organic Search,Home,Desktop,USA,New,9.07,4.2,59.41,0,0
S109045,U11718,2026-04-04,Referral,Product Details,Desktop,India,New,7.52,3.9,53.12,0,0
S102233,U11281,2026-04-04,Paid Search,Product Details,Desktop,India,New,1.85,1.7,77.25,0,0
S101840,U16277,2026-04-04,Organic Search,Services,Desktop,Australia,Returning,4.92,3.7,60.57,0,0
S101147,U10376,2026-04-04,Organic Search,About Us,Mobile,UK,New,0.4,1.0,79.7,0,0
S104798,U14560,2026-04-04,Social Media,Checkout,Desktop,India,Returning,1.81,3.7,69.57,0,0
S100949,U14157,2026-04-04,Referral,About Us,Desktop,UK,Returning,6.57,5.1,38.37,0,0
S100932,U10761,2026-04-04,Social Media,Pricing,Desktop,India,Returning,0.89,1.8,75.59,0,0
S105263,U13407,2026-04-04,Organic Search,Products,Desktop,India,Returning,3.02,2.5,61.14,0,0
S108893,U13041,2026-04-04,Organic Search,Services,Desktop,India,New,12.22,8.6,50.36,0,0
S108849,U12398,2026-04-04,Paid Search,Blog,Desktop,India,New,3.46,3.4,61.35,0,0
S101274,U12936,2026-04-05,Referral,Product Details,Mobile,India,New,7.59,5.5,48.6,1,100
S106198,U12285,2026-04-05,Direct,Product Details,Mobile,India,Returning,4.55,1.8,68.96,0,0
S105600,U10465,2026-04-05,Referral,Pricing,Tablet,India,New,12.36,6.5,37.33,0,0
S108186,U10546,2026-04-05,Organic Search,About Us,Desktop,India,New,2.43,1.7,49.2,0,0
S107580,U12332,2026-04-05,Social Media,Home,Desktop,India,New,9.31,6.1,48.22,0,0
S108131,U10025,2026-04-05,Organic Search,Products,Mobile,India,Returning,2.89,2.7,59.05,1,100
S103168,U12840,2026-04-05,Paid Search,Home,Tablet,India,New,5.97,3.5,50.2,1,100
S104186,U14527,2026-04-05,Referral,Product Details,Mobile,UK,New,8.28,5.5,52.23,0,0
S109351,U14921,2026-04-05,Organic Search,Pricing,Mobile,India,Returning,2.73,1.6,61.94,0,0
S108214,U15093,2026-04-05,Organic Search,Product Details,Desktop,India,New,4.29,4.4,39.47,0,0
S105773,U12954,2026-04-05,Organic Search,Product Details,Mobile,UK,New,5.08,3.0,48.54,0,0
S104465,U12020,2026-04-05,Organic Search,Contact Us,Desktop,India,New,3.93,3.1,68.85,0,0
S105916,U12043,2026-04-05,Referral,Services,Mobile,Australia,New,6.58,4.3,61.17,0,0
S108986,U14884,2026-04-05,Direct,Products,Tablet,USA,New,2.77,2.2,79.34,0,0
S108139,U10343,2026-04-05,Organic Search,Blog,Desktop,Australia,New,9.01,7.7,55.91,0,0
S108852,U13536,2026-04-05,Organic Search,Services,Tablet,India,New,2.34,1.5,77.27,0,0
S102413,U12546,2026-04-05,Organic Search,Blog,Mobile,India,Returning,9.17,4.0,42.78,0,0
S100592,U13374,2026-04-05,Referral,Contact Us,Desktop,India,Returning,7.7,6.7,40.68,1,100
S102105,U13596,2026-04-05,Referral,Home,Desktop,Canada,Returning,7.02,4.4,70.14,0,0
S106728,U12800,2026-04-05,Referral,Home,Mobile,India,Returning,2.56,1.4,66.66,0,0
S105399,U11364,2026-04-05,Paid Search,Product Details,Mobile,UK,New,7.69,3.9,55.41,1,100
S107415,U15309,2026-04-05,Referral,Contact Us,Mobile,India,Returning,11.14,7.4,23.79,0,0
S102859,U11951,2026-04-05,Organic Search,Blog,Desktop,India,New,6.0,4.9,57.19,0,0
S106444,U10916,2026-04-05,Paid Search,Blog,Desktop,USA,New,1.29,2.3,79.63,0,0
S102588,U13375,2026-04-05,Paid Search,Products,Tablet,India,Returning,1.99,4.9,67.85,0,0
S109645,U13402,2026-04-05,Organic Search,Services,Mobile,USA,Returning,1.57,3.5,54.93,0,0
S107001,U16020,2026-04-05,Paid Search,Services,Desktop,India,Returning,2.43,1.0,71.13,0,0
S101917,U12995,2026-04-05,Direct,FAQ,Mobile,India,New,4.92,3.7,60.45,0,0
S107551,U13732,2026-04-05,Organic Search,Products,Desktop,India,Returning,5.24,4.0,44.64,0,0
S102457,U15159,2026-04-05,Referral,FAQ,Desktop,India,Returning,4.55,4.2,61.43,0,0
S107642,U14006,2026-04-05,Organic Search,Products,Desktop,India,New,8.71,5.0,26.48,0,0
S105457,U10950,2026-04-05,Social Media,Pricing,Desktop,India,New,8.6,5.2,51.41,0,0
S103811,U13265,2026-04-05,Organic Search,Contact Us,Mobile,India,New,5.97,6.7,59.67,1,100
S107311,U15086,2026-04-05,Direct,Contact Us,Mobile,India,New,6.93,5.1,59.92,0,0
S104103,U11305,2026-04-05,Organic Search,FAQ,Mobile,India,New,9.27,5.4,58.82,0,0
S102066,U15425,2026-04-05,Social Media,Home,Desktop,India,New,3.58,3.2,65.86,0,0
S107441,U16381,2026-04-05,Referral,Blog,Desktop,India,New,2.69,1.0,54.5,0,0
S107237,U16116,2026-04-05,Direct,Contact Us,Mobile,UK,Returning,6.22,5.5,59.09,0,0
S104033,U10025,2026-04-05,Social Media,Products,Mobile,Canada,Returning,5.75,4.5,53.41,0,0
S109097,U15899,2026-04-05,Referral,About Us,Mobile,Australia,New,3.9,3.7,69.32,0,0
S102527,U13730,2026-04-05,Referral,Product Details,Mobile,India,New,3.4,3.9,64.46,0,0
S103710,U15778,2026-04-05,Referral,Home,Desktop,India,New,9.85,5.8,44.74,0,0
S102704,U13604,2026-04-05,Social Media,Home,Mobile,USA,Returning,5.13,5.0,49.49,0,0
S107716,U15136,2026-04-05,Organic Search,Pricing,Desktop,USA,Returning,3.62,3.8,59.05,0,0
S103730,U15055,2026-04-05,Organic Search,Home,Desktop,UK,Returning,9.17,7.3,42.8,0,0
S101204,U15568,2026-04-05,Organic Search,FAQ,Desktop,India,New,1.79,3.2,50.98,0,0
S109227,U16301,2026-04-05,Social Media,Pricing,Desktop,India,New,3.68,1.7,63.57,0,0
S101645,U12668,2026-04-05,Organic Search,Checkout,Desktop,India,New,9.34,5.5,45.42,0,0
S102367,U12773,2026-04-05,Referral,Home,Desktop,India,New,5.97,4.5,54.93,0,0
S102697,U16076,2026-04-05,Organic Search,Contact Us,Mobile,India,Returning,1.58,2.3,72.94,0,0
S108571,U10780,2026-04-05,Paid Search,FAQ,Desktop,India,New,10.72,6.5,36.54,0,0
S103774,U12325,2026-04-05,Paid Search,Checkout,Desktop,India,New,0.77,2.6,68.6,0,0
S106136,U11084,2026-04-05,Organic Search,Products,Desktop,India,New,7.72,4.9,51.12,1,100
S104884,U14499,2026-04-05,Organic Search,Product Details,Mobile,USA,New,8.87,5.6,55.19,0,0
S101995,U13966,2026-04-05,Organic Search,Checkout,Mobile,India,New,3.02,3.5,63.77,0,0
S103766,U11237,2026-04-05,Referral,FAQ,Desktop,USA,Returning,4.52,1.9,66.63,0,0
S106842,U10913,2026-04-05,Paid Search,Product Details,Desktop,UK,New,1.07,3.0,53.49,0,0
S102075,U12271,2026-04-05,Referral,Home,Desktop,Australia,New,8.29,6.7,37.93,0,0
S106917,U11783,2026-04-06,Direct,About Us,Tablet,India,New,4.5,3.5,69.33,0,0
S103069,U14432,2026-04-06,Organic Search,Contact Us,Desktop,India,New,5.37,4.5,49.34,0,0
S106777,U12164,2026-04-06,Direct,Home,Desktop,Australia,New,3.4,1.9,69.93,0,0
S101134,U12959,2026-04-06,Referral,Products,Mobile,India,New,1.56,1.9,69.81,0,0
S100222,U11637,2026-04-06,Organic Search,Blog,Mobile,India,New,3.73,2.2,57.4,0,0
S104348,U12656,2026-04-06,Social Media,FAQ,Mobile,USA,New,7.74,5.2,44.76,0,0
S108618,U15282,2026-04-06,Direct,Checkout,Desktop,India,New,3.81,3.8,73.37,0,0
S102358,U11001,2026-04-06,Referral,Services,Tablet,Canada,New,8.27,7.1,40.45,0,0
S109962,U13807,2026-04-06,Social Media,Product Details,Mobile,Canada,Returning,0.95,1.1,79.65,0,0
S100235,U15758,2026-04-06,Organic Search,Checkout,Desktop,UK,New,2.88,4.1,76.53,0,0
S106714,U15163,2026-04-06,Direct,Blog,Desktop,India,New,6.62,5.2,56.49,0,0
S103968,U12809,2026-04-06,Referral,About Us,Desktop,India,Returning,3.08,2.3,80.23,0,0
S104240,U10940,2026-04-06,Organic Search,Pricing,Tablet,India,New,2.57,1.4,72.34,0,0
S106559,U14417,2026-04-06,Paid Search,Home,Mobile,USA,Returning,8.16,5.3,53.07,0,0
S108319,U12052,2026-04-06,Paid Search,Product Details,Desktop,Canada,New,2.12,3.7,55.19,0,0
S103350,U15746,2026-04-06,Organic Search,Home,Desktop,India,Returning,5.19,3.9,60.49,0,0
S101281,U13450,2026-04-06,Paid Search,Blog,Mobile,India,New,2.08,2.9,57.76,0,0
S100890,U14674,2026-04-06,Organic Search,Products,Desktop,India,Returning,4.64,6.1,64.92,0,0
S108229,U13402,2026-04-06,Direct,Home,Desktop,India,New,3.13,4.0,54.54,1,100
S106008,U15589,2026-04-06,Direct,FAQ,Mobile,India,New,2.69,4.8,73.83,0,0
S105969,U11274,2026-04-06,Direct,Product Details,Mobile,India,New,3.13,1.5,69.87,0,0
S106391,U16125,2026-04-06,Organic Search,FAQ,Mobile,Canada,New,9.53,7.7,47.15,0,0
S105083,U13607,2026-04-06,Paid Search,Contact Us,Mobile,India,New,1.34,1.3,71.7,0,0
S104387,U11697,2026-04-06,Paid Search,Products,Mobile,Australia,New,4.91,3.4,72.3,0,0
S108235,U15482,2026-04-06,Organic Search,Services,Mobile,India,New,13.82,8.2,26.08,1,100
S101771,U11381,2026-04-06,Paid Search,Home,Desktop,UK,New,2.12,2.1,66.91,0,0
S106538,U14564,2026-04-06,Direct,Services,Mobile,UK,New,2.87,2.9,73.63,0,0
S108119,U10756,2026-04-06,Organic Search,Services,Desktop,USA,Returning,4.7,3.7,64.09,0,0
S105338,U10804,2026-04-06,Organic Search,Product Details,Desktop,India,New,4.75,1.9,64.55,0,0
S108595,U13393,2026-04-06,Paid Search,Product Details,Mobile,India,Returning,4.52,4.8,55.84,0,0
S106497,U14043,2026-04-06,Organic Search,Blog,Mobile,UK,New,1.66,1.2,77.6,0,0
S106829,U10391,2026-04-06,Referral,Services,Tablet,Canada,New,6.13,5.9,73.86,0,0
S109080,U12893,2026-04-06,Referral,Pricing,Mobile,India,New,2.04,3.3,74.09,0,0
S104003,U13421,2026-04-06,Organic Search,FAQ,Mobile,India,New,3.13,2.9,65.16,0,0
S106132,U12463,2026-04-06,Organic Search,Blog,Desktop,India,New,3.85,3.8,58.23,0,0
S104012,U10277,2026-04-06,Referral,Home,Desktop,UK,New,11.62,8.8,38.49,0,0
S109067,U16017,2026-04-06,Organic Search,Blog,Mobile,UK,New,8.99,7.3,47.3,0,0
S107148,U16380,2026-04-06,Referral,Product Details,Desktop,India,New,3.87,1.6,72.39,0,0
S102797,U14725,2026-04-06,Paid Search,About Us,Mobile,India,New,7.0,6.0,56.69,0,0
S106987,U10029,2026-04-06,Referral,About Us,Desktop,India,New,4.66,4.0,40.85,0,0
S107545,U16055,2026-04-06,Direct,Services,Desktop,India,New,9.61,5.8,47.08,0,0
S106950,U13097,2026-04-06,Organic Search,FAQ,Desktop,Canada,Returning,9.72,7.1,35.97,0,0
S100065,U11479,2026-04-06,Social Media,Product Details,Desktop,India,New,10.02,7.5,51.66,0,0
S104436,U15721,2026-04-06,Paid Search,Contact Us,Mobile,India,New,2.08,2.4,61.9,0,0
S104335,U12658,2026-04-06,Organic Search,Product Details,Tablet,USA,Returning,7.55,6.0,36.81,0,0
S103867,U16140,2026-04-06,Organic Search,Home,Mobile,USA,New,5.32,5.3,51.2,0,0
S100985,U12767,2026-04-06,Referral,Services,Desktop,UK,Returning,6.14,4.6,45.48,0,0
S109542,U15836,2026-04-06,Organic Search,About Us,Mobile,India,New,15.0,8.3,39.0,0,0
S109001,U10549,2026-04-06,Direct,Pricing,Desktop,Australia,New,3.0,4.0,46.4,0,0
S108824,U15172,2026-04-06,Paid Search,Services,Mobile,India,New,2.67,2.9,57.62,0,0
S103581,U12528,2026-04-06,Organic Search,Blog,Desktop,USA,New,4.87,3.3,56.09,0,0
S106653,U11535,2026-04-07,Direct,Blog,Desktop,India,New,5.66,4.9,64.78,0,0
S108258,U11009,2026-04-07,Paid Search,Product Details,Mobile,USA,New,4.55,3.0,53.83,0,0
S105511,U16041,2026-04-07,Paid Search,Pricing,Desktop,USA,New,3.29,2.4,62.18,1,100
S109308,U13455,2026-04-07,Referral,Products,Desktop,India,New,6.62,5.7,45.37,1,100
S107819,U12122,2026-04-07,Organic Search,Product Details,Desktop,USA,New,1.76,1.0,74.46,0,0
S104113,U13954,2026-04-07,Organic Search,Products,Mobile,India,Returning,19.25,10.6,36.52,0,0
S108706,U15172,2026-04-07,Paid Search,Pricing,Mobile,India,New,2.88,2.9,66.39,1,100
S100021,U12434,2026-04-07,Referral,Services,Mobile,India,New,1.52,1.3,69.64,0,0
S105473,U11259,2026-04-07,Social Media,Blog,Mobile,India,New,5.52,5.0,63.06,0,0
S101884,U15085,2026-04-07,Organic Search,FAQ,Mobile,Australia,Returning,2.78,3.5,81.96,0,0
S104694,U15311,2026-04-07,Referral,Pricing,Tablet,India,Returning,3.3,1.7,69.61,0,0
S107881,U11178,2026-04-07,Paid Search,Checkout,Desktop,India,Returning,0.9,1.0,79.85,0,0
S106389,U10970,2026-04-07,Referral,Product Details,Tablet,India,Returning,1.06,2.1,68.26,0,0
S103114,U15238,2026-04-07,Paid Search,Contact Us,Mobile,India,New,4.52,6.1,49.13,0,0
S108686,U14422,2026-04-07,Organic Search,Products,Desktop,India,New,7.66,4.9,63.49,0,0
S103225,U12540,2026-04-07,Organic Search,Services,Mobile,India,New,2.63,2.4,71.94,0,0
S109297,U14226,2026-04-07,Social Media,Blog,Tablet,UK,New,5.54,4.2,57.94,0,0
S109229,U13933,2026-04-07,Social Media,Home,Desktop,Australia,New,5.9,2.5,49.22,0,0
S102586,U11869,2026-04-07,Organic Search,Product Details,Desktop,Australia,New,9.67,6.3,46.74,0,0
S103998,U12335,2026-04-07,Organic Search,Pricing,Mobile,UK,Returning,2.87,2.2,61.2,0,0
S101284,U14147,2026-04-07,Referral,FAQ,Desktop,Australia,New,8.63,6.2,68.76,0,0
S108663,U14682,2026-04-07,Organic Search,Home,Desktop,India,New,3.44,2.5,63.37,0,0
S103442,U12941,2026-04-07,Paid Search,Checkout,Desktop,India,New,6.55,3.8,50.09,1,100
S108719,U15603,2026-04-07,Paid Search,Pricing,Tablet,Canada,Returning,2.62,2.0,66.84,0,0
S102862,U14532,2026-04-07,Paid Search,Pricing,Desktop,India,New,3.76,2.0,83.08,0,0
S108829,U13047,2026-04-07,Referral,About Us,Tablet,Canada,New,8.77,5.8,52.64,0,0
S107759,U13226,2026-04-07,Social Media,Services,Desktop,USA,New,3.96,4.1,69.5,0,0
S105389,U12951,2026-04-07,Organic Search,Products,Tablet,India,Returning,6.81,5.3,53.94,0,0
S108658,U15740,2026-04-07,Organic Search,FAQ,Mobile,India,New,3.82,4.5,49.59,0,0
S102023,U15421,2026-04-07,Referral,Product Details,Mobile,India,New,4.44,3.5,64.77,0,0
S107647,U11408,2026-04-07,Paid Search,Pricing,Desktop,India,Returning,2.76,2.4,58.91,0,0
S105872,U15049,2026-04-07,Organic Search,Pricing,Desktop,India,New,3.68,2.2,68.01,0,0
S108006,U11033,2026-04-07,Direct,Products,Mobile,India,New,1.5,3.5,55.57,0,0
S106826,U14426,2026-04-07,Referral,Pricing,Mobile,India,New,2.37,1.0,81.39,0,0
S106792,U10747,2026-04-07,Referral,Pricing,Mobile,Canada,New,2.27,3.3,63.95,0,0
S101775,U15048,2026-04-07,Direct,Home,Mobile,India,New,6.91,4.5,53.75,1,100
S107228,U14242,2026-04-07,Referral,Product Details,Desktop,India,New,4.69,4.4,62.33,0,0
S104846,U10202,2026-04-07,Paid Search,Blog,Desktop,USA,New,3.7,5.4,48.39,0,0
S101747,U10727,2026-04-07,Organic Search,Home,Desktop,UK,Returning,3.02,3.1,70.65,0,0
S109411,U11947,2026-04-07,Paid Search,Services,Tablet,UK,New,10.62,6.2,41.18,0,0
S105223,U11097,2026-04-07,Direct,Products,Mobile,India,New,10.36,6.5,39.08,0,0
S100356,U12736,2026-04-07,Paid Search,Home,Mobile,Australia,New,3.2,2.6,78.36,0,0
S103136,U15693,2026-04-07,Paid Search,Checkout,Desktop,India,New,1.37,1.6,79.72,0,0
S101731,U15430,2026-04-07,Direct,Home,Desktop,India,New,3.69,4.1,67.59,0,0
S103718,U11775,2026-04-07,Social Media,Pricing,Desktop,UK,Returning,1.71,1.0,73.59,1,100
S106905,U15477,2026-04-07,Paid Search,Home,Desktop,India,New,4.38,2.8,49.59,0,0
S102338,U14034,2026-04-07,Paid Search,Products,Desktop,India,New,3.74,2.1,58.93,0,0
S109378,U15192,2026-04-07,Organic Search,Services,Desktop,India,New,4.75,3.0,76.78,0,0
S107769,U12563,2026-04-07,Direct,Product Details,Tablet,India,New,4.26,2.6,64.74,0,0
S104087,U10974,2026-04-07,Organic Search,Services,Desktop,India,Returning,4.19,2.7,64.93,0,0
S107364,U11851,2026-04-07,Organic Search,Pricing,Mobile,India,New,8.03,6.0,56.59,0,0
S100587,U11067,2026-04-07,Paid Search,Home,Mobile,India,New,7.1,5.0,61.62,0,0
S102224,U10630,2026-04-07,Referral,Products,Desktop,India,Returning,5.94,4.9,62.67,0,0
S108777,U13408,2026-04-07,Paid Search,Product Details,Mobile,USA,Returning,6.84,5.5,42.98,0,0
S109037,U12882,2026-04-07,Paid Search,Products,Desktop,India,Returning,5.85,5.0,58.17,0,0
S100452,U15212,2026-04-07,Social Media,Checkout,Desktop,USA,Returning,2.44,2.3,71.32,0,0
S103911,U15092,2026-04-07,Paid Search,Services,Desktop,India,New,7.35,3.1,44.36,0,0
S103446,U14579,2026-04-07,Organic Search,Pricing,Mobile,India,New,13.5,11.1,31.67,0,0
S108690,U12262,2026-04-08,Organic Search,Products,Desktop,India,New,1.72,2.0,76.71,0,0
S106048,U16010,2026-04-08,Direct,FAQ,Desktop,India,New,6.86,1.8,56.91,0,0
S106482,U10245,2026-04-08,Paid Search,Home,Desktop,USA,New,4.06,2.6,60.64,0,0
S106311,U14702,2026-04-08,Direct,Pricing,Desktop,India,New,2.02,2.8,66.83,0,0
S101036,U14008,2026-04-08,Organic Search,Products,Mobile,India,New,2.14,1.1,71.19,0,0
S103374,U15109,2026-04-08,Paid Search,Home,Mobile,India,New,4.38,4.8,64.96,0,0
S105700,U15032,2026-04-08,Referral,Home,Desktop,UK,New,3.64,3.4,59.21,0,0
S106150,U16290,2026-04-08,Paid Search,Services,Desktop,UK,New,0.61,1.9,81.57,0,0
S103819,U15547,2026-04-08,Paid Search,Checkout,Desktop,UK,Returning,17.23,11.3,16.76,1,100
S109933,U14382,2026-04-08,Organic Search,Home,Desktop,India,New,8.36,4.3,54.39,0,0
S101975,U13381,2026-04-08,Referral,Pricing,Mobile,India,Returning,6.34,4.3,61.37,0,0
S105227,U10505,2026-04-08,Paid Search,Products,Mobile,India,New,2.77,2.0,70.39,0,0
S100037,U10976,2026-04-08,Paid Search,Home,Desktop,India,Returning,2.24,3.4,57.26,0,0
S102562,U16293,2026-04-08,Organic Search,Checkout,Desktop,India,Returning,3.09,2.0,69.72,1,100
S106373,U10465,2026-04-08,Paid Search,Home,Mobile,India,New,2.02,3.5,69.36,0,0
S100772,U15263,2026-04-08,Organic Search,Contact Us,Tablet,UK,Returning,6.65,6.5,55.85,1,100
S109425,U14007,2026-04-08,Referral,Services,Desktop,India,Returning,2.5,4.8,54.27,0,0
S101299,U13073,2026-04-08,Organic Search,Products,Mobile,USA,New,7.44,5.8,53.43,0,0
S107214,U12297,2026-04-08,Organic Search,FAQ,Mobile,India,New,3.06,3.5,68.31,0,0
S106195,U15508,2026-04-08,Paid Search,About Us,Desktop,India,New,7.21,4.6,46.75,0,0
S100131,U14876,2026-04-08,Social Media,Pricing,Desktop,India,Returning,11.24,8.4,31.14,0,0
S102650,U10244,2026-04-08,Social Media,Services,Desktop,USA,New,4.02,3.8,56.99,0,0
S107760,U13619,2026-04-08,Paid Search,Products,Desktop,USA,New,4.48,4.1,42.24,0,0
S105971,U13050,2026-04-08,Referral,Contact Us,Mobile,UK,New,3.15,1.5,75.03,0,0
S106600,U16438,2026-04-08,Social Media,Checkout,Mobile,USA,Returning,3.33,4.8,68.5,0,0
S107992,U14576,2026-04-08,Referral,Services,Mobile,India,New,6.41,4.4,58.61,0,0
S100840,U10511,2026-04-08,Organic Search,Product Details,Desktop,USA,Returning,4.43,2.6,63.72,1,100
S105480,U14435,2026-04-08,Social Media,FAQ,Desktop,Canada,New,4.26,5.2,55.82,0,0
S105302,U16461,2026-04-08,Direct,Pricing,Tablet,Canada,New,8.26,3.0,56.74,0,0
S105831,U13358,2026-04-08,Social Media,Home,Desktop,India,Returning,1.51,2.0,67.5,0,0
S102572,U12775,2026-04-08,Paid Search,Checkout,Desktop,India,New,8.23,5.2,57.4,0,0
S107754,U14944,2026-04-08,Direct,Pricing,Desktop,India,New,3.37,3.0,55.4,0,0
S100756,U15269,2026-04-08,Paid Search,Products,Desktop,India,New,8.03,5.6,63.45,0,0
S103006,U15603,2026-04-08,Referral,Home,Desktop,USA,New,8.64,5.4,53.41,0,0
S108614,U11608,2026-04-08,Referral,Services,Tablet,India,New,5.16,2.7,62.18,0,0
S107711,U12156,2026-04-08,Referral,Services,Desktop,Australia,New,10.84,7.9,31.24,1,100
S107272,U11034,2026-04-09,Paid Search,Products,Desktop,Australia,New,4.28,4.7,45.51,0,0
S103192,U10632,2026-04-09,Paid Search,Services,Mobile,India,Returning,4.57,2.7,75.97,0,0
S109774,U15355,2026-04-09,Organic Search,Product Details,Tablet,India,New,5.38,5.9,44.24,0,0
S102212,U14357,2026-04-09,Referral,About Us,Tablet,India,New,5.87,4.2,59.7,0,0
S105620,U12618,2026-04-09,Direct,Checkout,Desktop,USA,New,2.58,2.8,67.31,0,0
S101170,U14228,2026-04-09,Organic Search,Home,Desktop,India,Returning,3.31,3.9,63.89,0,0
S100170,U13315,2026-04-09,Direct,Home,Desktop,India,Returning,1.08,2.8,64.51,0,0
S109201,U10270,2026-04-09,Organic Search,Blog,Desktop,India,Returning,3.7,3.1,59.47,0,0
S109647,U15425,2026-04-09,Paid Search,Pricing,Tablet,India,New,5.98,4.5,57.01,0,0
S109584,U12034,2026-04-09,Organic Search,Home,Desktop,UK,New,4.73,5.3,49.49,0,0
S101132,U12825,2026-04-09,Direct,Pricing,Tablet,India,New,10.77,6.9,29.04,0,0
S104034,U11573,2026-04-09,Referral,Pricing,Desktop,India,New,1.77,1.2,75.99,0,0
S100898,U12483,2026-04-09,Paid Search,Home,Desktop,India,Returning,7.5,5.1,51.26,0,0
S102707,U15948,2026-04-09,Organic Search,FAQ,Mobile,India,New,1.72,1.4,68.19,0,0
S107347,U14589,2026-04-09,Organic Search,Blog,Desktop,India,New,4.43,3.8,59.56,0,0
S106088,U15367,2026-04-09,Organic Search,Services,Desktop,India,Returning,4.96,3.8,48.06,0,0
S107623,U10193,2026-04-09,Organic Search,Home,Tablet,USA,Returning,3.34,4.1,76.45,0,0
S107628,U11821,2026-04-09,Referral,Home,Mobile,Australia,New,9.72,6.1,37.35,0,0
S109734,U10237,2026-04-09,Paid Search,About Us,Mobile,India,Returning,1.95,3.2,73.75,0,0
S104204,U11520,2026-04-09,Paid Search,About Us,Desktop,USA,Returning,2.37,3.0,50.11,0,0
S104215,U12789,2026-04-09,Organic Search,Home,Mobile,India,Returning,5.75,4.6,57.04,0,0
S106432,U14937,2026-04-09,Paid Search,Blog,Mobile,India,New,6.18,6.5,49.96,0,0
S104129,U15836,2026-04-09,Direct,Product Details,Desktop,UK,Returning,1.66,2.8,70.28,0,0
S101340,U14159,2026-04-09,Direct,Checkout,Tablet,India,New,13.65,8.3,31.35,0,0
S109779,U10999,2026-04-09,Direct,Blog,Mobile,Australia,New,7.59,5.5,44.4,0,0
S100289,U15731,2026-04-09,Organic Search,About Us,Desktop,USA,Returning,3.68,1.0,57.71,0,0
S103974,U14178,2026-04-09,Organic Search,Product Details,Mobile,India,New,7.34,6.5,60.11,0,0
S105717,U13916,2026-04-09,Direct,Home,Mobile,India,New,13.47,7.3,46.54,0,0
S105010,U13822,2026-04-09,Organic Search,Product Details,Tablet,Canada,New,11.61,8.1,35.68,1,100
S103004,U10449,2026-04-09,Referral,Pricing,Mobile,India,New,6.02,4.0,49.25,0,0
S107959,U11481,2026-04-09,Organic Search,Home,Mobile,UK,New,5.79,4.2,52.99,0,0
S106174,U14241,2026-04-09,Organic Search,Product Details,Desktop,USA,Returning,1.03,1.8,66.76,0,0
S105881,U10883,2026-04-09,Referral,Product Details,Mobile,India,New,7.22,4.6,48.73,0,0
S105755,U16264,2026-04-09,Referral,Product Details,Mobile,India,New,1.28,3.0,70.73,0,0
S102886,U15017,2026-04-09,Direct,Home,Desktop,Canada,New,2.86,3.8,66.29,0,0
S108592,U12843,2026-04-09,Referral,Home,Desktop,India,New,10.78,8.0,27.58,0,0
S105562,U13021,2026-04-09,Direct,Services,Mobile,India,Returning,4.29,3.0,70.18,0,0
S102686,U10238,2026-04-09,Paid Search,Services,Tablet,USA,Returning,11.86,6.4,48.5,1,100
S101856,U11548,2026-04-09,Referral,Pricing,Mobile,India,New,10.5,6.7,40.08,0,0
S100778,U12704,2026-04-09,Paid Search,Product Details,Mobile,India,Returning,1.8,2.4,71.66,0,0
S108359,U10919,2026-04-09,Referral,About Us,Desktop,India,New,5.43,3.6,44.69,0,0
S109979,U12569,2026-04-09,Organic Search,FAQ,Desktop,USA,New,5.06,3.7,46.55,0,0
S101415,U13676,2026-04-10,Direct,FAQ,Tablet,Australia,New,2.35,2.4,83.42,0,0
S108337,U10226,2026-04-10,Organic Search,Pricing,Tablet,India,New,8.89,5.8,46.57,1,100
S107876,U12295,2026-04-10,Direct,About Us,Tablet,USA,New,3.38,3.1,59.21,1,100
S106921,U11726,2026-04-10,Social Media,Product Details,Mobile,India,New,5.92,3.5,66.75,0,0
S100491,U14753,2026-04-10,Paid Search,Products,Mobile,India,Returning,4.11,3.1,67.96,0,0
S103789,U11824,2026-04-10,Organic Search,Product Details,Mobile,India,Returning,1.92,1.0,70.79,0,0
S108084,U12284,2026-04-10,Paid Search,FAQ,Desktop,Canada,Returning,8.74,5.8,51.53,0,0
S101114,U13745,2026-04-10,Organic Search,Blog,Mobile,India,New,2.82,3.4,62.94,0,0
S103657,U11969,2026-04-10,Paid Search,Home,Mobile,India,New,3.42,3.1,64.7,0,0
S106126,U10072,2026-04-10,Paid Search,Checkout,Mobile,India,Returning,14.61,10.1,25.38,0,0
S105866,U13872,2026-04-10,Social Media,FAQ,Mobile,USA,New,3.03,2.7,61.48,0,0
S106184,U11957,2026-04-10,Referral,Home,Desktop,India,New,2.83,1.4,79.78,0,0
S103851,U11842,2026-04-10,Direct,Products,Mobile,India,New,5.25,3.7,69.33,0,0
S102856,U16421,2026-04-10,Organic Search,Home,Tablet,USA,Returning,1.32,2.6,70.36,0,0
S108513,U16100,2026-04-10,Direct,FAQ,Mobile,India,New,5.3,3.5,69.96,0,0
S102648,U14438,2026-04-10,Social Media,Product Details,Desktop,UK,New,2.36,2.7,83.12,0,0
S102939,U13989,2026-04-10,Paid Search,Product Details,Mobile,India,New,6.59,3.7,51.16,0,0
S103955,U15868,2026-04-10,Organic Search,FAQ,Desktop,India,Returning,9.39,5.8,60.27,0,0
S101324,U15035,2026-04-10,Organic Search,Services,Tablet,India,Returning,6.22,5.8,54.68,0,0
S100644,U16000,2026-04-10,Direct,Product Details,Mobile,Canada,New,2.24,2.8,60.31,0,0
S103282,U15414,2026-04-10,Direct,Checkout,Mobile,India,New,2.26,1.0,77.75,0,0
S105708,U13104,2026-04-10,Organic Search,Services,Mobile,India,New,4.31,2.4,77.76,0,0
S107915,U13229,2026-04-10,Referral,Pricing,Mobile,India,Returning,7.85,4.7,58.04,0,0
S100797,U14965,2026-04-10,Organic Search,Checkout,Mobile,India,Returning,6.44,3.6,70.46,0,0
S106655,U13862,2026-04-10,Organic Search,About Us,Mobile,India,New,3.04,2.0,59.89,0,0
S101376,U12066,2026-04-10,Direct,Products,Desktop,India,Returning,2.66,2.1,72.35,0,0
S109770,U15022,2026-04-10,Direct,FAQ,Mobile,USA,Returning,2.37,2.0,73.52,0,0
S101097,U11811,2026-04-10,Organic Search,Product Details,Mobile,India,New,4.27,1.5,73.1,0,0
S103661,U12430,2026-04-10,Organic Search,Product Details,Mobile,Australia,Returning,4.51,4.3,66.26,0,0
S104401,U16354,2026-04-10,Social Media,Services,Mobile,India,Returning,1.48,2.5,61.2,0,0
S105104,U12896,2026-04-10,Referral,FAQ,Desktop,UK,New,5.84,5.7,43.54,0,0
S101699,U13501,2026-04-10,Paid Search,Products,Tablet,UK,New,17.37,11.5,16.87,1,100
S108734,U14763,2026-04-10,Paid Search,Home,Mobile,India,New,7.2,4.6,47.96,0,0
S104489,U14968,2026-04-10,Organic Search,FAQ,Desktop,India,New,0.59,1.0,63.99,0,0
S100210,U13744,2026-04-10,Paid Search,Contact Us,Desktop,India,New,9.18,5.5,50.96,0,0
S101958,U10934,2026-04-10,Social Media,Products,Desktop,USA,Returning,9.77,5.8,42.94,0,0
S102382,U16060,2026-04-10,Organic Search,Products,Desktop,India,New,8.49,5.6,61.27,1,100
S109030,U13461,2026-04-10,Paid Search,About Us,Mobile,Australia,Returning,6.22,4.3,64.92,0,0
S104942,U14786,2026-04-10,Referral,Products,Mobile,India,New,3.68,2.9,72.81,0,0
S104606,U13076,2026-04-10,Organic Search,Checkout,Mobile,India,New,6.7,5.8,39.83,1,100
S105026,U14664,2026-04-10,Organic Search,Home,Mobile,India,New,6.37,4.3,56.8,0,0
S104711,U10509,2026-04-10,Paid Search,Pricing,Desktop,UK,New,4.34,3.2,72.4,0,0
S101589,U13641,2026-04-10,Organic Search,Home,Desktop,UK,New,3.37,3.9,59.49,0,0
S108919,U13008,2026-04-10,Paid Search,Services,Mobile,USA,Returning,3.36,3.1,54.27,1,100
S104450,U16269,2026-04-10,Organic Search,Services,Mobile,India,Returning,4.64,4.8,56.7,0,0
S107762,U15975,2026-04-10,Direct,Products,Desktop,UK,New,10.25,5.6,29.46,0,0
S104959,U11065,2026-04-10,Direct,Services,Mobile,India,Returning,8.58,7.2,31.47,0,0
S105524,U13717,2026-04-10,Organic Search,Home,Mobile,India,New,3.95,3.2,71.1,0,0
S107179,U15586,2026-04-10,Organic Search,Blog,Desktop,Canada,New,1.71,1.0,55.78,0,0
S101980,U13634,2026-04-10,Referral,Blog,Mobile,India,New,2.43,2.4,71.48,0,0
S108000,U14288,2026-04-11,Organic Search,Product Details,Mobile,USA,New,6.78,5.2,62.3,0,0
S101073,U10006,2026-04-11,Direct,About Us,Desktop,USA,New,3.68,2.4,77.71,0,0
S102503,U16386,2026-04-11,Referral,Contact Us,Desktop,Australia,Returning,3.81,3.4,64.14,0,0
S107212,U12182,2026-04-11,Direct,FAQ,Desktop,UK,New,2.91,4.5,62.57,0,0
S105999,U11602,2026-04-11,Paid Search,Blog,Mobile,Australia,New,1.2,1.1,63.58,0,0
S106848,U12119,2026-04-11,Paid Search,Blog,Mobile,India,Returning,8.68,7.6,45.86,0,0
S106237,U13076,2026-04-11,Referral,FAQ,Desktop,India,New,9.68,7.1,36.85,0,0
S103439,U10931,2026-04-11,Paid Search,Pricing,Mobile,India,New,2.03,3.0,68.95,0,0
S105718,U13110,2026-04-11,Direct,Checkout,Tablet,Canada,Returning,4.31,4.8,54.61,0,0
S104633,U15811,2026-04-11,Organic Search,Home,Desktop,India,New,0.85,1.4,72.25,0,0
S105651,U14132,2026-04-11,Paid Search,Contact Us,Mobile,India,New,4.48,4.5,56.51,0,0
S105140,U14758,2026-04-11,Organic Search,Services,Mobile,India,New,13.56,8.8,44.95,1,100
S100007,U16266,2026-04-11,Referral,Blog,Mobile,India,Returning,2.34,3.3,52.48,0,0
S102320,U10303,2026-04-11,Referral,Home,Tablet,India,Returning,9.05,6.9,59.75,1,100
S109311,U13143,2026-04-11,Referral,Home,Tablet,Canada,New,4.43,3.0,58.37,0,0
S104788,U12567,2026-04-11,Direct,Pricing,Tablet,India,Returning,4.68,4.5,64.16,0,0
S100020,U15612,2026-04-11,Organic Search,Home,Mobile,India,New,4.19,1.1,62.51,0,0
S107087,U10367,2026-04-11,Social Media,Checkout,Tablet,India,Returning,1.47,1.0,68.23,0,0
S102163,U14391,2026-04-11,Referral,Home,Mobile,USA,New,6.32,3.6,52.02,0,0
S102847,U14183,2026-04-11,Paid Search,Checkout,Tablet,India,New,12.45,7.7,39.78,0,0
S104464,U13424,2026-04-11,Organic Search,Home,Desktop,UK,Returning,3.26,2.8,51.81,1,100
S108681,U13251,2026-04-11,Paid Search,Blog,Desktop,Australia,New,0.3,1.8,81.52,0,0
S106179,U14896,2026-04-11,Direct,Contact Us,Mobile,USA,New,6.04,5.1,56.24,0,0
S100733,U14925,2026-04-11,Direct,Product Details,Mobile,India,Returning,4.87,3.6,63.58,0,0
S106211,U10962,2026-04-11,Direct,Home,Desktop,India,New,1.53,1.8,57.0,0,0
S100413,U15855,2026-04-11,Paid Search,Services,Mobile,UK,New,5.8,4.1,44.07,0,0
S109821,U10905,2026-04-11,Organic Search,Product Details,Desktop,India,New,3.37,3.8,52.88,0,0
S101472,U14224,2026-04-11,Paid Search,Product Details,Desktop,Canada,Returning,3.88,2.7,87.45,0,0
S104657,U13451,2026-04-11,Referral,Product Details,Mobile,UK,New,4.48,2.2,73.52,0,0
S104294,U15802,2026-04-11,Referral,Home,Mobile,India,New,7.99,4.1,56.05,0,0
S104816,U13952,2026-04-11,Social Media,Contact Us,Desktop,India,New,6.37,4.9,49.2,0,0
S106270,U13363,2026-04-11,Paid Search,Blog,Desktop,Canada,New,4.38,2.7,65.24,0,0
S102220,U16431,2026-04-11,Paid Search,Home,Desktop,USA,Returning,4.58,3.7,61.12,1,100
S106626,U15430,2026-04-11,Social Media,Home,Mobile,India,New,4.24,4.0,64.0,0,0
S104936,U15286,2026-04-11,Organic Search,Checkout,Mobile,USA,Returning,0.3,2.1,73.26,0,0
S107400,U10914,2026-04-11,Organic Search,Pricing,Tablet,India,New,1.33,3.0,59.53,0,0
S100151,U14489,2026-04-11,Referral,Product Details,Mobile,India,New,1.75,2.2,58.75,0,0
S106045,U14669,2026-04-11,Organic Search,FAQ,Mobile,USA,Returning,7.81,5.2,57.59,0,0
S103148,U11901,2026-04-11,Organic Search,About Us,Mobile,India,New,5.96,2.9,61.51,0,0
S107192,U14745,2026-04-11,Direct,Blog,Desktop,USA,New,1.82,3.0,56.31,0,0
S101233,U16360,2026-04-11,Organic Search,FAQ,Desktop,India,New,7.59,5.5,60.15,0,0
S104306,U16199,2026-04-11,Referral,Blog,Tablet,Canada,Returning,6.13,4.6,50.91,0,0
S103466,U15926,2026-04-11,Direct,Pricing,Tablet,India,New,7.56,4.9,47.24,0,0
S103371,U15249,2026-04-11,Direct,Pricing,Mobile,UK,New,2.53,1.6,63.07,0,0
S100305,U14091,2026-04-11,Social Media,Services,Mobile,UK,New,0.94,2.1,73.36,0,0
S102204,U14934,2026-04-11,Organic Search,Services,Mobile,India,New,4.63,4.2,58.79,0,0
S107128,U12301,2026-04-11,Organic Search,Services,Desktop,India,Returning,7.06,5.1,44.99,0,0
S108631,U13804,2026-04-11,Social Media,Pricing,Desktop,USA,New,0.45,1.0,80.47,0,0
S109123,U16015,2026-04-11,Direct,Pricing,Desktop,India,New,6.55,5.7,48.81,1,100
S104334,U12205,2026-04-11,Paid Search,Checkout,Mobile,USA,New,4.79,5.0,53.35,0,0
S101298,U12873,2026-04-11,Organic Search,Pricing,Mobile,Canada,Returning,9.26,8.5,45.51,0,0
S107433,U10191,2026-04-12,Organic Search,Products,Desktop,Canada,Returning,6.03,3.7,44.67,1,100
S104632,U10384,2026-04-12,Social Media,Home,Desktop,India,New,9.55,8.1,33.18,0,0
S108063,U12943,2026-04-12,Organic Search,Products,Mobile,USA,New,4.07,2.5,67.32,0,0
S107950,U11752,2026-04-12,Referral,Services,Desktop,India,Returning,4.56,4.3,56.96,0,0
S109513,U14602,2026-04-12,Referral,Product Details,Desktop,India,Returning,1.8,3.6,75.86,0,0
S101736,U14322,2026-04-12,Organic Search,Home,Mobile,India,Returning,2.62,2.9,63.86,0,0
S107697,U11078,2026-04-12,Organic Search,Home,Desktop,UK,New,6.34,5.0,52.33,0,0
S100114,U12696,2026-04-12,Paid Search,About Us,Desktop,India,New,17.02,10.4,15.86,0,0
S106853,U10920,2026-04-12,Organic Search,FAQ,Mobile,India,New,2.14,2.3,66.29,0,0
S103902,U14932,2026-04-12,Organic Search,About Us,Desktop,UK,New,11.87,9.3,46.81,0,0
S109535,U14475,2026-04-12,Referral,Products,Desktop,India,New,7.49,6.7,49.07,0,0
S109317,U11539,2026-04-12,Referral,Blog,Desktop,India,New,2.52,2.4,51.57,0,0
S101051,U11461,2026-04-12,Paid Search,Services,Mobile,India,New,4.15,3.8,56.57,1,100
S105994,U11712,2026-04-12,Organic Search,Blog,Desktop,India,Returning,5.88,1.4,55.85,0,0
S106509,U10818,2026-04-12,Direct,Home,Tablet,India,New,4.77,2.7,67.23,0,0
S109754,U16432,2026-04-12,Direct,FAQ,Mobile,India,New,9.34,7.4,35.71,0,0
S104002,U14118,2026-04-12,Paid Search,FAQ,Desktop,India,Returning,9.44,6.1,53.24,0,0
S109313,U11478,2026-04-12,Paid Search,Blog,Desktop,India,Returning,5.81,4.5,50.27,0,0
S101359,U11793,2026-04-12,Organic Search,Home,Mobile,India,New,0.59,2.0,64.62,0,0
S105760,U11667,2026-04-12,Organic Search,About Us,Mobile,UK,New,2.35,3.7,59.54,0,0
S109386,U16413,2026-04-12,Direct,Contact Us,Mobile,USA,Returning,7.46,2.7,55.21,0,0
S103969,U13826,2026-04-12,Paid Search,Blog,Tablet,India,Returning,4.05,4.4,58.34,0,0
S100510,U12850,2026-04-12,Direct,Product Details,Mobile,India,New,2.11,3.3,52.47,0,0
S103039,U15190,2026-04-12,Paid Search,Product Details,Mobile,India,New,7.83,6.4,45.25,0,0
S105795,U14621,2026-04-12,Social Media,Services,Tablet,India,Returning,1.0,2.5,59.05,0,0
S102332,U13125,2026-04-12,Referral,Product Details,Desktop,UK,Returning,4.5,3.7,60.42,1,100
S104988,U11338,2026-04-12,Organic Search,Services,Desktop,India,Returning,4.37,3.8,33.17,0,0
S104751,U11825,2026-04-12,Referral,Home,Mobile,India,Returning,1.37,3.5,62.42,0,0
S102364,U10822,2026-04-12,Organic Search,Services,Desktop,Australia,New,1.61,2.0,71.12,0,0
S109977,U14499,2026-04-12,Direct,Blog,Desktop,India,New,2.93,2.8,61.16,0,0
S100300,U16398,2026-04-12,Paid Search,Home,Desktop,India,Returning,7.2,6.2,40.84,0,0
S104613,U10581,2026-04-12,Organic Search,Product Details,Desktop,India,New,4.96,2.6,67.03,0,0
S107722,U12482,2026-04-12,Referral,Home,Desktop,India,Returning,2.72,2.6,63.05,0,0
S103297,U14980,2026-04-12,Organic Search,Blog,Desktop,India,New,2.75,1.0,69.73,0,0
S100382,U13121,2026-04-12,Organic Search,Checkout,Mobile,India,New,5.61,4.0,74.45,1,100
S105849,U13436,2026-04-12,Paid Search,Pricing,Mobile,USA,New,1.34,1.0,62.32,0,0
S104505,U13319,2026-04-12,Referral,About Us,Desktop,India,New,5.38,3.3,55.45,1,100
S105348,U16411,2026-04-12,Direct,FAQ,Mobile,India,Returning,3.4,3.2,54.95,0,0
S106989,U13590,2026-04-12,Paid Search,Products,Desktop,UK,Returning,5.82,4.8,47.33,1,100
S102412,U15446,2026-04-12,Direct,Home,Desktop,India,Returning,8.4,5.7,44.93,0,0
S103586,U12380,2026-04-12,Direct,Home,Mobile,India,New,3.1,4.0,46.2,1,100
S100947,U10672,2026-04-12,Referral,Blog,Desktop,India,Returning,5.68,5.9,46.41,0,0
S100965,U15933,2026-04-12,Organic Search,FAQ,Mobile,India,Returning,2.22,2.9,61.08,0,0
S103458,U13831,2026-04-12,Direct,Services,Desktop,India,New,7.94,7.5,42.43,0,0
S104101,U15173,2026-04-12,Organic Search,Home,Mobile,Canada,Returning,12.96,9.5,33.14,0,0
S107076,U10904,2026-04-12,Organic Search,Products,Desktop,India,New,6.45,4.9,65.53,1,100
S105165,U15784,2026-04-12,Social Media,Products,Mobile,India,New,3.15,3.2,73.71,0,0
S103530,U15949,2026-04-12,Paid Search,Product Details,Desktop,India,New,3.19,3.4,69.43,0,0
S102034,U12449,2026-04-13,Paid Search,Products,Mobile,India,New,1.91,1.0,78.23,0,0
S105322,U12619,2026-04-13,Organic Search,Pricing,Desktop,India,Returning,6.21,4.0,67.59,1,100
S100123,U15893,2026-04-13,Referral,Blog,Tablet,USA,New,8.39,5.8,38.07,0,0
S103647,U14977,2026-04-13,Referral,Home,Desktop,India,New,2.1,2.2,61.91,0,0
S109627,U10942,2026-04-13,Referral,About Us,Tablet,India,New,2.67,4.1,54.46,1,100
S108545,U15139,2026-04-13,Organic Search,Product Details,Desktop,Australia,New,1.81,2.1,62.94,0,0
S105797,U12986,2026-04-13,Paid Search,Pricing,Mobile,Australia,New,3.23,2.1,64.66,1,100
S100853,U14179,2026-04-13,Organic Search,Blog,Mobile,India,Returning,9.25,6.2,40.6,0,0
S107727,U15270,2026-04-13,Social Media,Services,Mobile,India,Returning,5.06,2.5,56.18,0,0
S100370,U16171,2026-04-13,Referral,Product Details,Mobile,UK,New,5.44,2.8,63.09,0,0
S108357,U15566,2026-04-13,Social Media,Blog,Desktop,Canada,New,5.02,3.2,53.4,0,0
S106397,U14324,2026-04-13,Organic Search,FAQ,Mobile,USA,New,3.2,1.7,69.73,0,0
S105939,U12748,2026-04-13,Direct,About Us,Mobile,India,Returning,6.23,5.7,47.44,0,0
S107529,U13166,2026-04-13,Paid Search,Checkout,Desktop,UK,New,1.06,5.0,48.37,0,0
S105098,U11572,2026-04-13,Organic Search,Product Details,Mobile,USA,Returning,5.41,3.3,55.22,1,100
S101185,U12191,2026-04-13,Social Media,Products,Mobile,Australia,New,18.05,13.8,13.05,1,100
S108098,U12604,2026-04-13,Referral,Home,Desktop,USA,Returning,9.74,6.8,38.49,0,0
S104649,U10306,2026-04-13,Organic Search,Checkout,Mobile,India,Returning,5.76,5.1,54.69,0,0
S102894,U11641,2026-04-13,Organic Search,Blog,Desktop,India,New,2.04,1.2,85.82,0,0
S100394,U13421,2026-04-13,Social Media,Product Details,Mobile,India,New,8.0,5.2,60.12,0,0
S106307,U13562,2026-04-13,Organic Search,Services,Desktop,India,New,6.33,5.2,55.03,0,0
S107668,U12160,2026-04-13,Paid Search,Products,Desktop,India,New,0.86,2.4,62.78,0,0
S108251,U13005,2026-04-13,Direct,Checkout,Mobile,UK,New,6.23,5.1,28.41,1,100
S101345,U15589,2026-04-13,Paid Search,About Us,Desktop,India,Returning,5.51,5.6,42.19,1,100
S103598,U14601,2026-04-13,Organic Search,Blog,Mobile,India,New,4.98,6.1,55.82,0,0
S102762,U11550,2026-04-13,Organic Search,Blog,Mobile,India,New,1.26,1.6,64.7,0,0
S106341,U14579,2026-04-13,Organic Search,Products,Desktop,USA,New,1.8,2.6,81.46,0,0
S107264,U12069,2026-04-13,Paid Search,Pricing,Desktop,India,New,1.8,2.5,75.03,0,0
S105237,U13485,2026-04-13,Social Media,Services,Mobile,Australia,New,2.74,4.3,51.58,0,0
S104468,U15159,2026-04-13,Direct,Product Details,Desktop,India,New,9.42,5.8,62.89,0,0
S102702,U10543,2026-04-13,Paid Search,Products,Tablet,India,New,6.92,5.1,41.33,0,0
S108426,U15826,2026-04-13,Direct,Checkout,Mobile,India,New,7.37,3.0,64.43,0,0
S103790,U11475,2026-04-13,Organic Search,Product Details,Desktop,Australia,Returning,1.71,2.4,73.04,0,0
S102330,U16096,2026-04-13,Paid Search,Home,Desktop,India,New,8.74,5.6,47.71,0,0
S105023,U12597,2026-04-13,Paid Search,Product Details,Desktop,India,New,9.99,6.9,36.88,0,0
S109890,U12904,2026-04-13,Referral,FAQ,Desktop,UK,New,2.76,3.8,71.48,0,0
S107834,U13202,2026-04-13,Organic Search,About Us,Mobile,Australia,Returning,4.56,3.1,53.73,0,0
S106324,U14781,2026-04-13,Referral,Product Details,Desktop,USA,New,6.85,4.4,57.89,1,100
S107667,U15663,2026-04-13,Referral,Services,Desktop,India,New,1.79,2.1,68.96,0,0
S104052,U15038,2026-04-13,Organic Search,Pricing,Mobile,India,Returning,1.46,3.2,64.16,0,0
S109597,U13980,2026-04-13,Paid Search,About Us,Desktop,Canada,New,10.09,7.1,29.63,0,0
S106470,U15301,2026-04-13,Organic Search,Products,Mobile,Australia,New,1.92,1.3,70.78,0,0
S101401,U15298,2026-04-13,Paid Search,Blog,Mobile,USA,New,7.48,3.9,47.66,0,0
S100365,U13437,2026-04-13,Paid Search,Product Details,Mobile,India,Returning,3.24,1.7,71.55,0,0
S105946,U15816,2026-04-13,Organic Search,Pricing,Mobile,India,New,6.73,5.9,52.49,0,0
S100224,U13000,2026-04-13,Organic Search,Pricing,Tablet,India,New,4.96,5.3,61.13,0,0
S101357,U15480,2026-04-13,Organic Search,Pricing,Tablet,UK,Returning,7.02,2.9,49.45,0,0
S107738,U13169,2026-04-13,Organic Search,Home,Desktop,USA,New,9.62,5.7,49.99,0,0
S100389,U12566,2026-04-13,Organic Search,Product Details,Mobile,Canada,New,7.37,2.7,61.04,0,0
S101259,U10346,2026-04-13,Referral,Services,Mobile,India,New,2.48,1.0,76.89,0,0
S109806,U14939,2026-04-13,Referral,Blog,Mobile,Canada,New,6.81,5.7,45.9,0,0
S105144,U14734,2026-04-13,Direct,Services,Desktop,India,New,7.0,5.2,47.09,1,100
S102941,U16266,2026-04-13,Referral,Pricing,Desktop,India,New,0.66,1.9,56.32,0,0
S100862,U14977,2026-04-14,Direct,FAQ,Desktop,India,New,7.57,4.8,51.12,0,0
S104912,U10560,2026-04-14,Paid Search,Services,Tablet,India,New,2.44,1.7,69.36,0,0
S101211,U10923,2026-04-14,Organic Search,Product Details,Mobile,India,New,2.35,2.9,61.78,0,0
S100025,U11185,2026-04-14,Organic Search,Product Details,Mobile,Canada,New,1.31,1.2,67.95,0,0
S102679,U15409,2026-04-14,Organic Search,Pricing,Mobile,India,New,6.25,4.3,71.13,1,100
S108746,U10066,2026-04-14,Paid Search,Blog,Desktop,India,New,4.39,3.4,66.41,0,0
S107207,U11986,2026-04-14,Organic Search,Home,Desktop,India,New,12.98,7.9,29.65,0,0
S105336,U11813,2026-04-14,Paid Search,Home,Desktop,India,Returning,3.28,1.6,56.41,0,0
S104408,U15638,2026-04-14,Referral,Services,Mobile,India,Returning,2.89,1.6,77.25,0,0
S106413,U12966,2026-04-14,Organic Search,Home,Desktop,India,New,7.14,5.2,58.67,0,0
S101615,U14874,2026-04-14,Direct,Checkout,Desktop,India,New,6.81,5.5,52.61,0,0
S109951,U13716,2026-04-14,Organic Search,Product Details,Mobile,India,Returning,1.34,2.8,61.65,0,0
S106416,U10950,2026-04-14,Paid Search,Home,Desktop,India,New,5.29,3.8,55.19,0,0
S107197,U12160,2026-04-14,Referral,Product Details,Mobile,India,New,5.39,3.5,52.25,1,100
S103761,U12467,2026-04-14,Referral,Products,Mobile,Canada,New,4.67,2.4,55.32,0,0
S108289,U10878,2026-04-14,Referral,Products,Desktop,India,New,5.54,5.7,53.88,0,0
S104272,U13852,2026-04-14,Referral,Pricing,Mobile,Canada,Returning,5.02,3.5,57.91,0,0
S102714,U13202,2026-04-14,Direct,Home,Desktop,USA,Returning,1.5,1.0,75.41,0,0
S103765,U15477,2026-04-14,Organic Search,Checkout,Mobile,India,Returning,7.74,4.7,57.45,0,0
S109540,U10076,2026-04-14,Paid Search,FAQ,Desktop,India,New,8.63,6.2,43.12,1,100
S104933,U14714,2026-04-14,Referral,Checkout,Desktop,USA,New,6.38,4.6,69.12,0,0
S107241,U14604,2026-04-14,Referral,Pricing,Mobile,USA,Returning,0.83,3.0,66.39,0,0
S103800,U11636,2026-04-14,Organic Search,Home,Mobile,India,New,5.23,4.1,61.1,1,100
S104022,U14115,2026-04-14,Paid Search,Services,Mobile,India,Returning,4.38,4.5,53.75,0,0
S104442,U12002,2026-04-14,Organic Search,Pricing,Mobile,USA,New,2.51,3.3,70.48,0,0
S103629,U13452,2026-04-14,Organic Search,Product Details,Mobile,India,New,2.27,1.0,81.23,0,0
S107150,U14087,2026-04-14,Paid Search,Services,Desktop,India,New,14.31,9.5,29.09,0,0
S102061,U14239,2026-04-14,Organic Search,Products,Desktop,India,New,3.05,2.0,73.34,0,0
S108476,U12267,2026-04-14,Organic Search,Blog,Mobile,Australia,New,2.87,1.0,69.13,0,0
S100263,U12512,2026-04-14,Organic Search,About Us,Mobile,USA,New,5.0,5.2,38.47,0,0
S105163,U13454,2026-04-14,Organic Search,Products,Desktop,India,New,11.26,6.5,55.01,0,0
S107181,U15423,2026-04-14,Referral,Blog,Desktop,Australia,New,4.66,3.5,55.95,0,0
S109832,U10075,2026-04-14,Paid Search,Home,Mobile,India,New,6.36,4.7,55.2,0,0
S104094,U11589,2026-04-14,Organic Search,Product Details,Desktop,India,New,3.49,3.5,48.58,0,0
S107610,U15918,2026-04-14,Paid Search,Home,Tablet,USA,Returning,5.65,4.6,45.93,0,0
S109242,U10320,2026-04-14,Referral,About Us,Desktop,India,New,1.47,3.2,66.33,0,0
S100920,U14165,2026-04-14,Paid Search,Blog,Mobile,USA,New,8.29,7.5,46.53,1,100
S100731,U15780,2026-04-14,Social Media,Contact Us,Desktop,India,New,6.22,6.0,46.57,0,0
S108937,U10970,2026-04-14,Social Media,Contact Us,Tablet,India,New,7.23,5.5,45.27,0,0
S100307,U13171,2026-04-14,Paid Search,Blog,Desktop,India,New,1.32,1.0,79.76,0,0
S105621,U15922,2026-04-14,Referral,Product Details,Tablet,UK,New,3.51,2.0,51.51,0,0
S106624,U13473,2026-04-14,Direct,About Us,Desktop,USA,New,5.88,4.1,49.05,1,100
S100559,U12817,2026-04-14,Direct,Contact Us,Mobile,India,New,3.91,5.0,69.43,0,0
S103650,U14651,2026-04-14,Organic Search,Product Details,Desktop,India,New,0.79,2.8,85.34,0,0
S108103,U15171,2026-04-14,Direct,About Us,Mobile,India,New,5.05,4.4,44.52,0,0
S108168,U15281,2026-04-14,Paid Search,Checkout,Desktop,USA,Returning,4.5,4.7,55.02,0,0
S100103,U16332,2026-04-14,Referral,Pricing,Mobile,USA,New,7.04,3.6,50.63,1,100
S103980,U12820,2026-04-14,Paid Search,Blog,Desktop,UK,Returning,3.86,4.8,65.17,0,0
S106536,U11261,2026-04-14,Referral,Products,Mobile,India,New,7.01,3.6,55.6,0,0
S109319,U10313,2026-04-14,Social Media,Product Details,Mobile,India,New,4.6,4.6,61.76,0,0
S106878,U13716,2026-04-14,Paid Search,Products,Mobile,India,New,4.31,5.6,66.59,0,0
S106097,U12433,2026-04-14,Paid Search,Checkout,Mobile,USA,New,4.95,2.9,70.76,0,0
S105585,U10976,2026-04-14,Direct,Products,Tablet,India,New,2.44,5.3,53.22,0,0
S106394,U13365,2026-04-14,Organic Search,About Us,Mobile,USA,Returning,11.92,8.6,35.06,0,0
S106242,U15738,2026-04-15,Organic Search,Home,Mobile,India,New,1.36,2.3,60.53,0,0
S108431,U14138,2026-04-15,Direct,Services,Desktop,India,New,7.08,5.8,37.52,0,0
S101222,U11858,2026-04-15,Organic Search,Services,Desktop,India,Returning,1.18,3.6,71.11,0,0
S105299,U16492,2026-04-15,Referral,Products,Tablet,UK,New,6.42,3.2,71.34,0,0
S107548,U12641,2026-04-15,Direct,Product Details,Mobile,USA,Returning,12.97,9.6,31.69,0,0
S103092,U15094,2026-04-15,Organic Search,Home,Desktop,India,New,2.98,2.1,67.93,0,0
S102394,U16472,2026-04-15,Referral,Product Details,Mobile,India,Returning,2.29,2.8,63.27,0,0
S100556,U13731,2026-04-15,Paid Search,Products,Desktop,Australia,New,5.97,3.7,55.76,0,0
S101562,U11525,2026-04-15,Referral,Products,Mobile,USA,New,7.89,5.5,52.81,1,100
S109203,U15987,2026-04-15,Organic Search,Home,Desktop,India,New,4.75,2.5,51.84,0,0
S101112,U12027,2026-04-15,Direct,Contact Us,Mobile,India,Returning,10.98,6.5,37.69,0,0
S109191,U11538,2026-04-15,Referral,Contact Us,Mobile,Australia,Returning,9.77,6.9,28.98,0,0
S104296,U12223,2026-04-15,Organic Search,FAQ,Mobile,Australia,New,2.47,4.1,41.74,0,0
S102498,U13274,2026-04-15,Organic Search,Contact Us,Mobile,India,New,3.02,2.6,63.26,0,0
S103290,U15056,2026-04-15,Paid Search,Services,Mobile,Canada,Returning,8.37,7.3,41.31,0,0
S106968,U13734,2026-04-15,Paid Search,Product Details,Mobile,India,Returning,4.39,4.5,51.73,1,100
S105037,U12468,2026-04-15,Paid Search,Contact Us,Mobile,India,New,4.94,2.4,74.55,0,0
S104547,U11217,2026-04-15,Organic Search,Checkout,Mobile,India,Returning,11.16,9.1,23.03,0,0
S105123,U11701,2026-04-15,Organic Search,Home,Desktop,Canada,Returning,2.12,2.7,73.76,0,0
S102554,U10708,2026-04-15,Organic Search,Blog,Mobile,India,Returning,2.83,3.3,58.71,0,0
S105377,U14335,2026-04-15,Referral,FAQ,Desktop,Australia,Returning,11.73,7.4,29.04,0,0
S104104,U16175,2026-04-15,Referral,Contact Us,Mobile,Canada,Returning,8.52,6.5,66.04,1,100
S107213,U13403,2026-04-15,Direct,FAQ,Mobile,India,Returning,2.58,1.2,62.3,0,0
S106606,U15061,2026-04-15,Organic Search,Blog,Mobile,Australia,New,4.95,3.9,57.17,0,0
S105601,U15871,2026-04-15,Organic Search,Contact Us,Desktop,Canada,New,5.86,3.4,66.66,0,0
S108707,U10325,2026-04-15,Direct,Product Details,Mobile,India,Returning,6.32,3.7,61.87,0,0
S100209,U13446,2026-04-15,Organic Search,Home,Tablet,India,Returning,11.98,5.2,58.33,0,0
S106880,U15186,2026-04-15,Referral,Products,Mobile,Canada,New,1.72,1.0,74.85,0,0
S109556,U15105,2026-04-15,Direct,Products,Desktop,USA,New,6.52,4.3,50.5,0,0
S108929,U13186,2026-04-15,Social Media,FAQ,Mobile,Canada,New,8.59,7.7,53.88,0,0
S102256,U10620,2026-04-15,Organic Search,Products,Mobile,India,New,8.74,5.7,41.49,0,0
S106814,U12666,2026-04-15,Organic Search,Blog,Desktop,India,New,3.18,2.0,74.2,0,0
S104156,U14524,2026-04-15,Organic Search,Home,Desktop,India,Returning,3.86,2.1,57.41,0,0
S105719,U11235,2026-04-15,Referral,Services,Mobile,India,Returning,5.4,6.0,51.89,0,0
S105489,U16218,2026-04-15,Organic Search,Services,Desktop,India,New,1.98,2.2,72.91,0,0
S100008,U10467,2026-04-15,Organic Search,Pricing,Desktop,USA,New,10.52,7.5,30.9,0,0
S107198,U15709,2026-04-15,Direct,Home,Mobile,UK,Returning,11.17,8.4,43.61,0,0
S105725,U11831,2026-04-15,Direct,FAQ,Desktop,UK,New,1.6,2.4,59.69,0,0
S100502,U12839,2026-04-15,Organic Search,Product Details,Mobile,India,New,4.55,3.3,66.05,0,0
S100649,U16321,2026-04-15,Organic Search,Product Details,Desktop,Canada,Returning,5.16,2.9,61.52,0,0
S108697,U10688,2026-04-15,Referral,Home,Mobile,India,New,4.68,4.9,44.79,0,0
S101142,U14028,2026-04-15,Organic Search,Services,Mobile,India,Returning,6.21,5.1,48.74,0,0
S109516,U11461,2026-04-15,Organic Search,Home,Mobile,India,New,7.25,5.8,45.09,0,0
S103735,U11843,2026-04-15,Paid Search,Pricing,Mobile,India,New,5.85,3.5,63.78,0,0
S108700,U11293,2026-04-15,Paid Search,FAQ,Mobile,Canada,New,3.67,1.2,65.53,0,0
S104981,U14898,2026-04-15,Paid Search,Blog,Mobile,India,New,9.83,6.9,44.99,0,0
S106742,U11472,2026-04-15,Referral,Contact Us,Mobile,USA,New,6.9,5.9,63.51,1,100
S100895,U11330,2026-04-15,Social Media,FAQ,Tablet,India,New,8.11,5.2,56.82,0,0
S100705,U11366,2026-04-15,Paid Search,Home,Desktop,India,New,13.03,9.8,31.07,0,0
S103252,U14689,2026-04-15,Organic Search,Services,Mobile,India,Returning,4.96,3.9,52.37,0,0
S100750,U12106,2026-04-15,Referral,About Us,Desktop,Canada,New,0.57,2.7,56.22,0,0
S106963,U11655,2026-04-15,Organic Search,Blog,Desktop,India,New,2.23,1.0,82.41,0,0
S100697,U16173,2026-04-15,Paid Search,Home,Tablet,Canada,New,5.42,2.0,61.96,0,0
S109536,U14776,2026-04-15,Direct,Products,Desktop,India,New,1.42,1.0,55.58,0,0
S102280,U12290,2026-04-15,Direct,Pricing,Desktop,Canada,New,3.73,3.1,63.92,0,0
S106415,U10784,2026-04-15,Social Media,Services,Mobile,USA,Returning,2.32,2.6,60.83,0,0
S109738,U10767,2026-04-15,Organic Search,Product Details,Mobile,UK,Returning,3.96,4.7,56.06,0,0
S108099,U15962,2026-04-15,Organic Search,Services,Desktop,Canada,New,4.12,2.8,57.42,0,0
S103322,U12427,2026-04-15,Organic Search,Services,Mobile,USA,New,1.4,1.8,78.46,0,0
S103289,U12609,2026-04-15,Organic Search,Services,Tablet,India,New,3.13,1.7,74.01,0,0
S105193,U14928,2026-04-15,Referral,Products,Mobile,India,New,6.51,4.7,50.47,0,0
S103325,U14403,2026-04-15,Paid Search,Services,Tablet,India,New,3.03,2.4,70.2,0,0
S102640,U11726,2026-04-15,Referral,Products,Mobile,USA,Returning,11.24,9.4,41.83,0,0
S101055,U11606,2026-04-15,Direct,Products,Mobile,India,New,13.52,9.5,23.89,1,100
S108532,U10504,2026-04-15,Referral,Contact Us,Desktop,UK,Returning,7.24,6.3,41.83,0,0
S108022,U13598,2026-04-16,Organic Search,Checkout,Desktop,India,New,10.23,8.3,36.37,0,0
S105074,U15060,2026-04-16,Organic Search,About Us,Mobile,India,New,2.31,1.3,61.68,0,0
S105081,U12360,2026-04-16,Paid Search,Products,Desktop,India,Returning,2.57,4.1,64.67,1,100
S108184,U12188,2026-04-16,Paid Search,Services,Desktop,India,Returning,14.38,8.9,42.55,0,0
S109115,U13788,2026-04-16,Direct,Checkout,Tablet,India,Returning,4.44,4.0,49.58,0,0
S102895,U12217,2026-04-16,Direct,Product Details,Desktop,India,New,3.12,2.7,53.08,0,0
S106390,U11095,2026-04-16,Organic Search,Pricing,Desktop,UK,Returning,2.25,2.8,83.31,0,0
S103715,U12687,2026-04-16,Organic Search,Products,Desktop,India,Returning,1.35,1.9,84.37,0,0
S100193,U11307,2026-04-16,Social Media,Blog,Mobile,UK,New,7.16,4.5,62.65,0,0
S104681,U14106,2026-04-16,Organic Search,Blog,Mobile,India,New,3.85,2.9,81.76,0,0
S104697,U13876,2026-04-16,Organic Search,Services,Mobile,Canada,Returning,2.36,1.9,63.25,0,0
S105269,U14178,2026-04-16,Organic Search,Home,Mobile,Canada,New,5.53,4.2,47.73,1,100
S106359,U14687,2026-04-16,Social Media,Product Details,Desktop,India,Returning,8.1,6.6,53.9,1,100
S101176,U12344,2026-04-16,Paid Search,Blog,Mobile,India,New,3.83,4.2,48.42,0,0
S102231,U14958,2026-04-16,Direct,Home,Mobile,India,New,6.99,6.7,45.16,0,0
S109709,U12069,2026-04-16,Referral,Services,Mobile,India,New,1.54,2.3,74.14,0,0
S101808,U11325,2026-04-16,Organic Search,Checkout,Desktop,India,New,7.55,3.2,78.85,1,100
S103566,U15887,2026-04-16,Organic Search,Checkout,Mobile,India,New,1.59,2.1,58.19,0,0
S104723,U11364,2026-04-16,Organic Search,Services,Desktop,India,New,6.46,4.9,74.94,0,0
S106319,U11802,2026-04-16,Organic Search,Services,Desktop,India,Returning,0.68,1.0,73.22,0,0
S105116,U12513,2026-04-16,Organic Search,FAQ,Mobile,UK,Returning,4.18,4.8,65.37,0,0
S105101,U11201,2026-04-16,Organic Search,About Us,Desktop,India,Returning,4.38,1.5,75.5,0,0
S100966,U12297,2026-04-16,Organic Search,About Us,Desktop,India,New,4.62,3.9,52.65,0,0
S106466,U15309,2026-04-16,Organic Search,FAQ,Desktop,Canada,New,1.9,1.4,69.15,0,0
S103578,U10977,2026-04-16,Organic Search,Blog,Tablet,India,Returning,3.97,3.0,76.02,0,0
S100652,U14172,2026-04-16,Referral,Home,Mobile,India,New,6.71,7.0,42.1,0,0
S104435,U10357,2026-04-16,Paid Search,Product Details,Mobile,India,New,4.63,4.1,57.62,0,0
S103471,U13701,2026-04-16,Direct,Home,Desktop,India,Returning,0.65,1.8,69.85,0,0
S106500,U14655,2026-04-16,Social Media,About Us,Mobile,India,New,15.67,8.9,30.96,0,0
S105699,U15068,2026-04-16,Paid Search,Checkout,Desktop,India,New,4.46,3.7,56.97,0,0
S100628,U12144,2026-04-16,Paid Search,Home,Desktop,India,New,1.42,1.7,56.47,0,0
S108383,U13800,2026-04-16,Paid Search,Home,Desktop,India,New,3.28,3.1,76.61,0,0
S106667,U14079,2026-04-16,Paid Search,Home,Desktop,India,New,1.02,1.9,66.96,0,0
S102471,U15292,2026-04-16,Organic Search,Products,Mobile,India,New,8.61,5.9,55.12,0,0
S101601,U11751,2026-04-16,Referral,Products,Desktop,USA,New,5.7,4.6,58.38,0,0
S109179,U15193,2026-04-16,Organic Search,Services,Mobile,Australia,New,4.81,2.9,62.95,0,0
S105624,U14146,2026-04-16,Paid Search,Product Details,Desktop,India,Returning,3.89,3.3,73.76,0,0
S108625,U11279,2026-04-16,Paid Search,Products,Desktop,India,New,1.44,1.0,67.5,0,0
S105649,U10637,2026-04-16,Organic Search,FAQ,Desktop,USA,Returning,8.3,5.2,40.71,0,0
S107195,U12581,2026-04-16,Direct,Home,Desktop,Canada,Returning,1.05,1.5,75.59,0,0
S100511,U15216,2026-04-16,Organic Search,About Us,Mobile,UK,New,11.44,7.9,39.38,1,100
S107886,U11717,2026-04-16,Paid Search,Pricing,Desktop,India,Returning,12.03,7.1,31.64,0,0
S102442,U15276,2026-04-16,Referral,Checkout,Mobile,USA,New,7.1,4.5,57.09,0,0
S103936,U11709,2026-04-16,Organic Search,Home,Mobile,Canada,New,1.75,1.0,78.94,0,0
S104227,U13172,2026-04-16,Referral,Pricing,Tablet,UK,Returning,0.91,1.0,75.21,0,0
S107784,U13162,2026-04-16,Referral,Home,Mobile,India,Returning,3.53,3.5,51.3,0,0
S107933,U15695,2026-04-16,Organic Search,Contact Us,Mobile,UK,New,3.83,3.6,51.21,0,0
S109841,U13772,2026-04-16,Paid Search,FAQ,Desktop,Australia,Returning,2.28,1.6,69.62,0,0
S106652,U10326,2026-04-16,Organic Search,Home,Desktop,India,Returning,1.87,1.9,71.13,0,0
S100812,U15714,2026-04-16,Direct,Checkout,Mobile,USA,New,4.54,5.6,59.85,1,100
S100128,U16279,2026-04-16,Direct,Pricing,Mobile,India,New,2.68,1.0,64.0,0,0
S105680,U15566,2026-04-16,Direct,Checkout,Desktop,India,New,9.86,7.8,20.32,0,0
S104096,U12369,2026-04-16,Referral,Checkout,Mobile,India,Returning,6.73,4.4,50.3,0,0
S101238,U16191,2026-04-16,Organic Search,Services,Mobile,India,New,8.02,5.6,67.28,0,0
S109161,U11488,2026-04-16,Referral,Pricing,Desktop,India,New,3.32,3.9,75.81,0,0
S100738,U11997,2026-04-16,Referral,Product Details,Desktop,India,Returning,4.84,1.6,83.29,0,0
S104586,U15678,2026-04-17,Referral,Blog,Desktop,India,New,6.0,4.7,78.41,1,100
S109383,U15402,2026-04-17,Referral,Blog,Mobile,India,New,4.1,4.3,55.87,0,0
S106033,U14835,2026-04-17,Direct,Home,Mobile,Canada,New,6.26,3.3,53.32,0,0
S101293,U13477,2026-04-17,Direct,Home,Mobile,USA,New,6.34,4.7,47.72,0,0
S102317,U16258,2026-04-17,Organic Search,Home,Desktop,India,New,9.43,7.4,44.9,0,0
S109438,U14821,2026-04-17,Social Media,About Us,Mobile,Canada,Returning,7.52,4.3,58.67,0,0
S106213,U13576,2026-04-17,Referral,Products,Mobile,India,New,1.78,3.5,61.06,0,0
S109895,U11314,2026-04-17,Organic Search,Pricing,Desktop,India,Returning,4.38,3.3,44.21,0,0
S108361,U13204,2026-04-17,Organic Search,Contact Us,Tablet,USA,New,10.08,5.7,49.81,0,0
S100489,U11694,2026-04-17,Organic Search,Home,Desktop,India,New,7.3,5.2,57.76,0,0
S103361,U10613,2026-04-17,Referral,Home,Desktop,USA,Returning,1.54,2.5,70.76,0,0
S107346,U14305,2026-04-17,Social Media,Blog,Mobile,India,Returning,2.96,3.4,69.42,0,0
S107467,U11584,2026-04-17,Paid Search,Products,Mobile,UK,Returning,1.63,3.0,70.08,0,0
S109066,U13281,2026-04-17,Direct,Home,Desktop,India,New,2.2,2.2,67.73,0,0
S108572,U15330,2026-04-17,Organic Search,Home,Desktop,India,New,1.97,1.5,82.4,0,0
S103260,U14625,2026-04-17,Paid Search,Pricing,Desktop,India,Returning,11.99,7.3,44.46,0,0
S107843,U12416,2026-04-17,Referral,Product Details,Desktop,India,Returning,1.72,2.9,68.96,0,0
S106767,U14142,2026-04-17,Organic Search,About Us,Mobile,India,New,1.69,3.1,62.32,0,0
S103343,U13526,2026-04-17,Organic Search,Home,Mobile,Canada,Returning,5.41,3.7,52.94,0,0
S104133,U11885,2026-04-17,Paid Search,Product Details,Mobile,India,New,7.33,5.8,56.18,1,100
S102281,U11240,2026-04-17,Organic Search,Products,Desktop,India,New,8.16,5.6,68.94,0,0
S100674,U15306,2026-04-17,Organic Search,About Us,Tablet,India,Returning,2.97,3.1,57.18,0,0
S106760,U13396,2026-04-17,Paid Search,Checkout,Desktop,India,New,3.17,1.9,83.78,1,100
S108199,U15379,2026-04-17,Organic Search,FAQ,Tablet,India,Returning,1.56,2.4,38.35,0,0
S100391,U15865,2026-04-17,Direct,FAQ,Tablet,Canada,New,0.94,3.0,72.82,0,0
S101635,U12420,2026-04-17,Organic Search,About Us,Mobile,USA,Returning,10.67,8.0,40.35,0,0
S103065,U12564,2026-04-17,Organic Search,Product Details,Mobile,Australia,Returning,5.49,4.4,55.1,0,0
S105152,U12980,2026-04-17,Direct,Contact Us,Mobile,India,New,4.48,2.2,69.05,0,0
S104759,U13923,2026-04-17,Paid Search,Services,Desktop,India,New,8.56,4.5,66.85,1,100
S100393,U12328,2026-04-17,Social Media,Services,Desktop,India,Returning,3.33,3.2,51.74,0,0
S103831,U13760,2026-04-17,Paid Search,Pricing,Tablet,India,New,14.88,9.4,10.0,1,100
S105783,U10308,2026-04-17,Referral,Pricing,Mobile,Australia,New,7.02,4.2,65.58,0,0
S103961,U13489,2026-04-17,Paid Search,Contact Us,Mobile,India,Returning,7.87,5.4,57.11,0,0
S103241,U14949,2026-04-17,Organic Search,Pricing,Mobile,India,New,1.76,2.3,87.12,0,0
S100769,U11257,2026-04-17,Referral,FAQ,Desktop,India,Returning,2.33,3.0,60.4,0,0
S104615,U10254,2026-04-17,Social Media,Products,Mobile,Australia,Returning,4.71,5.3,44.63,0,0
S107830,U14705,2026-04-17,Organic Search,Home,Desktop,India,Returning,6.34,3.7,47.47,0,0
S100013,U13445,2026-04-17,Direct,Product Details,Desktop,India,New,5.95,5.3,49.46,0,0
S109803,U10059,2026-04-17,Paid Search,Pricing,Mobile,India,Returning,8.67,6.0,40.16,0,0
S109626,U15721,2026-04-17,Direct,Pricing,Desktop,India,New,12.5,6.8,42.99,0,0
S109474,U13676,2026-04-17,Social Media,Blog,Desktop,Canada,Returning,7.79,7.3,46.26,0,0
S104235,U10776,2026-04-17,Organic Search,Products,Mobile,India,New,2.93,2.3,60.62,0,0
S105013,U10494,2026-04-17,Organic Search,Blog,Desktop,India,New,6.45,5.4,49.75,0,0
S104784,U10883,2026-04-17,Organic Search,Home,Mobile,India,New,4.04,5.1,46.41,0,0
S102954,U16382,2026-04-17,Organic Search,Home,Desktop,UK,New,6.39,5.1,50.81,0,0
S108762,U15701,2026-04-17,Referral,Blog,Desktop,India,New,4.08,3.8,62.49,0,0
S106929,U10274,2026-04-17,Direct,Blog,Tablet,India,Returning,6.64,3.8,49.14,0,0
S103857,U14638,2026-04-17,Referral,Services,Tablet,USA,Returning,1.92,2.0,81.23,0,0
S103464,U16041,2026-04-17,Organic Search,About Us,Desktop,India,Returning,7.75,4.3,45.5,0,0
S100162,U11758,2026-04-17,Direct,FAQ,Desktop,India,New,3.74,3.5,61.48,0,0
S102096,U10022,2026-04-17,Referral,Product Details,Mobile,India,New,8.97,5.8,44.02,0,0
S101640,U13562,2026-04-17,Paid Search,Products,Mobile,India,Returning,10.17,6.9,39.19,0,0
S104343,U15224,2026-04-17,Social Media,About Us,Mobile,India,New,11.18,8.3,56.58,0,0
S105683,U13137,2026-04-17,Referral,Product Details,Desktop,Canada,Returning,15.77,9.6,31.91,0,0
S109268,U10542,2026-04-17,Organic Search,Blog,Desktop,India,New,5.04,1.4,76.84,0,0
S103840,U11400,2026-04-17,Organic Search,FAQ,Mobile,India,New,1.1,1.5,73.35,0,0
S105387,U10923,2026-04-17,Organic Search,Services,Mobile,India,Returning,1.62,1.7,67.27,0,0
S102226,U12640,2026-04-17,Paid Search,Product Details,Desktop,USA,New,1.47,1.1,68.3,0,0
S101253,U12920,2026-04-17,Organic Search,Services,Tablet,UK,Returning,8.63,5.7,57.07,0,0
S105514,U14384,2026-04-17,Paid Search,FAQ,Desktop,India,New,7.25,5.7,35.02,0,0
S107611,U12810,2026-04-17,Organic Search,Products,Mobile,India,New,1.31,1.0,61.85,0,0
S105661,U11880,2026-04-18,Social Media,Contact Us,Mobile,India,New,0.78,2.3,73.39,0,0
S107872,U16409,2026-04-18,Referral,Product Details,Desktop,India,New,12.07,7.3,53.2,0,0
S108822,U13749,2026-04-18,Paid Search,Home,Desktop,USA,New,1.17,1.6,76.32,0,0
S103484,U14742,2026-04-18,Paid Search,Blog,Mobile,India,New,1.38,3.9,55.26,0,0
S101602,U15605,2026-04-18,Paid Search,Services,Desktop,India,Returning,4.39,4.0,49.63,0,0
S106819,U14518,2026-04-18,Social Media,FAQ,Tablet,India,New,3.66,4.9,63.21,0,0
S103597,U15908,2026-04-18,Direct,Home,Mobile,UK,New,4.96,4.1,60.98,0,0
S106622,U15920,2026-04-18,Paid Search,Pricing,Desktop,USA,Returning,9.62,5.7,43.17,1,100
S103724,U10332,2026-04-18,Paid Search,Blog,Mobile,India,New,0.61,2.0,71.65,0,0
S107511,U15356,2026-04-18,Social Media,Product Details,Mobile,USA,New,5.18,4.4,52.87,1,100
S107815,U13673,2026-04-18,Organic Search,About Us,Desktop,Australia,New,10.95,6.5,38.45,1,100
S109527,U13063,2026-04-18,Social Media,Blog,Desktop,USA,New,1.03,2.8,68.15,0,0
S104416,U13824,2026-04-18,Referral,Home,Desktop,Australia,Returning,5.17,4.1,54.17,0,0
S103385,U13712,2026-04-18,Direct,About Us,Mobile,India,Returning,5.3,5.4,59.23,0,0
S107864,U13086,2026-04-18,Organic Search,Blog,Desktop,India,Returning,3.35,2.3,70.44,0,0
S105469,U10992,2026-04-18,Referral,Home,Mobile,India,Returning,5.22,4.5,58.08,0,0
S103983,U14259,2026-04-18,Paid Search,Home,Desktop,USA,New,4.09,2.9,60.91,0,0
S105877,U11345,2026-04-18,Organic Search,Services,Tablet,Canada,Returning,10.66,9.5,18.65,0,0
S103467,U16287,2026-04-18,Paid Search,Blog,Tablet,Canada,New,4.35,5.0,66.09,1,100
S102964,U11369,2026-04-18,Referral,Blog,Tablet,India,New,3.11,2.7,47.44,0,0
S105215,U11789,2026-04-18,Organic Search,Services,Mobile,India,Returning,6.39,5.8,41.75,0,0
S109677,U11952,2026-04-18,Organic Search,Services,Mobile,India,Returning,4.72,2.9,63.91,0,0
S107857,U10496,2026-04-18,Direct,About Us,Tablet,Australia,New,4.98,3.1,66.3,0,0
S106485,U12177,2026-04-18,Paid Search,Blog,Mobile,USA,New,7.6,4.4,65.43,0,0
S107866,U10157,2026-04-18,Paid Search,Product Details,Mobile,UK,Returning,3.04,3.5,60.14,0,0
S102843,U11032,2026-04-18,Organic Search,Products,Desktop,Australia,New,0.71,1.0,65.52,0,0
S101117,U12040,2026-04-18,Organic Search,About Us,Tablet,Australia,New,1.94,3.1,79.68,0,0
S103274,U13216,2026-04-18,Referral,FAQ,Tablet,USA,New,3.63,5.4,51.85,0,0
S109526,U14294,2026-04-18,Referral,Product Details,Desktop,India,New,4.78,4.4,45.65,1,100
S102968,U14866,2026-04-18,Organic Search,Products,Mobile,USA,Returning,2.96,2.4,75.74,0,0
S105234,U13817,2026-04-18,Paid Search,Blog,Desktop,India,New,9.73,6.9,48.22,0,0
S100284,U16066,2026-04-18,Organic Search,Product Details,Mobile,India,New,1.86,2.3,79.73,0,0
S105785,U15247,2026-04-18,Organic Search,Services,Desktop,India,New,3.14,2.4,61.65,0,0
S107021,U11814,2026-04-18,Organic Search,Products,Mobile,USA,New,9.73,6.3,51.9,0,0
S108058,U14488,2026-04-18,Organic Search,FAQ,Mobile,India,Returning,2.29,4.2,67.62,0,0
S103459,U10855,2026-04-18,Organic Search,FAQ,Mobile,Canada,New,2.08,2.6,73.43,0,0
S101683,U10245,2026-04-18,Paid Search,Product Details,Desktop,India,New,3.1,2.7,52.95,0,0
S104878,U11519,2026-04-18,Organic Search,Product Details,Mobile,Australia,New,8.37,4.5,45.24,0,0
S105590,U12203,2026-04-18,Organic Search,Services,Desktop,UK,Returning,1.51,1.9,81.11,1,100
S105394,U12436,2026-04-18,Referral,Services,Desktop,India,New,5.56,3.5,51.97,0,0
S100293,U16490,2026-04-18,Referral,Products,Tablet,Canada,New,4.47,3.5,72.69,0,0
S105812,U14205,2026-04-18,Organic Search,Products,Tablet,Canada,New,1.61,1.0,67.15,0,0
S104064,U15410,2026-04-18,Organic Search,Services,Mobile,USA,New,1.84,1.7,70.3,0,0
S108145,U14385,2026-04-18,Organic Search,About Us,Desktop,India,New,3.78,1.9,61.51,0,0
S102196,U11647,2026-04-18,Organic Search,Services,Tablet,India,New,3.78,3.9,68.34,0,0
S108132,U14939,2026-04-18,Organic Search,Pricing,Mobile,Canada,New,3.19,1.7,62.16,0,0
S102510,U10631,2026-04-18,Organic Search,Home,Tablet,India,New,7.26,4.5,53.41,0,0
S102288,U15343,2026-04-18,Organic Search,Pricing,Desktop,USA,New,11.78,7.8,54.39,0,0
S103027,U10314,2026-04-18,Organic Search,Contact Us,Mobile,USA,New,0.3,2.2,67.72,0,0
S103884,U10365,2026-04-19,Social Media,Contact Us,Mobile,UK,New,4.56,3.7,70.0,0,0
S107874,U10155,2026-04-19,Organic Search,Blog,Desktop,India,New,1.54,3.6,74.51,0,0
S109350,U11634,2026-04-19,Organic Search,Blog,Mobile,India,New,1.28,2.9,62.62,0,0
S100768,U16191,2026-04-19,Organic Search,Pricing,Mobile,India,New,2.31,1.0,73.5,0,0
S108087,U12727,2026-04-19,Referral,Home,Desktop,India,New,2.07,2.1,71.05,0,0
S107389,U13794,2026-04-19,Paid Search,About Us,Mobile,Australia,Returning,3.52,3.8,69.12,0,0
S101116,U14786,2026-04-19,Organic Search,Products,Desktop,Canada,Returning,8.13,7.0,49.74,0,0
S103571,U13941,2026-04-19,Social Media,Home,Desktop,India,New,2.15,1.9,58.79,0,0
S103030,U12257,2026-04-19,Paid Search,Pricing,Mobile,USA,New,6.93,6.4,49.9,0,0
S109291,U15762,2026-04-19,Direct,Home,Mobile,India,Returning,2.6,2.1,69.37,0,0
S100543,U12266,2026-04-19,Referral,Home,Desktop,Australia,Returning,5.29,4.0,65.28,0,0
S109348,U10542,2026-04-19,Organic Search,FAQ,Desktop,India,New,3.61,4.6,70.56,0,0
S109804,U15722,2026-04-19,Organic Search,Checkout,Mobile,India,Returning,11.97,8.4,24.95,0,0
S101242,U14226,2026-04-19,Direct,Home,Desktop,India,New,3.86,3.9,75.87,0,0
S101388,U16017,2026-04-19,Organic Search,Product Details,Mobile,Canada,New,6.79,6.1,56.77,1,100
S105986,U13765,2026-04-19,Organic Search,Products,Mobile,USA,New,12.95,7.9,33.59,0,0
S104213,U15133,2026-04-19,Organic Search,Contact Us,Mobile,India,Returning,5.5,3.7,63.7,1,100
S101371,U13377,2026-04-19,Organic Search,Product Details,Desktop,UK,Returning,3.02,3.1,61.33,0,0
S102783,U16117,2026-04-19,Direct,Home,Desktop,India,New,5.89,4.5,62.62,0,0
S101760,U16360,2026-04-19,Direct,About Us,Desktop,Canada,Returning,5.03,3.8,49.96,0,0
S106919,U11185,2026-04-19,Organic Search,Contact Us,Desktop,India,New,7.55,5.6,48.61,1,100
S107828,U10344,2026-04-19,Referral,Products,Mobile,USA,New,4.04,2.8,51.95,0,0
S105032,U16267,2026-04-19,Paid Search,Services,Mobile,India,New,4.01,4.3,69.18,0,0
S101104,U12049,2026-04-19,Organic Search,About Us,Mobile,India,New,1.09,1.0,71.13,0,0
S101283,U15110,2026-04-19,Direct,Product Details,Desktop,India,Returning,1.29,4.3,63.95,1,100
S100176,U13061,2026-04-19,Organic Search,Services,Mobile,India,Returning,0.53,4.1,63.77,0,0
S106799,U12382,2026-04-19,Organic Search,Pricing,Desktop,India,Returning,2.3,2.7,61.68,0,0
S105138,U13090,2026-04-19,Organic Search,About Us,Mobile,India,New,6.18,4.5,57.64,0,0
S103395,U13548,2026-04-19,Paid Search,Home,Mobile,UK,New,5.55,2.9,46.71,0,0
S101264,U12189,2026-04-19,Paid Search,Contact Us,Mobile,Canada,New,1.99,1.8,85.22,0,0
S105926,U14389,2026-04-19,Direct,Services,Desktop,India,Returning,6.32,4.9,47.92,1,100
S104042,U10201,2026-04-19,Organic Search,FAQ,Desktop,India,Returning,2.7,2.2,79.9,0,0
S107341,U10735,2026-04-19,Direct,Product Details,Desktop,India,New,3.07,3.4,61.28,0,0
S103714,U13745,2026-04-19,Organic Search,Pricing,Tablet,Australia,New,7.17,5.7,63.2,1,100
S102383,U16246,2026-04-19,Referral,Pricing,Mobile,Australia,New,3.19,3.1,66.97,0,0
S104047,U12242,2026-04-19,Social Media,FAQ,Tablet,India,New,10.21,7.2,36.02,0,0
S108783,U10517,2026-04-19,Paid Search,Home,Desktop,India,New,3.13,3.1,48.67,0,0
S105384,U16112,2026-04-19,Organic Search,About Us,Mobile,India,Returning,2.93,4.7,54.11,0,0
S107593,U11080,2026-04-19,Organic Search,Products,Mobile,India,New,3.12,3.4,69.2,0,0
S105419,U15337,2026-04-19,Paid Search,Products,Mobile,India,New,1.51,1.4,84.41,0,0
S104743,U10369,2026-04-19,Organic Search,Product Details,Desktop,India,New,9.67,6.1,46.73,0,0
S106583,U14428,2026-04-19,Paid Search,About Us,Desktop,Australia,New,2.13,1.6,68.47,0,0
S102080,U13912,2026-04-19,Paid Search,Products,Mobile,UK,New,0.66,2.3,61.87,0,0
S109836,U11039,2026-04-19,Referral,Products,Tablet,India,Returning,11.33,8.2,31.15,1,100
S109744,U16376,2026-04-19,Organic Search,Blog,Mobile,India,Returning,4.71,3.4,57.68,0,0
S100159,U15117,2026-04-19,Organic Search,Blog,Mobile,India,New,4.51,3.6,55.53,0,0
S107056,U12706,2026-04-19,Organic Search,Product Details,Mobile,India,Returning,5.75,5.2,46.22,0,0
S102945,U12545,2026-04-19,Paid Search,Contact Us,Tablet,India,New,3.1,3.1,70.42,0,0
S107320,U13340,2026-04-19,Organic Search,Checkout,Desktop,UK,New,6.49,5.2,38.27,0,0
S107430,U11645,2026-04-19,Organic Search,Product Details,Mobile,India,New,4.87,4.0,63.76,0,0
S102050,U12849,2026-04-19,Organic Search,Home,Tablet,India,New,1.2,1.0,66.48,0,0
S103646,U11326,2026-04-19,Paid Search,Products,Desktop,India,Returning,3.92,3.6,56.38,0,0
S104136,U13798,2026-04-19,Organic Search,Contact Us,Mobile,UK,New,2.54,3.5,70.96,0,0
S102930,U12838,2026-04-20,Paid Search,Home,Mobile,India,New,5.02,3.5,71.14,0,0
S100753,U16317,2026-04-20,Organic Search,Services,Desktop,India,New,7.85,5.1,52.69,0,0
S107483,U13700,2026-04-20,Paid Search,Products,Mobile,UK,New,7.59,3.7,61.42,0,0
S101384,U13294,2026-04-20,Organic Search,Services,Mobile,USA,Returning,4.45,4.2,54.51,0,0
S109220,U11682,2026-04-20,Organic Search,Products,Mobile,India,New,10.58,8.1,40.23,0,0
S104449,U13643,2026-04-20,Referral,Home,Desktop,India,Returning,12.05,9.3,21.16,0,0
S106120,U14592,2026-04-20,Paid Search,Product Details,Tablet,Australia,Returning,6.14,4.8,44.47,0,0
S100071,U13153,2026-04-20,Referral,FAQ,Tablet,Australia,Returning,9.74,5.8,44.86,0,0
S104625,U12728,2026-04-20,Organic Search,FAQ,Desktop,India,New,2.28,1.7,64.73,0,0
S104193,U11317,2026-04-20,Organic Search,FAQ,Desktop,India,New,4.35,3.4,64.31,0,0
S108109,U10070,2026-04-20,Organic Search,Product Details,Mobile,Canada,New,8.1,6.0,47.63,1,100
S104622,U11381,2026-04-20,Referral,Services,Desktop,India,New,3.47,4.9,50.1,0,0
S105471,U16351,2026-04-20,Organic Search,Pricing,Desktop,India,New,4.05,5.2,65.84,0,0
S102758,U12045,2026-04-20,Social Media,Pricing,Desktop,India,Returning,3.94,1.5,63.47,0,0
S101107,U14416,2026-04-20,Social Media,Services,Mobile,India,New,4.07,2.9,68.32,0,0
S109426,U11676,2026-04-20,Referral,Product Details,Mobile,UK,Returning,7.18,6.5,42.25,0,0
S104536,U10154,2026-04-20,Organic Search,Checkout,Desktop,Canada,New,3.47,2.6,65.82,0,0
S100843,U14614,2026-04-20,Paid Search,Product Details,Tablet,USA,Returning,9.72,6.7,46.97,0,0
S104254,U12102,2026-04-20,Referral,Contact Us,Tablet,India,Returning,3.77,3.9,50.01,0,0
S101429,U10823,2026-04-20,Paid Search,Blog,Desktop,India,New,12.55,8.3,39.8,0,0
S104951,U12427,2026-04-20,Organic Search,Contact Us,Desktop,India,Returning,6.95,6.3,34.75,0,0
S109145,U11601,2026-04-20,Referral,Contact Us,Mobile,Canada,New,3.97,3.7,70.21,0,0
S106696,U11645,2026-04-20,Paid Search,About Us,Mobile,India,New,7.34,6.4,49.44,0,0
S109338,U15678,2026-04-20,Paid Search,Services,Mobile,India,New,2.93,3.3,58.27,1,100
S104752,U11294,2026-04-20,Referral,Pricing,Mobile,India,Returning,8.98,5.8,48.45,0,0
S106985,U14874,2026-04-20,Referral,Home,Mobile,USA,New,4.93,2.5,67.99,0,0
S105367,U13250,2026-04-20,Organic Search,Products,Mobile,UK,New,2.41,2.6,58.56,0,0
S109628,U16400,2026-04-20,Paid Search,Home,Mobile,UK,Returning,3.64,4.5,51.5,0,0
S102692,U12530,2026-04-20,Referral,Checkout,Desktop,India,New,14.5,10.6,18.2,0,0
S108591,U11750,2026-04-20,Organic Search,About Us,Desktop,India,New,3.36,4.1,60.32,0,0
S101855,U12013,2026-04-20,Paid Search,Pricing,Desktop,UK,New,5.92,3.9,58.82,0,0
S102016,U14434,2026-04-20,Organic Search,FAQ,Tablet,India,New,14.09,7.5,43.82,1,100
S106673,U12576,2026-04-20,Referral,FAQ,Desktop,Canada,Returning,8.66,7.1,46.21,0,0
S100940,U11720,2026-04-20,Direct,Products,Mobile,UK,Returning,2.44,1.6,65.1,0,0
S104392,U16159,2026-04-20,Paid Search,Contact Us,Mobile,India,Returning,5.72,5.8,68.2,1,100
S103601,U14228,2026-04-20,Social Media,Services,Mobile,USA,New,4.36,1.9,72.17,0,0
S101500,U10041,2026-04-20,Social Media,Home,Desktop,India,New,3.33,2.4,58.99,0,0
S100418,U13864,2026-04-20,Direct,Home,Tablet,India,Returning,6.23,2.3,61.48,0,0
S100638,U14969,2026-04-20,Organic Search,Services,Tablet,India,New,4.52,4.4,57.04,1,100
S106886,U10693,2026-04-20,Paid Search,Contact Us,Mobile,USA,New,2.29,3.6,68.37,1,100
S102622,U12832,2026-04-20,Social Media,Pricing,Desktop,USA,New,9.51,4.9,57.43,1,100
S106342,U11013,2026-04-20,Paid Search,Checkout,Mobile,India,Returning,1.33,1.4,54.91,0,0
S108089,U16360,2026-04-20,Organic Search,Pricing,Tablet,India,New,11.45,7.9,35.89,0,0
S108551,U12811,2026-04-20,Referral,Services,Mobile,India,Returning,0.59,1.7,63.06,0,0
S107143,U14515,2026-04-20,Social Media,Product Details,Mobile,USA,New,10.89,6.7,43.8,0,0
S106329,U15696,2026-04-20,Paid Search,Checkout,Desktop,India,New,8.49,6.2,50.97,0,0
S100328,U10099,2026-04-20,Referral,Contact Us,Mobile,India,New,6.88,5.8,40.23,0,0
S102302,U11365,2026-04-20,Social Media,FAQ,Desktop,Australia,Returning,1.72,2.1,71.57,0,0
S109128,U12546,2026-04-20,Direct,Product Details,Desktop,Australia,New,13.93,8.7,23.2,0,0
S109131,U15148,2026-04-20,Organic Search,Contact Us,Desktop,India,New,12.37,8.5,41.05,0,0
S109973,U11725,2026-04-20,Organic Search,Services,Desktop,India,New,1.86,1.2,67.35,0,0
S103913,U13171,2026-04-20,Organic Search,Checkout,Tablet,India,Returning,3.01,2.7,75.17,0,0
S109228,U16479,2026-04-21,Organic Search,Products,Mobile,India,Returning,0.98,1.0,75.73,0,0
S101436,U13157,2026-04-21,Social Media,Checkout,Mobile,India,New,10.94,7.9,39.95,0,0
S107609,U10499,2026-04-21,Direct,Blog,Mobile,UK,New,9.92,5.7,59.88,0,0
S104602,U16109,2026-04-21,Direct,FAQ,Desktop,India,Returning,2.44,1.0,68.6,0,0
S106271,U11217,2026-04-21,Referral,Product Details,Mobile,Canada,New,3.15,3.1,61.96,1,100
S107079,U15912,2026-04-21,Referral,Home,Desktop,India,New,2.89,3.0,64.12,0,0
S108813,U11190,2026-04-21,Organic Search,Pricing,Tablet,Canada,Returning,3.64,2.5,77.06,0,0
S104023,U12312,2026-04-21,Paid Search,FAQ,Mobile,India,Returning,18.28,9.3,16.87,1,100
S102515,U10988,2026-04-21,Referral,Services,Desktop,India,New,12.87,8.3,34.49,0,0
S103508,U14758,2026-04-21,Organic Search,Product Details,Desktop,India,New,4.88,4.0,66.88,0,0
S103591,U14755,2026-04-21,Organic Search,Home,Mobile,India,New,8.47,5.7,39.8,0,0
S107884,U16482,2026-04-21,Paid Search,Home,Desktop,USA,New,1.94,4.0,71.3,0,0
S102263,U11317,2026-04-21,Referral,Products,Mobile,UK,New,4.77,2.5,79.58,0,0
S109678,U11974,2026-04-21,Direct,Services,Mobile,USA,New,4.41,3.6,57.8,0,0
S102674,U14362,2026-04-21,Organic Search,Blog,Mobile,India,Returning,0.66,2.1,64.29,0,0
S105811,U15851,2026-04-21,Organic Search,Product Details,Desktop,Canada,New,6.97,3.2,57.86,0,0
S105228,U11622,2026-04-21,Social Media,FAQ,Desktop,India,New,2.93,4.6,65.7,0,0
S109963,U12415,2026-04-21,Social Media,Products,Mobile,Australia,New,2.8,3.9,62.47,0,0
S108247,U12625,2026-04-21,Paid Search,About Us,Mobile,Australia,New,5.93,4.2,50.18,0,0
S106058,U10585,2026-04-21,Paid Search,About Us,Mobile,India,New,7.72,5.0,58.15,0,0
S104262,U13174,2026-04-21,Referral,Home,Desktop,India,New,3.55,4.4,62.31,0,0
S104378,U10159,2026-04-21,Organic Search,Services,Mobile,India,New,0.48,1.0,73.91,0,0
S103367,U12697,2026-04-21,Direct,Product Details,Desktop,India,Returning,1.94,1.0,61.41,0,0
S108404,U13156,2026-04-21,Paid Search,Home,Tablet,India,New,3.35,5.0,71.07,0,0
S103355,U13201,2026-04-21,Social Media,Services,Desktop,UK,New,10.23,7.4,33.93,0,0
S106923,U10271,2026-04-21,Paid Search,Product Details,Desktop,India,New,7.09,6.5,45.14,0,0
S100017,U11686,2026-04-21,Social Media,Blog,Mobile,India,New,4.5,4.7,61.34,0,0
S107265,U15754,2026-04-21,Organic Search,Services,Desktop,UK,New,4.77,4.6,60.64,0,0
S101919,U14666,2026-04-21,Paid Search,Products,Mobile,India,New,7.12,6.1,46.0,0,0
S102319,U13720,2026-04-21,Referral,Pricing,Mobile,India,New,2.15,3.7,65.84,0,0
S101162,U16414,2026-04-21,Direct,Blog,Desktop,India,New,0.89,1.0,63.94,0,0
S107966,U11300,2026-04-21,Social Media,Products,Mobile,Australia,New,4.88,3.7,52.62,0,0
S107014,U11017,2026-04-21,Paid Search,Home,Desktop,India,Returning,6.1,6.0,45.25,0,0
S109837,U15331,2026-04-21,Organic Search,FAQ,Mobile,India,Returning,5.04,4.1,52.36,0,0
S105262,U12340,2026-04-21,Social Media,Blog,Tablet,India,Returning,4.44,2.3,72.89,0,0
S106006,U10628,2026-04-21,Paid Search,About Us,Desktop,India,New,1.59,3.2,60.52,0,0
S105813,U13758,2026-04-21,Direct,About Us,Mobile,India,Returning,7.53,5.0,58.97,0,0
S107546,U11506,2026-04-21,Paid Search,FAQ,Desktop,India,New,1.75,1.0,71.56,0,0
S104430,U12744,2026-04-21,Organic Search,Home,Desktop,India,Returning,0.95,2.9,58.42,0,0
S100851,U12725,2026-04-21,Direct,FAQ,Tablet,India,New,1.77,2.1,67.84,0,0
S108887,U14125,2026-04-21,Organic Search,Contact Us,Desktop,India,New,4.26,2.3,62.06,0,0
S109553,U15189,2026-04-21,Organic Search,Products,Mobile,India,New,5.57,3.5,50.05,1,100
S102379,U10736,2026-04-21,Direct,Contact Us,Mobile,Canada,New,13.35,8.4,40.14,1,100
S105328,U11926,2026-04-21,Organic Search,Blog,Mobile,India,New,12.54,8.1,38.46,1,100
S107666,U16081,2026-04-21,Paid Search,FAQ,Mobile,India,New,3.61,1.6,73.14,0,0
S101060,U12398,2026-04-21,Paid Search,Product Details,Tablet,India,New,6.65,6.0,60.53,0,0
S104441,U10886,2026-04-21,Organic Search,FAQ,Mobile,India,Returning,2.39,3.1,66.67,0,0
S101072,U15343,2026-04-21,Direct,Checkout,Mobile,India,Returning,3.79,3.5,55.3,0,0
S108915,U14306,2026-04-21,Paid Search,Pricing,Desktop,India,New,12.15,7.0,37.89,0,0
S103071,U12948,2026-04-21,Paid Search,Product Details,Desktop,UK,New,2.66,1.0,76.22,0,0
S102409,U10043,2026-04-21,Organic Search,Product Details,Desktop,Australia,New,3.68,4.0,76.04,0,0
S104300,U13463,2026-04-21,Social Media,Blog,Desktop,India,New,1.64,1.7,63.93,0,0
S100694,U12682,2026-04-21,Direct,Checkout,Desktop,India,New,1.67,1.8,70.18,0,0
S100022,U15312,2026-04-21,Referral,Pricing,Desktop,India,Returning,11.13,7.3,50.86,0,0
S101335,U13573,2026-04-21,Organic Search,Products,Desktop,Canada,New,2.98,1.5,74.17,0,0
S103621,U13737,2026-04-21,Organic Search,Contact Us,Desktop,India,Returning,4.07,2.5,71.86,0,0
S106309,U13566,2026-04-22,Organic Search,FAQ,Tablet,India,Returning,14.12,8.6,36.89,1,100
S106282,U10599,2026-04-22,Referral,Services,Desktop,India,New,3.87,3.1,53.35,0,0
S105625,U12776,2026-04-22,Organic Search,Checkout,Mobile,USA,New,6.63,5.0,37.4,0,0
S104527,U14957,2026-04-22,Referral,FAQ,Desktop,India,New,12.1,7.9,45.84,0,0
S105892,U13479,2026-04-22,Direct,Blog,Desktop,India,New,5.93,5.0,50.81,0,0
S102074,U13145,2026-04-22,Organic Search,Blog,Desktop,India,Returning,1.05,1.0,73.81,0,0
S108505,U10552,2026-04-22,Referral,Contact Us,Desktop,India,New,3.81,4.1,57.24,0,0
S104535,U15889,2026-04-22,Paid Search,Home,Desktop,Australia,New,3.03,1.1,74.82,0,0
S109741,U12666,2026-04-22,Organic Search,FAQ,Desktop,India,New,9.13,7.4,42.75,0,0
S105897,U14710,2026-04-22,Paid Search,Products,Tablet,India,New,7.71,6.2,53.18,0,0
S103476,U14647,2026-04-22,Organic Search,Pricing,Mobile,India,New,2.52,5.1,67.1,0,0
S105605,U10885,2026-04-22,Organic Search,Services,Tablet,India,New,2.44,4.3,62.66,0,0
S103037,U11779,2026-04-22,Organic Search,Products,Desktop,India,New,5.09,3.3,53.03,0,0
S106994,U13219,2026-04-22,Organic Search,Blog,Tablet,USA,New,7.04,6.9,57.77,0,0
S104748,U12536,2026-04-22,Direct,Contact Us,Mobile,Australia,Returning,6.98,4.3,40.86,0,0
S109955,U13184,2026-04-22,Organic Search,Services,Mobile,India,New,6.68,2.5,53.24,0,0
S101930,U10887,2026-04-22,Paid Search,Products,Mobile,India,New,1.62,1.3,66.17,0,0
S107535,U13557,2026-04-22,Organic Search,Products,Desktop,India,New,5.74,5.5,49.68,0,0
S104074,U14258,2026-04-22,Paid Search,Services,Mobile,USA,Returning,2.12,3.5,69.8,0,0
S109603,U13678,2026-04-22,Organic Search,Services,Mobile,Australia,New,6.47,3.0,66.88,0,0
S105840,U15291,2026-04-22,Organic Search,Services,Tablet,Australia,New,1.62,2.7,51.94,0,0
S100188,U15593,2026-04-22,Paid Search,Contact Us,Mobile,USA,New,1.4,2.2,73.46,1,100
S108580,U14737,2026-04-22,Organic Search,Products,Mobile,India,Returning,10.99,6.8,44.48,1,100
S104380,U13314,2026-04-22,Organic Search,FAQ,Desktop,USA,New,4.05,2.0,71.32,0,0
S109648,U14242,2026-04-22,Organic Search,Services,Mobile,India,Returning,3.15,3.0,67.92,0,0
S102090,U10459,2026-04-22,Direct,Services,Mobile,UK,Returning,5.36,4.2,58.38,0,0
S107224,U11379,2026-04-22,Organic Search,Products,Tablet,India,Returning,3.1,2.3,85.49,0,0
S107767,U12729,2026-04-22,Organic Search,Services,Desktop,India,New,2.47,2.9,75.54,0,0
S109538,U11780,2026-04-22,Referral,Home,Desktop,India,New,1.56,2.2,72.95,1,100
S109465,U10329,2026-04-22,Organic Search,Checkout,Mobile,India,Returning,3.52,2.8,60.82,0,0
S102278,U10276,2026-04-22,Organic Search,About Us,Mobile,India,New,12.63,7.7,40.03,0,0
S101554,U10751,2026-04-22,Organic Search,Services,Mobile,India,Returning,6.1,4.2,52.94,0,0
S109810,U10123,2026-04-22,Organic Search,Products,Mobile,India,Returning,1.5,3.0,77.59,0,0
S108082,U10854,2026-04-22,Organic Search,Product Details,Desktop,India,New,4.02,4.2,53.29,0,0
S103589,U10527,2026-04-22,Organic Search,Pricing,Mobile,India,New,4.07,4.8,60.78,0,0
S101566,U15761,2026-04-22,Referral,Pricing,Mobile,Canada,New,6.95,5.3,58.54,0,0
S102304,U11015,2026-04-22,Referral,Product Details,Tablet,UK,New,5.41,3.8,49.91,0,0
S102323,U10987,2026-04-22,Organic Search,FAQ,Mobile,India,New,3.87,4.5,67.92,0,0
S104190,U14629,2026-04-22,Social Media,Home,Desktop,India,Returning,2.88,1.2,61.87,0,0
S104207,U10227,2026-04-22,Paid Search,Pricing,Desktop,India,Returning,1.95,2.7,70.38,0,0
S107921,U15456,2026-04-22,Referral,Pricing,Mobile,India,New,8.16,5.8,52.69,0,0
S101745,U11797,2026-04-22,Organic Search,FAQ,Mobile,India,New,8.23,7.5,26.2,0,0
S109019,U14312,2026-04-22,Referral,Services,Desktop,India,Returning,3.22,2.2,67.76,0,0
S102961,U10598,2026-04-22,Social Media,Product Details,Mobile,India,Returning,2.69,2.5,76.62,0,0
S106102,U14501,2026-04-22,Referral,Product Details,Mobile,Canada,Returning,4.19,3.5,50.39,0,0
S109831,U15532,2026-04-22,Direct,Checkout,Desktop,India,Returning,0.74,1.0,73.44,1,100
S108889,U16241,2026-04-22,Social Media,Pricing,Desktop,India,Returning,2.87,3.1,58.43,1,100
S100889,U13982,2026-04-22,Paid Search,Product Details,Mobile,UK,New,3.17,5.0,46.54,0,0
S102774,U16008,2026-04-22,Social Media,Services,Mobile,UK,New,5.34,2.2,64.05,0,0
S100153,U15135,2026-04-22,Social Media,FAQ,Mobile,India,New,7.39,4.8,46.33,0,0
S106398,U14014,2026-04-22,Organic Search,About Us,Mobile,India,Returning,5.09,3.5,66.71,0,0
S103927,U11910,2026-04-22,Paid Search,Services,Desktop,India,New,4.54,4.8,45.57,0,0
S102321,U13953,2026-04-22,Paid Search,Home,Mobile,India,Returning,2.29,2.9,71.14,0,0
S104054,U12015,2026-04-22,Referral,FAQ,Mobile,India,New,2.95,2.8,76.58,0,0
S100982,U15987,2026-04-22,Organic Search,Home,Mobile,UK,Returning,6.92,5.2,62.97,0,0
S102633,U10341,2026-04-22,Organic Search,Services,Mobile,India,New,1.84,3.0,52.32,0,0
S107453,U14939,2026-04-22,Organic Search,Blog,Mobile,India,New,5.07,3.4,63.15,0,0
S100852,U14810,2026-04-22,Paid Search,Products,Mobile,UK,New,6.36,5.0,56.57,0,0
S103628,U15587,2026-04-22,Direct,Services,Mobile,India,New,1.47,2.0,62.69,0,0
S101817,U15986,2026-04-22,Social Media,Blog,Desktop,India,New,12.58,8.5,44.47,0,0
S107136,U12640,2026-04-22,Direct,Services,Desktop,India,Returning,2.61,2.6,81.9,0,0
S107965,U16274,2026-04-22,Direct,Checkout,Mobile,India,New,11.45,8.0,30.89,1,100
S100992,U14124,2026-04-22,Paid Search,Products,Tablet,India,New,7.4,4.8,48.68,0,0
S102114,U14781,2026-04-22,Organic Search,Pricing,Mobile,India,New,3.79,2.0,75.66,0,0
S107917,U14956,2026-04-22,Organic Search,Contact Us,Tablet,India,New,0.99,4.3,66.47,0,0
S104407,U15086,2026-04-22,Social Media,Checkout,Mobile,Australia,Returning,5.27,2.3,53.85,0,0
S109441,U11525,2026-04-22,Organic Search,About Us,Mobile,India,New,1.0,2.9,54.94,0,0
S106557,U14156,2026-04-23,Organic Search,FAQ,Mobile,USA,New,1.46,2.7,72.63,0,0
S109886,U13054,2026-04-23,Paid Search,FAQ,Desktop,Canada,New,10.68,7.6,44.8,0,0
S106474,U11908,2026-04-23,Organic Search,Home,Mobile,India,New,2.37,2.8,67.82,0,0
S104779,U10452,2026-04-23,Paid Search,Product Details,Desktop,Canada,New,3.04,2.1,63.88,0,0
S104840,U14457,2026-04-23,Direct,Product Details,Desktop,Canada,Returning,1.62,2.4,68.8,0,0
S108484,U13444,2026-04-23,Organic Search,Products,Mobile,Canada,Returning,3.29,1.8,71.01,0,0
S109759,U11818,2026-04-23,Paid Search,Home,Desktop,India,New,11.56,6.8,51.82,0,0
S105012,U10691,2026-04-23,Paid Search,Checkout,Mobile,India,New,2.05,2.8,75.56,0,0
S108268,U14164,2026-04-23,Organic Search,Blog,Desktop,India,New,8.32,3.4,47.36,0,0
S100398,U13171,2026-04-23,Referral,Pricing,Desktop,USA,New,4.88,4.4,66.88,1,100
S100195,U12676,2026-04-23,Paid Search,Services,Desktop,India,New,9.81,6.6,50.49,0,0
S100771,U15646,2026-04-23,Referral,About Us,Mobile,UK,Returning,3.24,1.6,68.65,0,0
S108400,U13935,2026-04-23,Paid Search,Product Details,Tablet,Canada,New,7.21,5.0,54.43,0,0
S108978,U13271,2026-04-23,Organic Search,Services,Mobile,USA,New,2.14,2.4,68.19,0,0
S107597,U12742,2026-04-23,Direct,Home,Mobile,Canada,New,1.38,1.6,70.41,0,0
S107491,U16415,2026-04-23,Referral,Home,Mobile,USA,New,4.23,3.7,61.27,0,0
S107371,U12264,2026-04-23,Paid Search,About Us,Mobile,USA,New,1.88,2.3,57.46,0,0
S106314,U11049,2026-04-23,Referral,Home,Desktop,UK,New,1.66,2.9,66.36,0,0
S107528,U13640,2026-04-23,Paid Search,Services,Mobile,Canada,New,3.49,1.4,72.84,0,0
S109565,U10031,2026-04-23,Direct,Checkout,Desktop,India,New,7.89,4.9,52.33,1,100
S107117,U16220,2026-04-23,Direct,Contact Us,Desktop,UK,Returning,1.77,2.4,66.29,0,0
S107058,U11343,2026-04-23,Direct,Pricing,Mobile,India,Returning,2.91,1.9,79.27,0,0
S109369,U14325,2026-04-23,Paid Search,Services,Desktop,Australia,Returning,3.4,1.8,59.19,0,0
S101064,U11161,2026-04-23,Direct,Home,Desktop,India,Returning,6.62,5.1,51.35,0,0
S103836,U11055,2026-04-23,Direct,Home,Mobile,UK,Returning,2.65,4.1,61.06,0,0
S104108,U15576,2026-04-23,Direct,Home,Desktop,Canada,Returning,7.62,6.1,62.35,0,0
S100459,U13737,2026-04-23,Paid Search,FAQ,Mobile,India,Returning,6.81,5.2,46.72,0,0
S101776,U12683,2026-04-23,Organic Search,FAQ,Tablet,India,Returning,3.7,2.0,63.93,0,0
S106111,U13759,2026-04-23,Direct,Contact Us,Desktop,India,New,5.37,3.5,55.06,0,0
S104471,U13672,2026-04-23,Paid Search,Blog,Tablet,India,New,11.26,7.4,40.68,0,0
S101395,U16306,2026-04-23,Organic Search,Product Details,Desktop,India,Returning,2.89,2.7,82.82,0,0
S107748,U10704,2026-04-23,Paid Search,Products,Mobile,India,New,2.93,3.0,56.53,0,0
S100281,U12920,2026-04-23,Paid Search,Home,Mobile,India,Returning,4.55,4.2,57.84,0,0
S107209,U14154,2026-04-23,Direct,Product Details,Mobile,India,New,2.05,1.9,73.68,0,0
S104487,U12218,2026-04-23,Paid Search,Blog,Mobile,Australia,New,6.07,4.4,49.01,0,0
S105658,U16080,2026-04-23,Direct,Home,Desktop,India,New,11.91,6.4,35.06,0,0
S102669,U15525,2026-04-23,Social Media,Blog,Desktop,USA,Returning,3.6,3.9,70.85,0,0
S108714,U12584,2026-04-23,Organic Search,About Us,Desktop,Canada,New,1.59,2.5,53.68,0,0
S106854,U14051,2026-04-23,Organic Search,Product Details,Desktop,India,New,3.32,4.1,68.1,0,0
S101182,U15985,2026-04-23,Paid Search,Checkout,Desktop,India,New,7.79,5.7,51.05,0,0
S106032,U14060,2026-04-23,Paid Search,Home,Desktop,India,New,6.22,3.5,64.58,0,0
S103713,U10990,2026-04-23,Organic Search,Checkout,Desktop,India,Returning,5.19,3.1,64.02,0,0
S101726,U11869,2026-04-23,Direct,Checkout,Mobile,India,New,7.89,5.8,49.86,0,0
S100271,U10147,2026-04-23,Paid Search,Home,Mobile,UK,Returning,4.4,3.4,50.92,0,0
S106043,U13784,2026-04-23,Organic Search,Products,Mobile,India,Returning,3.4,1.4,68.68,0,0
S100090,U13343,2026-04-23,Referral,Blog,Mobile,India,New,2.72,1.7,60.46,0,0
S106955,U14240,2026-04-23,Paid Search,Products,Desktop,Australia,New,6.66,4.1,56.11,0,0
S100473,U12661,2026-04-23,Referral,Services,Mobile,Australia,New,5.93,5.5,56.2,0,0
S106053,U14539,2026-04-23,Referral,About Us,Mobile,India,New,11.25,7.9,28.48,0,0
S109381,U11909,2026-04-23,Organic Search,Home,Mobile,Australia,New,5.87,2.9,59.31,0,0
S100076,U11022,2026-04-23,Organic Search,Products,Mobile,India,New,2.07,2.3,64.43,0,0
S105221,U16169,2026-04-23,Paid Search,Contact Us,Mobile,India,New,2.31,3.0,71.01,0,0
S101668,U12462,2026-04-23,Paid Search,Checkout,Desktop,India,New,1.82,1.7,64.18,0,0
S102698,U14224,2026-04-23,Organic Search,Home,Mobile,USA,Returning,7.32,6.1,53.22,0,0
S104067,U12131,2026-04-23,Paid Search,Product Details,Mobile,India,Returning,3.86,2.4,76.61,0,0
S109183,U14272,2026-04-23,Organic Search,Blog,Desktop,India,New,4.72,5.4,65.03,0,0
S109083,U12559,2026-04-23,Social Media,Pricing,Mobile,Australia,Returning,3.76,1.6,75.04,0,0
S101571,U16186,2026-04-23,Organic Search,FAQ,Mobile,India,New,1.3,4.3,62.31,0,0
S104495,U12838,2026-04-23,Organic Search,Contact Us,Tablet,India,New,9.12,7.1,48.42,0,0
S107170,U15975,2026-04-23,Direct,Services,Mobile,Australia,New,10.06,7.8,31.83,1,100
S100972,U16494,2026-04-23,Direct,Home,Mobile,India,New,8.88,5.4,48.03,0,0
S109050,U10314,2026-04-23,Direct,Products,Tablet,Australia,New,2.75,3.1,77.19,0,0
S108137,U10232,2026-04-23,Paid Search,Home,Desktop,USA,New,4.99,1.1,69.1,0,0
S104192,U15772,2026-04-23,Organic Search,Checkout,Mobile,India,Returning,2.45,4.2,55.99,0,0
S103893,U14858,2026-04-23,Social Media,About Us,Desktop,Australia,New,3.39,1.5,63.45,0,0
S107201,U13732,2026-04-23,Organic Search,FAQ,Desktop,UK,New,4.42,4.8,65.34,0,0
S106785,U12571,2026-04-23,Organic Search,Products,Desktop,UK,Returning,3.32,3.7,67.18,0,0
S100324,U10254,2026-04-23,Social Media,Home,Desktop,India,New,6.47,4.9,58.98,0,0
S105218,U12464,2026-04-24,Paid Search,FAQ,Mobile,India,New,4.54,3.2,68.76,0,0
S101754,U11597,2026-04-24,Direct,Home,Mobile,India,New,13.23,8.4,27.25,0,0
S102581,U14212,2026-04-24,Social Media,Checkout,Desktop,India,New,5.21,3.9,59.41,0,0
S105646,U10650,2026-04-24,Organic Search,Blog,Mobile,UK,New,3.75,3.1,66.29,0,0
S108138,U11918,2026-04-24,Organic Search,Product Details,Desktop,India,Returning,9.66,5.9,60.89,0,0
S106377,U10520,2026-04-24,Organic Search,Checkout,Desktop,India,New,11.86,6.7,40.99,1,100
S105947,U16139,2026-04-24,Paid Search,Product Details,Desktop,India,New,3.5,1.9,85.3,0,0
S108795,U14935,2026-04-24,Referral,Blog,Desktop,India,New,5.45,4.8,60.68,0,0
S107671,U10122,2026-04-24,Direct,FAQ,Mobile,India,New,4.33,3.3,55.75,0,0
S100826,U12194,2026-04-24,Direct,Services,Desktop,India,New,1.37,1.1,62.87,0,0
S102294,U15758,2026-04-24,Paid Search,Product Details,Tablet,India,Returning,4.12,3.8,83.38,0,0
S101449,U11410,2026-04-24,Organic Search,Products,Desktop,India,New,1.59,2.1,67.17,0,0
S101416,U13055,2026-04-24,Referral,Pricing,Desktop,India,New,4.22,3.0,49.16,0,0
S102303,U10129,2026-04-24,Paid Search,Services,Desktop,India,New,2.95,2.5,56.54,0,0
S105293,U12667,2026-04-24,Referral,Products,Desktop,India,New,2.72,1.8,80.75,0,0
S104714,U13665,2026-04-24,Referral,Product Details,Mobile,India,Returning,2.04,1.7,67.15,0,0
S105289,U15627,2026-04-24,Paid Search,Product Details,Desktop,India,New,8.83,5.5,42.81,0,0
S106649,U16395,2026-04-24,Paid Search,Product Details,Mobile,India,New,6.0,2.4,65.03,0,0
S104194,U12858,2026-04-24,Direct,Pricing,Desktop,UK,Returning,1.96,1.8,66.89,0,0
S103704,U13742,2026-04-24,Organic Search,Blog,Mobile,Australia,New,6.23,2.8,56.65,0,0
S100198,U11283,2026-04-24,Direct,Products,Desktop,Canada,New,3.36,3.6,62.45,0,0
S106904,U12655,2026-04-24,Direct,Services,Mobile,Canada,New,2.32,1.2,72.89,0,0
S105063,U15104,2026-04-24,Direct,Products,Mobile,Australia,New,4.13,3.1,59.31,0,0
S104098,U10437,2026-04-24,Organic Search,Services,Desktop,USA,New,4.12,2.3,68.05,0,0
S104005,U14779,2026-04-24,Organic Search,Checkout,Desktop,India,New,4.62,3.4,61.35,0,0
S101353,U13702,2026-04-24,Referral,Services,Desktop,India,Returning,1.81,2.6,64.68,0,0
S108678,U13558,2026-04-24,Referral,Home,Mobile,India,New,7.27,4.9,64.75,0,0
S105340,U13557,2026-04-24,Paid Search,Services,Desktop,India,New,2.74,2.9,70.88,0,0
S102377,U11441,2026-04-24,Organic Search,Services,Desktop,India,Returning,1.74,3.0,61.36,0,0
S107634,U15551,2026-04-24,Organic Search,Product Details,Desktop,India,New,3.05,1.8,67.85,0,0
S104244,U11462,2026-04-24,Organic Search,Pricing,Desktop,USA,Returning,12.3,8.4,27.18,0,0
S109746,U12816,2026-04-24,Organic Search,Products,Desktop,India,New,4.39,1.6,79.0,1,100
S102245,U16117,2026-04-24,Social Media,Home,Mobile,USA,New,9.38,7.2,36.3,1,100
S106347,U15484,2026-04-24,Paid Search,Pricing,Mobile,India,New,10.45,7.5,53.94,1,100
S106676,U11987,2026-04-24,Direct,Blog,Desktop,India,Returning,1.64,2.0,82.69,0,0
S108411,U14429,2026-04-24,Organic Search,FAQ,Mobile,India,Returning,3.1,4.1,51.54,0,0
S107144,U14540,2026-04-24,Organic Search,Home,Desktop,India,New,5.1,3.1,64.25,0,0
S102521,U10441,2026-04-24,Referral,Services,Mobile,UK,New,6.15,4.1,60.17,0,0
S106975,U11354,2026-04-24,Direct,Services,Desktop,India,New,2.14,1.5,66.62,0,0
S102870,U15381,2026-04-24,Paid Search,Pricing,Desktop,UK,Returning,4.63,3.8,60.12,1,100
S100143,U15057,2026-04-24,Direct,Home,Mobile,India,New,4.8,3.2,42.65,0,0
S102951,U12709,2026-04-24,Direct,Product Details,Tablet,India,New,2.47,2.6,63.43,0,0
S102806,U15865,2026-04-24,Organic Search,Services,Desktop,USA,New,5.77,5.0,65.98,0,0
S102289,U13250,2026-04-24,Social Media,Blog,Desktop,India,Returning,10.46,7.7,47.18,0,0
S108216,U14378,2026-04-24,Organic Search,FAQ,Tablet,India,New,3.5,3.3,63.79,0,0
S104317,U13719,2026-04-24,Organic Search,Product Details,Desktop,USA,New,6.04,3.4,59.88,0,0
S109321,U15685,2026-04-24,Organic Search,Products,Mobile,India,Returning,7.09,6.5,40.87,1,100
S108956,U16191,2026-04-25,Organic Search,FAQ,Mobile,India,New,5.56,5.1,42.41,1,100
S100844,U14572,2026-04-25,Paid Search,Blog,Mobile,India,Returning,3.37,3.7,52.69,0,0
S103748,U14725,2026-04-25,Direct,Blog,Mobile,India,New,5.47,4.9,55.12,0,0
S107160,U14759,2026-04-25,Referral,Home,Mobile,India,New,13.47,8.9,25.28,0,0
S105886,U12464,2026-04-25,Organic Search,Blog,Desktop,USA,New,8.08,4.6,65.87,0,0
S108443,U10881,2026-04-25,Paid Search,FAQ,Desktop,India,Returning,3.29,1.8,71.91,0,0
S104267,U10675,2026-04-25,Referral,FAQ,Tablet,USA,New,9.75,7.1,28.38,0,0
S102430,U10141,2026-04-25,Paid Search,FAQ,Mobile,India,Returning,3.69,4.9,54.47,0,0
S108665,U15228,2026-04-25,Referral,Home,Desktop,Canada,New,10.06,7.1,42.45,1,100
S103991,U14936,2026-04-25,Organic Search,FAQ,Mobile,India,New,8.62,5.7,58.46,0,0
S104373,U13174,2026-04-25,Direct,Products,Desktop,UK,Returning,5.82,5.6,69.71,0,0
S105463,U10166,2026-04-25,Social Media,Products,Desktop,UK,New,5.25,4.0,39.79,0,0
S103035,U12635,2026-04-25,Paid Search,Services,Tablet,India,New,4.82,4.6,56.1,0,0
S102049,U16369,2026-04-25,Paid Search,Home,Desktop,Canada,New,6.63,4.3,54.97,0,0
S104800,U15132,2026-04-25,Paid Search,Contact Us,Desktop,India,New,8.88,6.1,41.37,1,100
S109157,U12116,2026-04-25,Referral,Products,Desktop,UK,New,4.75,4.1,67.63,0,0
S109207,U11130,2026-04-25,Referral,Contact Us,Desktop,India,Returning,8.44,5.9,39.66,0,0
S106654,U13481,2026-04-25,Organic Search,Pricing,Desktop,India,New,3.33,5.0,49.53,0,0
S108280,U13909,2026-04-25,Referral,Home,Mobile,India,Returning,2.65,3.1,58.68,0,0
S102500,U15011,2026-04-25,Social Media,Blog,Mobile,India,Returning,2.15,3.7,56.97,0,0
S106540,U15403,2026-04-25,Paid Search,Contact Us,Mobile,Australia,New,3.55,4.9,62.3,0,0
S102613,U10286,2026-04-25,Referral,About Us,Mobile,India,Returning,6.22,4.7,54.92,0,0
S103016,U16375,2026-04-25,Social Media,Products,Desktop,India,New,5.39,4.2,58.43,0,0
S109846,U11165,2026-04-25,Paid Search,Home,Desktop,India,New,5.7,3.7,56.05,0,0
S108601,U11851,2026-04-25,Direct,Pricing,Desktop,India,Returning,4.66,2.6,61.8,0,0
S101567,U11241,2026-04-25,Direct,Services,Mobile,India,New,1.28,2.0,64.95,0,0
S109149,U13606,2026-04-25,Social Media,Products,Desktop,India,New,2.89,1.6,48.69,0,0
S108266,U14285,2026-04-25,Direct,Home,Mobile,Canada,Returning,5.9,5.4,58.17,0,0
S100624,U14080,2026-04-25,Direct,Blog,Mobile,Canada,New,4.38,3.6,61.93,0,0
S104163,U12672,2026-04-25,Direct,Pricing,Mobile,USA,New,9.83,7.9,33.33,0,0
S100406,U16103,2026-04-25,Organic Search,Product Details,Mobile,India,Returning,11.22,7.2,41.6,0,0
S106632,U10616,2026-04-25,Social Media,Blog,Desktop,Canada,New,3.92,5.3,62.17,0,0
S103345,U12823,2026-04-25,Paid Search,Products,Mobile,India,New,4.28,3.6,56.01,0,0
S100471,U15174,2026-04-25,Organic Search,FAQ,Mobile,USA,New,7.64,4.5,59.72,0,0
S108512,U16199,2026-04-25,Organic Search,Blog,Tablet,India,New,10.47,7.4,44.71,0,0
S104453,U14715,2026-04-25,Organic Search,Services,Mobile,USA,New,10.58,7.9,39.31,0,0
S108541,U12991,2026-04-25,Organic Search,Products,Tablet,India,Returning,0.77,2.4,65.73,0,0
S103384,U10247,2026-04-25,Referral,Services,Desktop,India,New,5.72,5.1,47.25,0,0
S100661,U10144,2026-04-25,Direct,Home,Tablet,India,New,2.64,2.8,61.44,0,0
S105616,U11547,2026-04-25,Paid Search,Products,Tablet,Australia,New,5.02,4.8,49.33,0,0
S106737,U14507,2026-04-25,Direct,About Us,Desktop,USA,Returning,0.38,2.9,60.61,0,0
S103125,U11734,2026-04-25,Organic Search,Home,Desktop,India,New,6.1,4.7,53.75,0,0
S101806,U15234,2026-04-25,Organic Search,Home,Desktop,India,Returning,2.57,2.4,66.37,0,0
S100169,U11723,2026-04-25,Paid Search,Pricing,Desktop,India,New,9.47,7.2,44.75,0,0
S109106,U15074,2026-04-25,Social Media,Contact Us,Desktop,India,New,4.98,1.9,57.95,0,0
S109026,U13292,2026-04-25,Referral,Services,Tablet,Australia,Returning,2.51,1.0,64.33,1,100
S108901,U12171,2026-04-25,Direct,Contact Us,Mobile,USA,Returning,4.21,4.2,65.34,0,0
S100081,U11501,2026-04-25,Organic Search,Pricing,Mobile,India,New,8.54,5.9,49.63,0,0
S104668,U10272,2026-04-25,Direct,FAQ,Mobile,India,Returning,2.87,4.4,54.84,0,0
S107115,U13347,2026-04-25,Organic Search,Checkout,Mobile,India,New,7.29,4.4,53.01,0,0
S106745,U11908,2026-04-25,Paid Search,Products,Mobile,India,New,8.66,6.7,34.01,0,0
S102215,U15544,2026-04-25,Referral,About Us,Mobile,India,New,3.28,3.1,72.14,0,0
S102907,U10770,2026-04-25,Organic Search,FAQ,Mobile,USA,Returning,4.73,3.4,72.29,0,0
S103515,U12332,2026-04-25,Organic Search,Pricing,Mobile,India,Returning,3.29,4.5,73.83,0,0
S109398,U12977,2026-04-25,Organic Search,Home,Mobile,UK,New,4.92,3.7,63.52,0,0
S105588,U15048,2026-04-25,Referral,Product Details,Mobile,India,New,5.26,3.6,63.85,0,0
S104577,U11423,2026-04-25,Paid Search,Products,Mobile,India,Returning,3.54,3.0,60.2,0,0
S102595,U12103,2026-04-26,Direct,Product Details,Mobile,USA,New,7.67,5.9,45.93,0,0
S107853,U10586,2026-04-26,Organic Search,Home,Mobile,Canada,New,5.81,3.5,66.49,0,0
S109304,U11354,2026-04-26,Organic Search,Checkout,Desktop,Australia,Returning,2.63,2.9,62.28,0,0
S108286,U10099,2026-04-26,Organic Search,Home,Mobile,Australia,New,13.2,8.0,43.68,1,100
S105174,U16474,2026-04-26,Direct,About Us,Desktop,India,New,3.45,2.8,71.66,0,0
S109970,U10835,2026-04-26,Direct,Home,Mobile,USA,Returning,1.22,3.3,59.36,0,0
S106617,U15457,2026-04-26,Organic Search,Contact Us,Mobile,India,New,4.27,1.0,77.73,0,0
S100555,U13252,2026-04-26,Referral,Contact Us,Mobile,Australia,Returning,5.9,4.6,53.68,0,0
S100335,U13778,2026-04-26,Social Media,Blog,Mobile,India,New,11.16,7.4,37.78,1,100
S107424,U16323,2026-04-26,Organic Search,Home,Mobile,India,New,3.87,3.7,69.19,1,100
S100544,U12480,2026-04-26,Social Media,Products,Mobile,UK,New,6.1,5.6,49.57,0,0
S105090,U13928,2026-04-26,Organic Search,Services,Mobile,USA,New,2.83,2.4,71.91,0,0
S104273,U13254,2026-04-26,Paid Search,Home,Desktop,India,Returning,5.57,3.6,67.01,0,0
S107429,U15447,2026-04-26,Organic Search,Home,Desktop,UK,New,8.25,7.4,40.42,1,100
S101871,U15446,2026-04-26,Organic Search,Pricing,Mobile,UK,New,5.74,4.2,63.51,0,0
S103541,U11763,2026-04-26,Paid Search,Blog,Mobile,Canada,Returning,5.6,3.2,73.84,0,0
S107599,U16257,2026-04-26,Organic Search,Products,Tablet,India,Returning,0.87,1.9,73.77,0,0
S107795,U15939,2026-04-26,Referral,Contact Us,Mobile,India,Returning,6.9,4.7,45.57,1,100
S108483,U10983,2026-04-26,Direct,Blog,Desktop,India,Returning,7.17,5.7,52.68,0,0
S104916,U12916,2026-04-26,Paid Search,Services,Tablet,Canada,New,7.0,5.4,45.37,0,0
S106784,U15754,2026-04-26,Organic Search,Home,Mobile,Australia,Returning,3.71,4.0,60.9,0,0
S107902,U15428,2026-04-26,Referral,FAQ,Desktop,India,New,7.49,6.8,37.6,0,0
S106121,U10590,2026-04-26,Referral,Blog,Desktop,India,New,3.25,3.9,65.52,1,100
S106218,U15245,2026-04-26,Paid Search,Blog,Mobile,India,New,4.77,3.7,53.6,0,0
S104024,U12842,2026-04-26,Direct,Blog,Tablet,India,Returning,7.48,5.2,46.19,0,0
S103568,U11349,2026-04-26,Organic Search,Home,Tablet,India,New,13.2,8.3,34.79,0,0
S107521,U10921,2026-04-26,Paid Search,About Us,Desktop,USA,New,13.48,9.0,26.19,0,0
S102850,U13507,2026-04-26,Organic Search,Product Details,Desktop,USA,New,2.8,3.3,52.5,0,0
S108717,U10152,2026-04-26,Organic Search,Products,Desktop,USA,New,2.84,2.4,44.24,0,0
S105478,U13197,2026-04-26,Direct,Services,Desktop,India,Returning,1.97,2.6,69.29,0,0
S103153,U15018,2026-04-26,Direct,Checkout,Mobile,USA,New,12.36,8.4,41.89,0,0
S101046,U10877,2026-04-26,Direct,Home,Desktop,India,Returning,6.53,4.2,66.41,0,0
S105729,U16368,2026-04-26,Organic Search,Home,Desktop,USA,New,2.86,2.5,69.85,0,0
S103391,U11940,2026-04-26,Referral,Pricing,Tablet,USA,New,2.05,2.0,65.32,0,0
S102973,U11487,2026-04-26,Paid Search,Home,Mobile,Australia,Returning,4.88,4.1,53.78,0,0
S102123,U11990,2026-04-26,Paid Search,FAQ,Desktop,India,New,3.62,2.7,70.97,0,0
S105622,U10763,2026-04-26,Paid Search,FAQ,Desktop,Canada,New,4.87,1.1,72.22,0,0
S107468,U16368,2026-04-26,Referral,Contact Us,Desktop,India,New,2.77,2.0,82.46,0,0
S104645,U11989,2026-04-26,Organic Search,Product Details,Mobile,India,New,2.6,3.7,53.96,0,0
S102139,U15452,2026-04-26,Paid Search,FAQ,Desktop,India,New,4.55,2.1,65.75,0,0
S107408,U12379,2026-04-26,Direct,Contact Us,Desktop,UK,Returning,0.83,3.1,51.09,0,0
S101133,U11995,2026-04-26,Organic Search,Contact Us,Mobile,India,Returning,3.91,2.2,77.21,0,0
S101677,U10814,2026-04-26,Organic Search,Contact Us,Desktop,India,New,1.35,1.5,84.31,0,0
S102326,U14910,2026-04-26,Paid Search,Services,Desktop,India,New,5.01,3.4,58.55,0,0
S107293,U15189,2026-04-26,Referral,Home,Desktop,India,New,4.96,4.9,50.95,0,0
S103733,U10202,2026-04-26,Organic Search,Product Details,Desktop,Australia,New,4.42,3.7,78.31,0,0
S103654,U15927,2026-04-26,Direct,Contact Us,Mobile,USA,Returning,7.03,4.3,51.15,0,0
S105251,U10384,2026-04-26,Organic Search,Home,Mobile,Canada,New,2.51,2.0,63.06,0,0
S109401,U10753,2026-04-26,Referral,FAQ,Desktop,India,Returning,0.99,1.5,80.3,0,0
S105204,U15127,2026-04-26,Referral,Products,Desktop,India,New,6.57,6.3,52.0,0,0
S109599,U14921,2026-04-26,Organic Search,Blog,Tablet,India,New,4.57,4.7,54.81,0,0
S101187,U12713,2026-04-26,Direct,Product Details,Mobile,India,Returning,2.57,3.2,52.65,0,0
S100229,U14738,2026-04-26,Referral,Contact Us,Mobile,USA,New,2.51,2.4,60.97,0,0
S104388,U12994,2026-04-27,Direct,Home,Tablet,India,New,16.68,10.8,18.0,0,0
S106524,U10444,2026-04-27,Paid Search,Blog,Mobile,India,New,3.91,3.1,65.66,0,0
S107772,U12642,2026-04-27,Social Media,Home,Mobile,UK,Returning,4.84,2.4,67.58,0,0
S109194,U12259,2026-04-27,Referral,Home,Mobile,India,Returning,7.06,7.8,41.39,0,0
S104915,U11814,2026-04-27,Social Media,Checkout,Desktop,USA,New,11.49,6.5,42.99,0,0
S105288,U14740,2026-04-27,Paid Search,Home,Mobile,India,Returning,9.38,6.9,42.23,0,0
S105121,U15405,2026-04-27,Paid Search,Home,Desktop,India,New,3.43,4.3,68.65,0,0
S107685,U14916,2026-04-27,Social Media,Home,Tablet,India,Returning,6.28,5.1,59.81,0,0
S102958,U11760,2026-04-27,Referral,Pricing,Desktop,India,Returning,2.26,3.8,62.07,0,0
S101564,U12344,2026-04-27,Organic Search,Blog,Desktop,UK,New,4.36,2.9,65.67,0,0
S102728,U10457,2026-04-27,Organic Search,Blog,Mobile,India,Returning,5.44,3.9,42.62,1,100
S107855,U12322,2026-04-27,Organic Search,Blog,Desktop,Canada,Returning,1.87,3.3,69.22,0,0
S107438,U10379,2026-04-27,Paid Search,FAQ,Mobile,India,New,11.12,8.1,31.28,0,0
S107417,U10688,2026-04-27,Organic Search,FAQ,Desktop,India,Returning,3.85,3.5,73.67,0,0
S105103,U12855,2026-04-27,Organic Search,Products,Mobile,Australia,New,5.78,5.6,44.83,0,0
S108233,U15298,2026-04-27,Organic Search,Checkout,Desktop,Australia,New,4.38,3.3,55.99,0,0
S108303,U11224,2026-04-27,Social Media,FAQ,Mobile,India,New,1.69,2.6,76.56,0,0
S107277,U11780,2026-04-27,Organic Search,Home,Desktop,Canada,New,0.3,1.9,72.35,0,0
S107164,U15015,2026-04-27,Direct,Blog,Desktop,India,New,7.28,5.0,43.35,1,100
S108909,U14377,2026-04-27,Organic Search,Blog,Desktop,India,New,3.68,3.1,69.02,0,0
S107100,U13511,2026-04-27,Paid Search,Blog,Desktop,USA,New,5.4,6.6,58.39,0,0
S109318,U12074,2026-04-27,Organic Search,Blog,Mobile,Canada,Returning,2.24,1.0,89.16,0,0
S101916,U14000,2026-04-27,Direct,Products,Desktop,UK,New,3.0,2.8,66.91,0,0
S106516,U13010,2026-04-27,Referral,Services,Desktop,India,Returning,7.37,6.1,55.31,1,100
S105039,U15739,2026-04-27,Direct,Product Details,Tablet,India,Returning,3.7,4.0,69.04,0,0
S108208,U11132,2026-04-27,Organic Search,Services,Mobile,Canada,New,13.23,8.6,25.03,0,0
S103173,U15302,2026-04-27,Referral,Services,Desktop,India,Returning,2.35,1.2,68.62,0,0
S102933,U16100,2026-04-27,Organic Search,Products,Desktop,India,New,7.97,6.4,51.1,0,0
S106625,U10681,2026-04-27,Direct,FAQ,Tablet,India,New,11.22,7.9,42.46,0,0
S102834,U10776,2026-04-27,Referral,Checkout,Mobile,India,Returning,2.67,1.7,66.61,0,0
S104851,U15532,2026-04-27,Referral,Home,Desktop,Australia,New,1.54,1.0,77.43,0,0
S109641,U10804,2026-04-27,Referral,Services,Mobile,USA,New,1.79,1.7,88.94,0,0
S108104,U10242,2026-04-27,Referral,FAQ,Desktop,Canada,Returning,4.54,1.5,70.8,0,0
S105903,U11257,2026-04-27,Paid Search,Home,Desktop,Australia,Returning,3.65,1.6,54.76,0,0
S105655,U13588,2026-04-27,Organic Search,Contact Us,Mobile,India,Returning,2.24,1.7,71.12,0,0
S107542,U12551,2026-04-27,Organic Search,Home,Mobile,India,Returning,8.07,5.6,43.55,0,0
S101994,U13345,2026-04-27,Social Media,Products,Mobile,India,New,3.41,2.8,67.07,0,0
S108594,U11100,2026-04-27,Direct,Services,Desktop,India,Returning,6.7,4.6,56.98,0,0
S105016,U14486,2026-04-27,Social Media,Blog,Desktop,India,Returning,3.72,3.9,76.56,0,0
S103649,U11160,2026-04-27,Organic Search,Blog,Desktop,India,New,3.79,2.3,74.37,0,0
S109417,U14542,2026-04-27,Direct,Products,Desktop,Canada,Returning,2.31,1.1,59.14,0,0
S102636,U12497,2026-04-27,Organic Search,FAQ,Mobile,India,New,3.57,3.8,65.14,0,0
S106172,U16040,2026-04-27,Direct,Home,Mobile,USA,New,8.25,4.9,53.83,0,0
S103263,U11518,2026-04-27,Organic Search,Product Details,Mobile,India,New,3.29,2.9,62.22,0,0
S109294,U10172,2026-04-27,Paid Search,Home,Desktop,India,Returning,3.27,1.9,69.29,0,0
S106062,U10360,2026-04-27,Organic Search,Product Details,Desktop,India,New,9.08,7.3,55.23,1,100
S108514,U15556,2026-04-27,Paid Search,Contact Us,Mobile,India,New,8.85,5.9,58.49,0,0
S101175,U12450,2026-04-27,Direct,Product Details,Desktop,India,Returning,4.68,4.4,59.7,0,0
S106498,U11372,2026-04-27,Referral,Contact Us,Mobile,Australia,New,18.6,10.2,11.41,0,0
S106873,U15649,2026-04-27,Paid Search,Pricing,Desktop,India,New,2.37,2.1,67.05,0,0
S108245,U11877,2026-04-27,Organic Search,FAQ,Mobile,India,Returning,1.77,1.4,73.02,0,0
S103869,U12417,2026-04-27,Organic Search,Blog,Mobile,India,New,2.54,3.1,57.05,0,0
S103470,U11337,2026-04-27,Direct,Pricing,Desktop,India,New,1.97,1.9,66.57,0,0
S103577,U11059,2026-04-27,Direct,Pricing,Desktop,India,Returning,1.9,3.1,76.37,0,0
S100831,U14949,2026-04-27,Organic Search,Products,Desktop,UK,New,4.65,3.8,60.16,0,0
S108352,U10251,2026-04-28,Referral,Checkout,Mobile,USA,Returning,5.58,5.0,48.56,1,100
S105593,U13328,2026-04-28,Organic Search,Contact Us,Mobile,Australia,New,2.69,1.3,77.24,0,0
S101409,U16103,2026-04-28,Referral,Blog,Mobile,India,New,8.62,6.1,48.56,0,0
S100433,U12807,2026-04-28,Direct,FAQ,Mobile,India,New,2.85,3.2,75.28,0,0
S109299,U15074,2026-04-28,Direct,Blog,Mobile,India,New,4.74,4.2,53.31,0,0
S105558,U13256,2026-04-28,Direct,About Us,Desktop,India,New,4.13,3.0,50.94,0,0
S109295,U14127,2026-04-28,Paid Search,Blog,Desktop,India,New,3.03,4.4,62.17,0,0
S104157,U15572,2026-04-28,Direct,Home,Desktop,Australia,New,8.77,5.7,48.89,0,0
S104010,U12368,2026-04-28,Social Media,Home,Desktop,Australia,New,12.53,8.7,40.92,0,0
S109893,U16424,2026-04-28,Paid Search,Home,Desktop,India,Returning,7.03,5.4,59.55,0,0
S101443,U14178,2026-04-28,Paid Search,FAQ,Desktop,India,New,2.66,3.6,52.68,0,0
S106286,U16257,2026-04-28,Organic Search,Blog,Desktop,India,New,3.24,2.7,69.92,0,0
S106558,U14674,2026-04-28,Organic Search,Checkout,Mobile,India,New,9.4,6.0,49.63,0,0
S107552,U11552,2026-04-28,Organic Search,FAQ,Tablet,India,Returning,5.44,4.0,51.58,0,0
S106428,U10692,2026-04-28,Referral,Services,Desktop,India,Returning,1.8,2.0,77.11,0,0
S101523,U12682,2026-04-28,Referral,Product Details,Desktop,India,New,6.66,2.5,52.14,0,0
S106020,U10984,2026-04-28,Organic Search,Home,Mobile,Australia,New,7.24,4.6,60.84,0,0
S101146,U11909,2026-04-28,Organic Search,Home,Desktop,India,New,13.39,8.4,43.01,0,0
S107572,U10216,2026-04-28,Referral,Pricing,Desktop,Australia,New,6.8,5.0,37.95,0,0
S103688,U14680,2026-04-28,Organic Search,Pricing,Mobile,Canada,Returning,2.44,2.0,56.79,0,0
S100073,U11586,2026-04-28,Social Media,Home,Desktop,India,New,1.12,2.2,59.96,0,0
S107663,U11523,2026-04-28,Social Media,Services,Desktop,India,New,5.99,4.5,54.45,0,0
S103600,U14275,2026-04-28,Referral,Products,Desktop,Australia,New,7.49,5.0,53.89,0,0
S100262,U13398,2026-04-28,Organic Search,FAQ,Mobile,India,Returning,7.52,4.5,63.74,0,0
S107377,U16327,2026-04-28,Organic Search,Services,Desktop,Canada,New,1.98,1.5,60.92,0,0
S106822,U13591,2026-04-28,Direct,Home,Desktop,Canada,Returning,7.61,5.7,46.89,0,0
S104617,U14777,2026-04-28,Social Media,Services,Mobile,USA,New,6.5,3.8,67.25,0,0
S107632,U12569,2026-04-28,Paid Search,Blog,Desktop,USA,New,3.27,5.0,58.11,1,100
S106231,U12711,2026-04-28,Organic Search,Services,Mobile,USA,New,1.72,1.4,80.04,0,0
S108840,U12736,2026-04-28,Direct,Products,Mobile,India,Returning,4.1,2.8,79.51,0,0
S104533,U13009,2026-04-28,Direct,Products,Desktop,UK,New,1.95,1.7,84.87,0,0
S108166,U13258,2026-04-28,Social Media,About Us,Tablet,India,New,8.27,5.2,64.52,0,0
S108842,U10082,2026-04-28,Direct,Blog,Desktop,India,New,5.13,4.5,48.11,1,100
S108176,U14837,2026-04-28,Referral,FAQ,Desktop,India,New,4.67,3.6,60.58,0,0
S104370,U11995,2026-04-28,Organic Search,Home,Mobile,India,Returning,4.36,4.2,53.37,0,0
S109685,U12594,2026-04-28,Organic Search,Checkout,Mobile,Australia,New,11.12,6.1,39.53,1,100
S102745,U12149,2026-04-28,Organic Search,Services,Tablet,India,Returning,10.29,7.2,37.98,0,0
S108586,U11948,2026-04-28,Social Media,Products,Mobile,India,New,3.57,3.4,61.66,0,0
S101979,U15806,2026-04-28,Social Media,Product Details,Mobile,USA,New,16.01,7.9,39.67,0,0
S104766,U16427,2026-04-28,Social Media,FAQ,Desktop,India,New,3.21,2.1,64.98,0,0
S109335,U12148,2026-04-28,Referral,Product Details,Desktop,India,New,9.4,4.5,48.23,0,0
S101289,U15527,2026-04-28,Organic Search,About Us,Desktop,India,New,6.79,5.2,45.24,0,0
S107003,U14693,2026-04-28,Paid Search,Home,Desktop,USA,New,5.43,3.8,64.24,1,100
S103307,U12106,2026-04-28,Paid Search,Pricing,Mobile,Canada,Returning,3.18,3.1,50.92,0,0
S105850,U14661,2026-04-28,Paid Search,Blog,Tablet,India,New,3.91,3.9,52.36,0,0
S109349,U11288,2026-04-28,Organic Search,About Us,Mobile,India,New,3.08,3.3,64.18,0,0
S100277,U12977,2026-04-28,Organic Search,Products,Desktop,India,New,4.42,3.8,60.8,1,100
S100098,U11077,2026-04-28,Organic Search,FAQ,Desktop,India,New,9.6,6.2,42.46,0,0
S100106,U15277,2026-04-28,Paid Search,Home,Mobile,USA,New,3.4,3.5,70.58,0,0
S105315,U13386,2026-04-28,Paid Search,Pricing,Desktop,USA,New,12.5,6.3,46.9,0,0
S102369,U13148,2026-04-28,Referral,Blog,Mobile,India,New,6.32,3.7,45.28,0,0
S101649,U15291,2026-04-28,Organic Search,Pricing,Desktop,Canada,Returning,1.4,1.3,85.48,0,0
S108556,U16118,2026-04-29,Referral,About Us,Mobile,USA,Returning,2.95,2.9,64.95,0,0
S107362,U15075,2026-04-29,Organic Search,Home,Tablet,Canada,New,8.53,6.1,44.21,0,0
S108684,U13855,2026-04-29,Paid Search,Products,Tablet,India,New,5.01,3.2,58.39,0,0
S108923,U16402,2026-04-29,Organic Search,Pricing,Desktop,India,Returning,4.86,4.1,48.16,0,0
S108295,U12638,2026-04-29,Social Media,Home,Mobile,India,New,12.75,9.2,39.83,0,0
S109232,U14850,2026-04-29,Organic Search,Product Details,Mobile,UK,New,15.34,10.0,37.11,1,100
S108150,U10596,2026-04-29,Organic Search,Contact Us,Desktop,India,Returning,2.32,2.4,57.83,0,0
S109327,U12033,2026-04-29,Paid Search,FAQ,Desktop,USA,New,2.75,3.7,55.48,0,0
S108815,U14096,2026-04-29,Organic Search,Products,Desktop,India,New,3.96,3.3,63.89,0,0
S109498,U15840,2026-04-29,Referral,FAQ,Mobile,India,New,4.02,4.4,60.25,0,0
S109548,U13230,2026-04-29,Organic Search,Home,Desktop,Australia,New,8.27,5.1,44.17,0,0
S108310,U12447,2026-04-29,Organic Search,Checkout,Mobile,India,Returning,0.73,2.5,67.12,0,0
S108754,U11131,2026-04-29,Paid Search,Services,Mobile,Canada,New,5.19,5.4,56.86,0,0
S106895,U15210,2026-04-29,Organic Search,Services,Mobile,Australia,New,3.86,3.6,62.23,0,0
S109022,U11565,2026-04-29,Paid Search,Pricing,Tablet,Australia,New,6.51,4.0,64.47,0,0
S107139,U11367,2026-04-29,Paid Search,FAQ,Tablet,India,New,5.05,3.7,53.69,0,0
S109093,U16070,2026-04-29,Organic Search,Products,Mobile,India,Returning,12.74,8.9,26.41,0,0
S108454,U12868,2026-04-29,Referral,Services,Desktop,India,New,2.69,2.4,59.75,0,0
S109844,U14914,2026-04-29,Organic Search,Products,Desktop,USA,New,5.65,4.9,42.64,0,0
S107489,U13151,2026-04-29,Paid Search,Checkout,Desktop,Canada,Returning,3.56,3.1,44.51,0,0
S104999,U12687,2026-04-29,Organic Search,Services,Desktop,India,Returning,6.48,4.7,53.72,0,0
S101214,U12598,2026-04-29,Organic Search,Products,Mobile,India,New,8.74,6.6,53.4,1,100
S103438,U12910,2026-04-29,Organic Search,Product Details,Mobile,India,New,0.79,1.3,69.67,1,100
S101229,U16029,2026-04-29,Organic Search,Home,Mobile,India,Returning,7.74,5.9,44.31,0,0
S105139,U15726,2026-04-29,Organic Search,Blog,Tablet,Canada,New,1.98,1.1,64.83,0,0
S100133,U14599,2026-04-29,Direct,Product Details,Desktop,Canada,Returning,3.48,2.6,72.42,0,0
S102717,U16431,2026-04-29,Referral,Blog,Desktop,India,New,5.98,3.9,63.32,0,0
S103681,U13630,2026-04-29,Paid Search,Services,Desktop,Canada,New,2.11,1.0,70.83,0,0
S102144,U10957,2026-04-29,Paid Search,Products,Mobile,India,New,5.44,6.7,48.9,0,0
S106106,U10678,2026-04-29,Organic Search,Blog,Tablet,India,Returning,9.76,5.9,46.94,1,100
S104996,U11674,2026-04-29,Organic Search,Pricing,Mobile,Australia,Returning,2.78,2.7,74.0,0,0
S104837,U15912,2026-04-29,Direct,FAQ,Desktop,USA,New,1.92,1.7,64.63,0,0
S103964,U14495,2026-04-29,Organic Search,Home,Desktop,India,Returning,3.87,3.7,74.82,1,100
S102587,U12335,2026-04-29,Social Media,About Us,Desktop,India,New,5.04,2.9,58.54,0,0
S104783,U13094,2026-04-29,Organic Search,Blog,Mobile,India,New,9.89,6.7,50.41,0,0
S104676,U14350,2026-04-29,Referral,Contact Us,Mobile,USA,New,4.55,3.7,80.91,0,0
S100707,U11681,2026-04-29,Referral,Home,Desktop,Australia,New,4.74,5.6,56.57,0,0
S104679,U13723,2026-04-29,Organic Search,Products,Desktop,Australia,New,5.07,3.7,75.87,0,0
S101074,U10468,2026-04-29,Organic Search,Products,Desktop,India,Returning,3.96,2.8,65.53,0,0
S100493,U10831,2026-04-29,Direct,Home,Desktop,Canada,New,1.85,2.1,66.54,0,0
S102371,U14807,2026-04-29,Paid Search,Product Details,Mobile,USA,Returning,4.99,1.9,72.6,0,0
S103392,U15026,2026-04-29,Referral,Services,Mobile,USA,Returning,1.1,2.9,79.51,0,0
S101584,U13116,2026-04-29,Organic Search,Home,Tablet,USA,New,2.33,1.0,66.11,0,0
S101557,U14461,2026-04-29,Paid Search,Home,Mobile,USA,New,12.75,8.0,42.01,0,0
S105523,U10940,2026-04-29,Organic Search,Pricing,Desktop,India,New,4.24,2.8,66.03,0,0
S103046,U11044,2026-04-29,Paid Search,Product Details,Mobile,India,Returning,2.32,2.2,55.0,0,0
S101366,U10723,2026-04-29,Social Media,Services,Mobile,India,New,6.6,5.3,52.69,0,0
S100179,U15148,2026-04-29,Paid Search,Services,Mobile,USA,New,0.96,1.0,74.58,0,0
S105374,U16206,2026-04-29,Direct,Contact Us,Desktop,India,New,9.37,6.8,39.92,0,0
S103199,U10582,2026-04-29,Direct,Product Details,Tablet,India,New,5.2,5.6,51.55,0,0
S101322,U16491,2026-04-30,Organic Search,Home,Tablet,India,Returning,4.96,3.6,60.77,0,0
S106156,U12951,2026-04-30,Organic Search,Blog,Desktop,USA,Returning,3.8,2.0,70.88,0,0
S109273,U12745,2026-04-30,Paid Search,Pricing,Desktop,India,Returning,4.13,2.6,72.04,0,0
S101069,U14325,2026-04-30,Paid Search,Pricing,Desktop,India,New,4.07,3.0,67.46,0,0
S108346,U13408,2026-04-30,Organic Search,Pricing,Mobile,India,New,7.18,3.8,67.03,0,0
S105959,U10923,2026-04-30,Direct,Home,Desktop,UK,Returning,0.68,1.6,75.36,0,0
S104162,U10198,2026-04-30,Referral,Product Details,Mobile,Australia,Returning,3.16,3.8,49.51,0,0
S104030,U14675,2026-04-30,Direct,Blog,Mobile,Canada,Returning,0.9,2.2,73.0,0,0
S106813,U10947,2026-04-30,Social Media,Checkout,Desktop,India,New,4.45,1.8,65.15,0,0
S105977,U11029,2026-04-30,Direct,Product Details,Mobile,India,New,2.26,1.9,69.95,0,0
S105857,U11718,2026-04-30,Paid Search,About Us,Desktop,India,New,3.68,5.1,47.0,0,0
S104560,U12636,2026-04-30,Organic Search,Blog,Mobile,India,New,15.03,8.1,28.52,0,0
S109601,U11315,2026-04-30,Referral,Services,Desktop,India,Returning,4.3,1.0,76.7,0,0
S109116,U16151,2026-04-30,Organic Search,Pricing,Mobile,India,New,2.62,3.8,63.68,0,0
S109453,U14899,2026-04-30,Direct,Services,Mobile,India,Returning,1.59,1.5,63.58,0,0
S103903,U11523,2026-04-30,Referral,Pricing,Mobile,India,Returning,2.71,2.6,54.28,0,0
S103858,U14010,2026-04-30,Organic Search,Pricing,Tablet,Canada,Returning,5.32,3.5,60.67,0,0
S107978,U10238,2026-04-30,Organic Search,Home,Mobile,India,Returning,10.54,7.1,32.33,0,0
S101280,U10604,2026-04-30,Paid Search,Pricing,Mobile,Canada,New,1.61,2.7,68.44,0,0
S103531,U12724,2026-04-30,Social Media,Pricing,Mobile,India,New,0.92,1.0,73.69,0,0
S103590,U11897,2026-04-30,Paid Search,Product Details,Desktop,India,Returning,7.64,4.3,61.49,0,0
S102733,U14245,2026-04-30,Referral,Contact Us,Tablet,India,New,16.74,11.6,10.0,0,0
S103375,U13605,2026-04-30,Referral,Product Details,Desktop,India,New,3.83,4.8,54.63,0,0
S108579,U10209,2026-04-30,Organic Search,Home,Desktop,Canada,New,3.9,2.3,65.74,0,0
S108273,U15722,2026-04-30,Direct,FAQ,Desktop,India,New,3.92,2.2,71.59,0,0
S102384,U16106,2026-04-30,Referral,About Us,Desktop,India,New,5.44,4.3,61.9,0,0
S101424,U14548,2026-04-30,Paid Search,Checkout,Mobile,India,New,5.38,3.9,53.34,0,0
S103258,U13670,2026-04-30,Social Media,Products,Desktop,India,New,6.6,3.2,53.08,0,0
S102683,U11134,2026-04-30,Paid Search,Home,Mobile,India,Returning,3.69,2.4,70.81,0,0
S106034,U12774,2026-04-30,Social Media,Blog,Desktop,India,New,3.2,1.0,76.27,0,0
S103722,U15233,2026-04-30,Paid Search,Blog,Desktop,India,Returning,10.76,8.1,37.82,0,0
S108597,U12481,2026-04-30,Referral,Blog,Desktop,India,New,3.12,3.5,52.14,0,0
S108048,U13204,2026-04-30,Paid Search,Home,Desktop,India,Returning,6.41,5.1,45.55,0,0
S109394,U14213,2026-04-30,Paid Search,Home,Mobile,India,New,4.44,3.9,63.23,0,0
S100203,U14414,2026-04-30,Social Media,Product Details,Mobile,India,Returning,0.36,1.9,72.39,0,0
S106920,U10747,2026-04-30,Social Media,Services,Mobile,Canada,New,5.12,4.9,59.44,0,0
S105544,U13506,2026-04-30,Paid Search,FAQ,Desktop,India,New,5.44,4.7,65.38,0,0
S104277,U10740,2026-04-30,Direct,About Us,Desktop,Australia,New,3.18,1.0,75.24,0,0
S108429,U14874,2026-04-30,Paid Search,Services,Mobile,India,New,8.8,7.3,30.05,1,100
S104918,U12462,2026-04-30,Paid Search,Home,Mobile,India,Returning,3.67,5.0,48.2,0,0
S108870,U12501,2026-04-30,Organic Search,About Us,Desktop,Australia,Returning,9.48,5.9,49.44,0,0
S100571,U13547,2026-04-30,Social Media,Services,Mobile,Canada,New,2.82,1.1,67.2,0,0
S105017,U10295,2026-04-30,Organic Search,Pricing,Mobile,India,Returning,4.49,5.9,46.37,0,0
S104838,U16482,2026-04-30,Paid Search,Blog,Mobile,India,Returning,2.1,2.2,56.86,0,0
S100632,U13441,2026-04-30,Referral,Blog,Mobile,India,New,1.65,2.0,63.66,0,0
S105674,U13200,2026-04-30,Referral,Products,Desktop,India,New,1.64,3.9,68.85,0,0
S109702,U15114,2026-04-30,Direct,Contact Us,Tablet,India,New,4.56,3.0,72.12,0,0
S107324,U10073,2026-04-30,Social Media,Home,Mobile,India,New,9.45,6.0,53.92,0,0
S102117,U13703,2026-04-30,Organic Search,FAQ,Mobile,USA,New,7.35,6.3,49.48,0,0
S101763,U14070,2026-04-30,Referral,Contact Us,Mobile,India,Returning,7.48,5.8,51.77,0,0
S104875,U13367,2026-04-30,Organic Search,Pricing,Desktop,Canada,New,9.7,6.4,54.59,0,0
S105271,U12605,2026-04-30,Organic Search,Blog,Mobile,India,Returning,2.75,2.6,64.09,0,0
S109023,U14019,2026-04-30,Organic Search,Product Details,Mobile,India,New,7.11,5.4,51.96,0,0
S100039,U10190,2026-04-30,Paid Search,Home,Desktop,India,New,6.1,4.6,51.1,0,0
S105363,U15456,2026-04-30,Organic Search,Services,Mobile,India,Returning,8.76,6.5,50.63,0,0
S102018,U13567,2026-04-30,Organic Search,Product Details,Mobile,India,Returning,5.02,4.1,47.87,1,100
S109004,U15527,2026-04-30,Organic Search,Blog,Tablet,Australia,New,4.43,4.2,61.47,0,0
S104758,U12973,2026-04-30,Direct,Checkout,Mobile,India,New,1.96,1.0,67.64,0,0
S101984,U10960,2026-04-30,Direct,Services,Desktop,India,New,4.39,3.9,71.88,0,0
S100445,U12369,2026-04-30,Organic Search,Home,Mobile,India,New,3.76,3.1,60.3,0,0
S107530,U14436,2026-04-30,Direct,Contact Us,Mobile,Australia,Returning,3.85,3.0,74.46,0,0
S106595,U12777,2026-04-30,Organic Search,Home,Desktop,UK,Returning,3.57,2.1,67.24,0,0
S105323,U14679,2026-05-01,Referral,Product Details,Tablet,Australia,New,3.85,3.3,71.64,0,0
S101951,U14180,2026-05-01,Paid Search,Services,Desktop,India,Returning,2.65,1.3,70.92,0,0
S100241,U11734,2026-05-01,Organic Search,Services,Tablet,India,New,5.8,4.1,56.01,0,0
S105501,U14997,2026-05-01,Direct,Services,Desktop,USA,New,8.58,7.1,35.81,0,0
S103667,U14649,2026-05-01,Referral,Contact Us,Desktop,India,Returning,1.69,1.1,81.78,0,0
S105033,U15308,2026-05-01,Organic Search,Products,Mobile,India,New,13.32,6.1,32.5,0,0
S106818,U10506,2026-05-01,Organic Search,Product Details,Desktop,India,New,2.4,1.6,71.78,0,0
S101577,U14204,2026-05-01,Referral,Home,Mobile,UK,New,1.54,2.3,67.04,0,0
S107322,U15194,2026-05-01,Organic Search,Blog,Mobile,India,Returning,5.24,5.3,58.94,0,0
S106772,U11293,2026-05-01,Direct,Pricing,Desktop,India,New,11.67,7.6,32.55,0,0
S103540,U14917,2026-05-01,Referral,About Us,Desktop,India,New,12.31,7.6,35.04,0,0
S101849,U11575,2026-05-01,Organic Search,Checkout,Desktop,UK,New,2.1,4.0,55.26,0,0
S101277,U10127,2026-05-01,Paid Search,Product Details,Desktop,India,New,9.54,5.9,35.34,1,100
S103504,U10424,2026-05-01,Organic Search,About Us,Mobile,India,New,2.86,3.8,62.86,1,100
S103489,U11378,2026-05-01,Referral,Home,Desktop,India,New,6.16,5.3,42.65,0,0
S108183,U12881,2026-05-01,Direct,Blog,Mobile,India,New,4.28,2.9,59.71,0,0
S105408,U11094,2026-05-01,Organic Search,Blog,Mobile,USA,Returning,4.14,1.5,82.24,0,0
S102042,U12721,2026-05-01,Referral,Home,Mobile,India,New,8.41,5.8,51.85,0,0
S100487,U10636,2026-05-01,Direct,FAQ,Mobile,India,New,3.76,5.5,63.2,0,0
S100466,U16449,2026-05-01,Referral,Services,Desktop,USA,New,3.03,3.5,63.07,0,0
S108342,U10434,2026-05-01,Organic Search,FAQ,Mobile,India,New,1.19,1.0,62.56,0,0
S102795,U15888,2026-05-01,Direct,FAQ,Desktop,India,New,6.28,5.2,36.51,1,100
S105801,U10337,2026-05-01,Referral,Contact Us,Mobile,India,Returning,6.44,7.1,51.94,0,0
S108673,U12043,2026-05-01,Paid Search,Blog,Mobile,USA,Returning,3.65,4.0,48.96,0,0
S104793,U13063,2026-05-01,Paid Search,Blog,Desktop,UK,New,4.91,5.2,53.13,0,0
S104046,U14643,2026-05-01,Direct,Home,Desktop,India,Returning,4.42,2.4,68.23,0,0
S109460,U12545,2026-05-01,Direct,Services,Desktop,USA,New,2.58,2.4,74.37,0,0
S104175,U16319,2026-05-01,Direct,Home,Mobile,Australia,New,3.64,3.4,67.86,0,0
S109511,U11565,2026-05-01,Organic Search,Services,Mobile,India,Returning,7.01,5.1,46.89,0,0
S106423,U10830,2026-05-01,Organic Search,Products,Desktop,India,New,5.43,2.1,50.81,0,0
S103894,U10341,2026-05-01,Paid Search,Products,Desktop,Canada,New,6.09,5.3,39.39,0,0
S107770,U12080,2026-05-01,Organic Search,Products,Mobile,India,New,6.02,7.7,56.18,0,0
S104308,U12567,2026-05-01,Organic Search,Contact Us,Tablet,India,Returning,2.78,2.9,51.05,0,0
S102439,U12542,2026-05-01,Organic Search,Product Details,Tablet,USA,Returning,3.08,3.6,64.3,0,0
S100082,U14799,2026-05-01,Paid Search,Blog,Mobile,India,New,5.99,3.5,64.61,0,0
S104553,U15700,2026-05-01,Paid Search,Pricing,Mobile,India,New,7.49,4.0,54.33,0,0
S109815,U13346,2026-05-01,Organic Search,Home,Desktop,USA,Returning,8.55,6.6,38.93,0,0
S108724,U10688,2026-05-01,Direct,Contact Us,Mobile,Canada,Returning,4.14,4.0,61.96,0,0
S109616,U11782,2026-05-01,Social Media,About Us,Desktop,India,New,3.35,2.1,75.82,0,0
S104802,U12379,2026-05-01,Organic Search,Blog,Desktop,India,Returning,2.3,2.6,55.06,0,0
S104009,U15930,2026-05-01,Paid Search,Product Details,Mobile,India,New,4.59,2.1,75.74,0,0
S102214,U15569,2026-05-01,Direct,Services,Desktop,India,Returning,4.0,4.1,64.74,1,100
S103999,U12768,2026-05-01,Social Media,Checkout,Tablet,India,Returning,4.58,4.9,59.66,0,0
S102239,U16100,2026-05-01,Direct,Blog,Desktop,India,New,4.07,2.9,55.23,0,0
S101782,U14617,2026-05-01,Organic Search,Product Details,Desktop,India,Returning,13.41,7.7,50.98,0,0
S107961,U11103,2026-05-01,Direct,Checkout,Mobile,USA,New,4.12,2.5,56.81,0,0
S107953,U12796,2026-05-01,Organic Search,About Us,Desktop,UK,Returning,4.8,4.8,46.9,0,0
S102646,U10406,2026-05-01,Organic Search,Product Details,Desktop,India,Returning,4.74,3.0,76.47,0,0
S105418,U12950,2026-05-02,Organic Search,Home,Mobile,India,New,6.7,4.1,61.68,0,0
S107020,U13497,2026-05-02,Organic Search,Home,Mobile,India,Returning,4.35,1.9,73.07,0,0
S104594,U12469,2026-05-02,Organic Search,Product Details,Desktop,India,New,7.9,6.7,57.16,1,100
S101452,U13191,2026-05-02,Organic Search,About Us,Desktop,India,New,3.58,4.6,59.8,0,0
S100344,U14494,2026-05-02,Referral,FAQ,Mobile,India,New,1.77,2.9,70.26,0,0
S105583,U15867,2026-05-02,Paid Search,About Us,Desktop,India,New,2.94,3.0,55.29,0,0
S105796,U12687,2026-05-02,Paid Search,Blog,Mobile,India,New,2.07,2.5,58.19,0,0
S103150,U13987,2026-05-02,Direct,About Us,Mobile,India,New,7.68,4.3,52.11,0,0
S105805,U13969,2026-05-02,Paid Search,Services,Desktop,USA,New,4.19,3.0,57.49,0,0
S104754,U14797,2026-05-02,Paid Search,FAQ,Desktop,India,New,4.15,2.9,50.93,0,0
S107969,U15303,2026-05-02,Paid Search,Product Details,Mobile,India,Returning,4.24,1.0,68.9,0,0
S109239,U11923,2026-05-02,Organic Search,Products,Mobile,India,Returning,2.14,2.9,61.41,0,0
S105440,U11115,2026-05-02,Organic Search,FAQ,Tablet,India,New,3.32,2.5,71.25,0,0
S100799,U14836,2026-05-02,Paid Search,Home,Desktop,India,New,6.77,5.5,47.94,0,0
S104952,U10073,2026-05-02,Direct,Products,Mobile,India,Returning,4.3,3.9,73.28,0,0
S107497,U15069,2026-05-02,Paid Search,Product Details,Desktop,USA,New,4.36,3.9,57.76,1,100
S100270,U15631,2026-05-02,Direct,About Us,Desktop,India,New,10.05,6.5,58.52,0,0
S107348,U13085,2026-05-02,Paid Search,Services,Mobile,India,New,0.89,2.8,67.73,0,0
S109635,U15618,2026-05-02,Social Media,Contact Us,Desktop,USA,New,4.57,4.7,45.42,0,0
S105200,U14167,2026-05-02,Paid Search,Home,Mobile,India,Returning,7.66,5.0,56.17,0,0
S107133,U10127,2026-05-02,Organic Search,Product Details,Mobile,India,Returning,8.3,6.2,42.45,1,100
S105967,U10537,2026-05-02,Referral,Contact Us,Tablet,USA,Returning,3.1,3.3,66.63,0,0
S104776,U14987,2026-05-02,Direct,Home,Mobile,India,New,2.1,2.3,74.3,0,0
S100627,U15105,2026-05-02,Paid Search,FAQ,Mobile,USA,New,5.26,3.6,65.37,0,0
S100892,U14531,2026-05-02,Direct,About Us,Mobile,Australia,New,1.46,1.0,71.84,0,0
S101317,U12123,2026-05-02,Organic Search,Product Details,Mobile,USA,New,3.51,2.7,62.5,0,0
S100161,U16020,2026-05-02,Paid Search,Home,Tablet,India,New,7.94,4.2,48.86,0,0
S104986,U13011,2026-05-02,Organic Search,Blog,Tablet,India,Returning,6.06,3.9,66.28,0,0
S107068,U12780,2026-05-02,Organic Search,Blog,Mobile,India,New,4.01,3.3,71.26,0,0
S107723,U10125,2026-05-02,Direct,Product Details,Mobile,India,New,4.85,2.6,73.36,0,0
S105273,U10532,2026-05-02,Direct,Checkout,Mobile,India,New,4.28,3.0,57.38,1,100
S101081,U12929,2026-05-02,Organic Search,About Us,Desktop,Australia,New,5.19,4.4,53.13,1,100
S100227,U12161,2026-05-02,Referral,Product Details,Mobile,USA,Returning,1.73,3.7,70.48,0,0
S102671,U12979,2026-05-02,Organic Search,About Us,Tablet,Australia,New,9.09,5.7,38.73,0,0
S108495,U15177,2026-05-02,Referral,Checkout,Mobile,India,New,9.95,9.2,15.32,0,0
S102775,U15543,2026-05-02,Organic Search,Product Details,Desktop,India,New,4.76,3.1,70.49,0,0
S102822,U10572,2026-05-02,Referral,Pricing,Desktop,India,New,3.34,2.8,72.55,0,0
S108622,U16075,2026-05-02,Paid Search,Pricing,Desktop,UK,New,11.69,6.8,51.24,0,0
S102917,U10523,2026-05-02,Direct,Home,Tablet,Canada,Returning,4.37,3.2,68.86,0,0
S101784,U14136,2026-05-02,Referral,Contact Us,Mobile,India,New,3.06,4.2,71.29,0,0
S106253,U12672,2026-05-02,Organic Search,Product Details,Mobile,India,New,2.65,3.6,72.45,0,0
S101714,U12042,2026-05-02,Organic Search,Blog,Mobile,India,Returning,1.53,2.7,62.15,0,0
S102434,U15454,2026-05-02,Direct,Product Details,Desktop,India,New,1.76,2.4,76.72,0,0
S102736,U14286,2026-05-02,Paid Search,FAQ,Mobile,UK,Returning,0.67,1.0,55.91,0,0
S106505,U11132,2026-05-02,Referral,About Us,Mobile,India,New,2.84,5.6,60.92,0,0
S101579,U11459,2026-05-02,Paid Search,Contact Us,Desktop,USA,Returning,10.18,5.8,43.74,0,0
S106278,U12811,2026-05-02,Referral,Home,Mobile,India,New,9.92,5.8,37.02,0,0
S108593,U15485,2026-05-02,Direct,Products,Mobile,India,New,2.49,2.5,56.5,0,0
S106468,U15459,2026-05-02,Organic Search,Home,Desktop,UK,Returning,4.52,4.2,56.67,0,0
S106683,U13997,2026-05-02,Organic Search,Product Details,Mobile,India,Returning,3.79,1.2,76.37,0,0
S102851,U10408,2026-05-02,Organic Search,Pricing,Tablet,Australia,Returning,4.07,4.8,53.46,0,0
S106715,U12259,2026-05-02,Organic Search,Services,Mobile,UK,Returning,3.31,2.8,72.72,0,0
S106539,U12411,2026-05-02,Organic Search,Home,Mobile,India,New,6.46,5.4,53.8,0,0
S101700,U11166,2026-05-02,Organic Search,Checkout,Desktop,India,Returning,2.75,2.0,66.86,0,0
S102282,U15371,2026-05-02,Organic Search,Product Details,Mobile,India,New,4.31,3.5,59.38,0,0
S108805,U12759,2026-05-02,Paid Search,Services,Desktop,India,New,2.04,2.8,62.4,0,0
S108611,U10989,2026-05-03,Paid Search,Home,Mobile,India,New,4.71,3.6,65.07,0,0
S109314,U10886,2026-05-03,Organic Search,Checkout,Desktop,India,Returning,11.5,7.0,58.02,0,0
S109681,U12779,2026-05-03,Direct,Product Details,Mobile,India,New,5.99,2.5,57.91,0,0
S102185,U16478,2026-05-03,Direct,Pricing,Mobile,Canada,New,5.43,5.5,42.26,0,0
S100197,U15865,2026-05-03,Organic Search,FAQ,Desktop,India,Returning,3.74,1.6,62.01,0,0
S108858,U12791,2026-05-03,Paid Search,Blog,Desktop,India,Returning,3.16,3.2,67.29,0,0
S109672,U12514,2026-05-03,Social Media,Checkout,Tablet,Canada,New,1.87,3.0,57.74,0,0
S101330,U14760,2026-05-03,Referral,About Us,Mobile,India,New,8.19,5.9,50.93,1,100
S100829,U16321,2026-05-03,Referral,Home,Desktop,Canada,New,4.36,4.0,56.69,0,0
S100253,U12932,2026-05-03,Organic Search,Services,Tablet,India,Returning,0.55,1.2,65.97,0,0
S100000,U10861,2026-05-03,Social Media,Pricing,Mobile,Australia,New,4.61,3.5,60.18,1,100
S101638,U14498,2026-05-03,Referral,Services,Mobile,USA,New,4.57,4.4,62.34,0,0
S103750,U11629,2026-05-03,Organic Search,Contact Us,Tablet,India,New,3.1,1.5,77.71,0,0
S101727,U16370,2026-05-03,Paid Search,Pricing,Mobile,India,New,4.18,3.4,64.87,0,0
S106363,U14014,2026-05-03,Organic Search,Home,Mobile,UK,New,3.47,3.6,75.44,0,0
S107612,U14962,2026-05-03,Organic Search,FAQ,Desktop,India,Returning,4.98,4.6,54.54,0,0
S103830,U10930,2026-05-03,Organic Search,Product Details,Mobile,India,Returning,2.48,4.3,65.75,0,0
S104811,U16262,2026-05-03,Direct,About Us,Desktop,USA,New,6.33,6.4,40.52,0,0
S106908,U16090,2026-05-03,Paid Search,Contact Us,Mobile,India,New,7.12,3.1,50.98,0,0
S100780,U15132,2026-05-03,Organic Search,Products,Mobile,India,New,5.31,2.3,77.24,0,0
S102672,U15908,2026-05-03,Organic Search,Pricing,Desktop,USA,New,6.1,4.8,38.26,0,0
S105843,U15687,2026-05-03,Direct,Services,Desktop,India,New,2.88,2.7,70.44,0,0
S108836,U10832,2026-05-03,Social Media,Home,Tablet,UK,New,2.43,2.4,61.73,0,0
S102751,U10420,2026-05-03,Organic Search,Checkout,Mobile,India,Returning,6.62,4.8,48.52,0,0
S101599,U12709,2026-05-03,Organic Search,Products,Desktop,India,Returning,0.36,2.0,72.32,0,0
S109333,U12706,2026-05-03,Direct,Home,Mobile,USA,New,3.42,2.2,61.16,0,0
S107672,U14369,2026-05-03,Direct,Products,Mobile,Canada,New,6.34,3.7,63.12,0,0
S101306,U13503,2026-05-03,Direct,Blog,Mobile,India,New,9.02,4.8,50.2,0,0
S102645,U11443,2026-05-03,Paid Search,Product Details,Desktop,India,New,5.59,4.6,62.07,0,0
S103321,U11815,2026-05-03,Organic Search,Home,Mobile,USA,New,2.06,3.1,64.96,0,0
S105025,U11874,2026-05-03,Organic Search,Product Details,Mobile,Australia,New,1.41,2.8,66.05,0,0
S107904,U15895,2026-05-03,Direct,Products,Mobile,USA,New,6.76,5.6,40.83,0,0
S105344,U12892,2026-05-03,Paid Search,Checkout,Desktop,India,Returning,10.08,6.0,31.57,1,100
S102530,U14009,2026-05-03,Organic Search,Contact Us,Desktop,India,New,8.17,4.5,52.84,1,100
S100015,U12920,2026-05-03,Organic Search,Home,Desktop,Canada,Returning,8.49,5.7,34.29,0,0
S105951,U14306,2026-05-03,Direct,Products,Mobile,India,Returning,1.48,1.0,83.96,0,0
S108372,U10247,2026-05-03,Paid Search,Products,Mobile,India,Returning,12.78,7.6,31.54,1,100
S101998,U11764,2026-05-03,Organic Search,Services,Mobile,Australia,New,10.21,5.6,33.69,0,0
S108374,U10991,2026-05-03,Referral,Blog,Tablet,USA,New,3.48,4.1,51.29,0,0
S106716,U14040,2026-05-03,Organic Search,Home,Desktop,India,Returning,6.36,5.0,52.66,0,0
S103075,U10162,2026-05-03,Paid Search,Contact Us,Desktop,India,New,4.88,2.9,60.95,0,0
S103072,U13960,2026-05-03,Referral,Product Details,Desktop,India,Returning,6.77,5.1,52.58,1,100
S101986,U10693,2026-05-03,Organic Search,Product Details,Desktop,UK,New,2.76,2.5,69.33,0,0
S104132,U11265,2026-05-03,Paid Search,Blog,Mobile,USA,New,6.2,3.9,59.82,0,0
S105568,U13876,2026-05-03,Referral,Pricing,Mobile,India,New,10.93,7.7,51.53,0,0
S105500,U11339,2026-05-03,Organic Search,Products,Desktop,USA,New,6.67,5.4,53.16,1,100
S101897,U14570,2026-05-03,Organic Search,Home,Desktop,Australia,New,7.29,5.5,52.55,0,0
S109142,U11616,2026-05-03,Organic Search,Checkout,Desktop,India,Returning,0.49,1.2,64.93,0,0
S108351,U12416,2026-05-03,Direct,Contact Us,Mobile,India,Returning,5.17,2.5,56.82,0,0
S102680,U14260,2026-05-03,Social Media,Products,Tablet,India,Returning,8.92,8.1,31.91,1,100
S108904,U12659,2026-05-03,Direct,Products,Mobile,USA,New,10.45,7.6,29.43,0,0
S102910,U11717,2026-05-03,Direct,Product Details,Tablet,UK,Returning,0.53,2.1,75.85,0,0
S109953,U12002,2026-05-03,Referral,Product Details,Desktop,USA,New,3.17,4.8,54.05,0,0
S109442,U13767,2026-05-03,Direct,Checkout,Desktop,USA,New,0.3,1.0,70.94,0,0
S100266,U12812,2026-05-03,Direct,Pricing,Desktop,Australia,Returning,5.81,4.8,55.6,0,0
S109523,U11429,2026-05-03,Paid Search,Products,Mobile,UK,New,4.25,2.4,72.92,0,0
S105668,U12144,2026-05-03,Referral,Checkout,Desktop,USA,New,5.26,3.9,44.18,0,0
S103169,U13385,2026-05-03,Organic Search,Product Details,Tablet,India,New,3.71,2.7,73.23,0,0
S100302,U14549,2026-05-03,Direct,Checkout,Desktop,India,New,0.74,1.0,85.01,1,100
S106267,U12464,2026-05-03,Organic Search,Checkout,Mobile,India,New,5.39,3.7,67.24,0,0
S108053,U13084,2026-05-04,Organic Search,Checkout,Mobile,Canada,Returning,5.87,4.0,55.15,1,100
S106374,U14472,2026-05-04,Social Media,Products,Mobile,USA,New,0.57,2.2,83.59,0,0
S109147,U15760,2026-05-04,Referral,Contact Us,Mobile,India,New,1.22,1.0,90.86,0,0
S105869,U11505,2026-05-04,Paid Search,Services,Mobile,India,New,5.41,4.7,49.26,0,0
S105918,U11030,2026-05-04,Organic Search,Home,Mobile,Canada,New,1.47,2.0,77.2,0,0
S106420,U14567,2026-05-04,Organic Search,Home,Mobile,Canada,Returning,2.14,2.1,67.44,0,0
S104241,U13221,2026-05-04,Paid Search,Services,Mobile,USA,New,9.03,7.7,29.02,1,100
S100752,U14781,2026-05-04,Paid Search,Home,Desktop,India,New,0.4,2.6,66.95,0,0
S109445,U10079,2026-05-04,Organic Search,Home,Desktop,India,Returning,5.89,5.7,34.74,0,0
S102573,U15292,2026-05-04,Paid Search,Home,Desktop,UK,Returning,3.04,3.1,69.38,0,0
S104263,U11816,2026-05-04,Organic Search,Product Details,Mobile,USA,New,5.88,4.2,59.81,0,0
S107695,U10492,2026-05-04,Referral,Home,Desktop,UK,New,9.83,7.6,40.76,0,0
S104260,U13597,2026-05-04,Organic Search,Pricing,Tablet,India,New,7.14,6.8,59.82,0,0
S104016,U13753,2026-05-04,Paid Search,Blog,Desktop,UK,New,11.47,8.1,36.51,0,0
S103863,U10124,2026-05-04,Organic Search,Blog,Mobile,India,Returning,5.97,5.5,62.35,0,0
S108725,U10310,2026-05-04,Direct,Pricing,Desktop,India,Returning,2.34,1.7,77.61,0,0
S109520,U15269,2026-05-04,Organic Search,About Us,Desktop,India,Returning,9.11,7.6,37.11,0,0
S102718,U15637,2026-05-04,Referral,Blog,Mobile,India,New,0.39,1.7,85.25,0,0
S101387,U14927,2026-05-04,Organic Search,Contact Us,Mobile,India,New,5.05,5.6,51.69,0,0
S100380,U14643,2026-05-04,Organic Search,Contact Us,Mobile,USA,New,1.21,1.0,64.97,0,0
S102084,U11108,2026-05-04,Referral,Blog,Mobile,India,New,2.88,2.3,73.58,0,0
S101838,U14796,2026-05-04,Direct,Products,Mobile,UK,New,2.81,4.8,55.53,0,0
S109288,U12359,2026-05-04,Paid Search,Contact Us,Tablet,India,New,17.61,12.0,17.29,0,0
S101402,U13463,2026-05-04,Organic Search,Products,Mobile,Australia,Returning,5.28,5.2,52.23,0,0
S107368,U13390,2026-05-04,Organic Search,Home,Mobile,India,New,2.24,2.9,66.46,0,0
S105024,U14745,2026-05-04,Paid Search,About Us,Desktop,India,Returning,6.13,5.6,48.01,0,0
S100490,U11683,2026-05-04,Referral,Products,Mobile,India,New,9.34,7.7,47.21,0,0
S109998,U15887,2026-05-04,Organic Search,Home,Mobile,India,New,11.97,8.7,27.55,0,0
S106175,U13399,2026-05-04,Paid Search,Products,Desktop,Canada,Returning,0.51,1.6,76.95,0,0
S102819,U10393,2026-05-04,Organic Search,About Us,Desktop,India,New,1.93,3.1,67.49,0,0
S104891,U11743,2026-05-04,Organic Search,Products,Desktop,UK,New,5.22,2.8,69.64,0,0
S102222,U13082,2026-05-04,Organic Search,Home,Tablet,India,New,3.98,3.6,69.61,0,0
S107469,U16147,2026-05-04,Organic Search,Services,Desktop,Canada,New,1.68,3.7,77.17,0,0
S102737,U13566,2026-05-04,Organic Search,Products,Desktop,India,New,2.59,2.6,67.34,0,0
S109725,U14199,2026-05-04,Social Media,Pricing,Tablet,India,Returning,1.77,1.0,82.02,0,0
S104122,U11036,2026-05-04,Social Media,About Us,Desktop,India,New,15.62,9.1,47.87,0,0
S105468,U13505,2026-05-04,Paid Search,Product Details,Mobile,UK,New,2.88,3.3,70.98,0,0
S101189,U11249,2026-05-04,Social Media,Products,Mobile,India,Returning,3.45,2.2,64.09,0,0
S109250,U13033,2026-05-04,Referral,Checkout,Mobile,UK,New,2.93,2.6,64.28,0,0
S100456,U11983,2026-05-04,Organic Search,Services,Desktop,India,Returning,5.1,4.1,49.63,0,0
S107484,U15970,2026-05-04,Paid Search,Contact Us,Mobile,India,New,2.97,1.8,78.96,0,0
S108943,U13053,2026-05-04,Organic Search,Product Details,Mobile,India,New,6.52,4.5,53.65,0,0
S104796,U15330,2026-05-04,Organic Search,Checkout,Mobile,India,New,2.52,2.2,49.87,0,0
S105330,U13514,2026-05-04,Referral,Blog,Desktop,Canada,New,7.67,5.5,48.77,0,0
S100645,U10729,2026-05-04,Referral,Blog,Mobile,USA,New,2.27,3.3,70.37,0,0
S103609,U12902,2026-05-04,Direct,About Us,Mobile,India,Returning,8.14,5.9,36.18,1,100
S105403,U10161,2026-05-05,Social Media,Home,Desktop,India,New,3.24,1.8,59.81,0,0
S101996,U15356,2026-05-05,Direct,Checkout,Mobile,UK,New,6.38,4.2,71.24,0,0
S104253,U14214,2026-05-05,Organic Search,Home,Desktop,India,New,13.72,9.2,41.82,0,0
S102506,U10483,2026-05-05,Direct,Home,Desktop,India,Returning,3.6,3.3,66.16,0,0
S101879,U11436,2026-05-05,Paid Search,Home,Tablet,UK,New,7.53,3.9,52.23,0,0
S101861,U13118,2026-05-05,Direct,Services,Mobile,India,New,4.03,4.8,61.64,0,0
S100505,U11013,2026-05-05,Direct,Product Details,Mobile,India,Returning,3.5,2.1,69.23,0,0
S108963,U10149,2026-05-05,Direct,Products,Desktop,UK,New,6.37,5.2,46.36,0,0
S101921,U13610,2026-05-05,Organic Search,Product Details,Mobile,India,New,7.37,5.1,46.17,0,0
S109509,U12214,2026-05-05,Organic Search,About Us,Mobile,India,New,2.67,3.1,59.18,0,0
S101896,U10022,2026-05-05,Social Media,Home,Tablet,India,Returning,6.01,3.0,61.39,0,0
S100688,U15294,2026-05-05,Referral,About Us,Desktop,Canada,New,1.93,1.2,82.22,0,0
S105642,U10904,2026-05-05,Social Media,Products,Desktop,India,Returning,2.86,1.0,67.09,0,0
S108780,U15667,2026-05-05,Organic Search,Product Details,Mobile,India,New,3.35,3.6,56.5,0,0
S109109,U10297,2026-05-05,Referral,Product Details,Desktop,Australia,New,1.51,1.2,59.98,0,0
S104765,U11477,2026-05-05,Social Media,Blog,Desktop,India,New,2.93,2.8,51.76,0,0
S100711,U11156,2026-05-05,Referral,Products,Desktop,India,New,2.63,3.5,61.92,0,0
S102284,U14066,2026-05-05,Organic Search,FAQ,Desktop,UK,Returning,6.45,4.4,66.97,0,0
S100668,U13223,2026-05-05,Social Media,Blog,Mobile,USA,New,6.68,6.0,49.41,0,0
S108711,U14813,2026-05-05,Social Media,Services,Tablet,India,New,2.37,3.0,51.05,0,0
S100664,U14492,2026-05-05,Paid Search,Contact Us,Mobile,India,New,9.98,6.9,38.77,0,0
S109720,U14533,2026-05-05,Organic Search,Products,Desktop,India,New,8.98,7.0,53.59,0,0
S101777,U10988,2026-05-05,Organic Search,Home,Mobile,India,Returning,7.39,6.3,54.68,1,100
S107656,U16430,2026-05-05,Direct,Checkout,Desktop,India,New,6.68,4.1,49.21,1,100
S107458,U15604,2026-05-05,Paid Search,Checkout,Mobile,India,New,4.28,4.2,57.62,0,0
S102187,U10375,2026-05-05,Social Media,Pricing,Desktop,India,New,15.43,8.0,27.81,0,0
S101812,U12163,2026-05-05,Paid Search,Product Details,Mobile,India,New,4.54,4.9,53.81,1,100
S107714,U12500,2026-05-05,Paid Search,Home,Tablet,India,Returning,7.5,5.0,56.63,0,0
S102331,U15774,2026-05-05,Social Media,FAQ,Mobile,India,Returning,5.42,4.8,46.76,0,0
S102437,U10373,2026-05-05,Organic Search,Checkout,Desktop,India,New,2.2,3.2,54.47,0,0
S107319,U14749,2026-05-05,Paid Search,Pricing,Mobile,USA,New,4.53,4.0,62.32,0,0
S107005,U10557,2026-05-05,Direct,Contact Us,Desktop,India,New,8.71,6.5,44.49,0,0
S104117,U15150,2026-05-05,Organic Search,Pricing,Desktop,Australia,New,3.6,2.7,60.76,0,0
S101522,U14798,2026-05-05,Organic Search,Home,Desktop,India,New,5.52,4.1,42.1,0,0
S104105,U12385,2026-05-05,Organic Search,Checkout,Desktop,India,Returning,1.9,2.4,56.58,0,0
S106276,U10779,2026-05-05,Organic Search,Services,Desktop,Canada,Returning,5.32,3.8,51.24,0,0
S102872,U16494,2026-05-05,Organic Search,Blog,Mobile,Australia,New,8.6,7.1,51.17,0,0
S102603,U11680,2026-05-05,Paid Search,Product Details,Desktop,India,New,7.54,4.7,54.69,0,0
S106845,U10502,2026-05-05,Direct,Home,Desktop,India,New,4.44,4.4,66.43,0,0
S100194,U14030,2026-05-05,Paid Search,FAQ,Desktop,India,New,1.94,4.1,68.05,0,0
S102663,U10134,2026-05-05,Organic Search,Checkout,Desktop,India,Returning,8.55,7.2,37.68,0,0
S101303,U15032,2026-05-05,Organic Search,Home,Desktop,India,New,4.57,4.0,64.03,0,0
S106407,U15780,2026-05-05,Organic Search,Product Details,Mobile,Canada,New,2.19,1.8,69.17,0,0
S108163,U10177,2026-05-05,Referral,Services,Mobile,India,New,1.11,1.2,69.17,0,0
S109885,U11440,2026-05-05,Social Media,Pricing,Tablet,India,New,5.42,4.9,61.12,0,0
S103835,U14929,2026-05-05,Paid Search,FAQ,Desktop,India,New,3.71,2.5,63.44,0,0
S103658,U10704,2026-05-05,Organic Search,Product Details,Desktop,USA,New,2.17,1.2,55.59,0,0
S108094,U15414,2026-05-05,Direct,Blog,Mobile,India,Returning,4.6,5.2,41.35,0,0
S108039,U13841,2026-05-05,Organic Search,Product Details,Mobile,USA,New,4.06,3.9,53.23,0,0
S103696,U13373,2026-05-05,Organic Search,Product Details,Mobile,India,Returning,4.87,2.9,70.08,0,0
S109877,U11873,2026-05-05,Social Media,Product Details,Desktop,India,New,7.56,5.1,36.94,0,0
S101239,U12372,2026-05-05,Social Media,Product Details,Desktop,USA,New,1.38,3.1,56.07,1,100
S102887,U12377,2026-05-05,Referral,Home,Desktop,India,New,7.31,4.4,51.04,0,0
S109864,U11542,2026-05-05,Paid Search,Blog,Desktop,India,New,15.3,9.4,34.41,1,100
S102568,U12429,2026-05-05,Organic Search,Checkout,Desktop,India,New,6.9,6.0,45.32,0,0
S100957,U16377,2026-05-05,Referral,Products,Mobile,Canada,New,2.81,3.5,64.74,0,0
S109215,U13721,2026-05-05,Referral,Checkout,Desktop,India,New,13.85,10.5,10.0,0,0
S100981,U14721,2026-05-05,Organic Search,Blog,Desktop,India,New,10.76,8.5,40.69,0,0
S107888,U16113,2026-05-05,Paid Search,Home,Desktop,India,Returning,15.9,9.7,39.47,1,100
S103048,U11014,2026-05-05,Paid Search,Products,Desktop,Australia,New,5.02,3.8,51.87,0,0
S109954,U11388,2026-05-05,Direct,About Us,Mobile,India,New,0.41,2.0,62.71,0,0
S106197,U11308,2026-05-05,Direct,Pricing,Desktop,Canada,Returning,0.87,2.8,55.81,0,0
S103177,U11620,2026-05-05,Social Media,FAQ,Mobile,India,New,5.07,4.1,61.96,0,0
S100997,U15432,2026-05-05,Paid Search,Blog,Desktop,India,Returning,11.61,8.5,43.27,0,0
S103188,U10163,2026-05-05,Referral,Product Details,Desktop,UK,New,2.47,3.0,69.05,0,0
S101530,U13777,2026-05-06,Paid Search,Home,Mobile,UK,Returning,10.82,6.4,45.29,0,0
S102255,U11926,2026-05-06,Organic Search,Home,Mobile,India,New,6.02,6.3,52.15,0,0
S109849,U12012,2026-05-06,Social Media,Contact Us,Mobile,India,New,0.86,2.1,71.33,0,0
S100657,U12783,2026-05-06,Organic Search,Contact Us,Desktop,India,New,13.0,10.0,41.78,1,100
S109814,U13301,2026-05-06,Direct,FAQ,Mobile,India,Returning,1.27,1.7,60.3,0,0
S100181,U13628,2026-05-06,Referral,Home,Desktop,India,New,3.62,2.5,59.83,0,0
S106834,U16107,2026-05-06,Direct,Product Details,Desktop,India,New,2.2,2.2,74.9,0,0
S108791,U15236,2026-05-06,Social Media,Products,Desktop,USA,New,8.47,6.5,38.43,0,0
S103242,U14480,2026-05-06,Organic Search,Services,Tablet,Australia,New,7.98,6.2,53.71,0,0
S105517,U12962,2026-05-06,Organic Search,Checkout,Mobile,UK,New,2.13,4.1,57.71,0,0
S108081,U15874,2026-05-06,Social Media,Checkout,Mobile,India,Returning,4.66,2.5,56.61,0,0
S108296,U11066,2026-05-06,Paid Search,Home,Desktop,UK,New,3.54,1.5,75.62,0,0
S103744,U10771,2026-05-06,Organic Search,Checkout,Desktop,India,Returning,5.83,3.3,68.76,1,100
S108828,U12181,2026-05-06,Direct,Checkout,Desktop,USA,Returning,1.02,2.5,48.27,0,0
S108095,U11270,2026-05-06,Organic Search,Home,Mobile,India,New,4.43,3.8,58.37,0,0
S109785,U14511,2026-05-06,Organic Search,FAQ,Tablet,USA,New,5.26,5.3,46.06,0,0
S101605,U15320,2026-05-06,Social Media,Home,Mobile,India,Returning,11.41,8.0,35.74,0,0
S100189,U13303,2026-05-06,Organic Search,Home,Mobile,India,New,1.97,2.4,78.84,0,0
S105086,U10061,2026-05-06,Organic Search,Pricing,Desktop,India,Returning,7.8,5.3,61.31,0,0
S100236,U15250,2026-05-06,Paid Search,Product Details,Mobile,USA,Returning,2.89,3.0,60.07,0,0
S108897,U14162,2026-05-06,Paid Search,Blog,Tablet,India,New,3.38,2.6,61.9,0,0
S103156,U16053,2026-05-06,Paid Search,Products,Desktop,India,New,0.88,1.1,76.9,0,0
S100033,U11083,2026-05-06,Direct,Contact Us,Desktop,India,Returning,2.26,1.3,84.56,0,0
S105420,U12104,2026-05-06,Organic Search,Checkout,Desktop,India,Returning,10.41,6.7,40.51,1,100
S102926,U15947,2026-05-06,Organic Search,Home,Mobile,India,New,6.64,5.7,36.97,0,0
S106191,U15840,2026-05-06,Referral,Blog,Desktop,India,New,3.28,3.4,71.91,0,0
S107064,U14207,2026-05-06,Organic Search,Home,Tablet,India,Returning,9.82,6.8,32.7,0,0
S104971,U15556,2026-05-06,Paid Search,Products,Desktop,India,New,4.5,2.9,67.34,0,0
S100586,U13914,2026-05-06,Organic Search,Product Details,Desktop,USA,New,1.54,1.0,74.92,0,0
S105143,U10721,2026-05-06,Referral,Blog,Tablet,India,Returning,5.31,4.5,56.86,0,0
S101294,U13418,2026-05-06,Referral,Pricing,Desktop,India,New,4.94,4.2,59.29,0,0
S102836,U12248,2026-05-06,Paid Search,Home,Mobile,India,Returning,2.43,1.7,64.59,0,0
S104690,U12965,2026-05-06,Organic Search,Blog,Desktop,Canada,New,4.02,4.9,58.95,0,0
S104196,U11125,2026-05-06,Organic Search,Home,Desktop,India,New,3.55,3.1,63.32,0,0
S105898,U10493,2026-05-06,Referral,Home,Desktop,India,New,7.24,5.2,59.67,0,0
S104542,U13787,2026-05-06,Paid Search,Home,Desktop,India,New,4.23,3.8,72.93,0,0
S101129,U15733,2026-05-06,Organic Search,Product Details,Tablet,India,New,9.54,6.6,48.64,0,0
S102551,U15190,2026-05-06,Organic Search,Products,Mobile,Australia,Returning,16.21,9.8,30.02,1,100
S103785,U15150,2026-05-06,Social Media,Home,Desktop,Canada,Returning,3.1,1.7,70.74,0,0
S104486,U15848,2026-05-06,Direct,Product Details,Mobile,Australia,Returning,11.16,6.4,50.27,0,0
S109948,U11486,2026-05-06,Direct,Services,Tablet,India,New,5.64,2.9,43.61,0,0
S109571,U14635,2026-05-06,Paid Search,Checkout,Desktop,India,New,1.82,1.7,80.89,0,0
S100899,U14543,2026-05-06,Direct,About Us,Mobile,Canada,New,6.05,6.2,56.59,0,0
S106930,U12307,2026-05-06,Paid Search,Home,Tablet,Australia,New,2.33,2.9,77.81,0,0
S107981,U15312,2026-05-06,Organic Search,Product Details,Mobile,Canada,Returning,19.66,11.9,13.31,0,0
S104176,U14119,2026-05-06,Paid Search,Product Details,Mobile,Canada,New,3.1,3.1,70.26,0,0
S100978,U15146,2026-05-06,Direct,Pricing,Mobile,USA,Returning,2.45,4.7,54.68,1,100
S108770,U10493,2026-05-06,Paid Search,Product Details,Desktop,USA,Returning,1.89,1.2,64.59,0,0
S101632,U11501,2026-05-06,Social Media,Pricing,Desktop,India,New,3.5,2.5,59.8,0,0
S104469,U14283,2026-05-06,Direct,Services,Desktop,India,Returning,0.91,2.7,58.13,0,0
S108630,U15518,2026-05-06,Paid Search,Home,Mobile,USA,New,0.33,2.1,59.0,0,0
S108278,U11756,2026-05-07,Social Media,Contact Us,Desktop,Australia,Returning,5.94,6.3,39.98,0,0
S104409,U11117,2026-05-07,Paid Search,Home,Mobile,India,New,0.93,2.2,63.95,0,0
S101818,U16184,2026-05-07,Social Media,Product Details,Desktop,India,New,10.64,6.0,55.17,0,0
S106832,U13378,2026-05-07,Organic Search,Pricing,Desktop,Canada,New,3.18,3.3,59.37,0,0
S105875,U11691,2026-05-07,Referral,Services,Desktop,India,Returning,5.06,4.8,69.72,0,0
S104291,U16092,2026-05-07,Social Media,FAQ,Tablet,India,New,8.04,4.9,56.84,0,0
S102444,U15768,2026-05-07,Direct,Products,Tablet,USA,Returning,1.8,1.0,62.65,0,0
S105137,U10646,2026-05-07,Organic Search,Home,Mobile,India,Returning,4.08,4.1,41.47,0,0
S109431,U15783,2026-05-07,Direct,Services,Mobile,USA,Returning,10.21,4.6,63.09,0,0
S105166,U12411,2026-05-07,Organic Search,FAQ,Mobile,India,Returning,4.33,2.4,80.02,0,0
S102343,U13233,2026-05-07,Social Media,Home,Mobile,India,New,4.71,3.0,58.11,0,0
S108703,U13076,2026-05-07,Paid Search,Contact Us,Mobile,India,New,2.56,4.2,66.31,0,0
S105306,U11956,2026-05-07,Paid Search,Pricing,Desktop,India,Returning,2.46,2.3,66.6,0,0
S108435,U10453,2026-05-07,Paid Search,Checkout,Desktop,UK,New,6.6,4.3,54.5,0,0
S105515,U13979,2026-05-07,Organic Search,Services,Desktop,India,New,2.93,1.5,68.37,0,0
S100405,U12976,2026-05-07,Organic Search,Product Details,Mobile,Canada,New,1.02,1.2,71.67,0,0
S107823,U14523,2026-05-07,Direct,Products,Desktop,UK,New,2.65,2.9,59.71,0,0
S105569,U11611,2026-05-07,Social Media,Services,Desktop,Australia,New,6.67,6.3,51.81,0,0
S101558,U16123,2026-05-07,Social Media,Services,Desktop,India,New,6.88,3.0,50.6,0,0
S108612,U15202,2026-05-07,Organic Search,Home,Desktop,USA,New,5.16,6.3,50.41,0,0
S108440,U15248,2026-05-07,Social Media,Checkout,Desktop,Australia,New,6.73,5.9,40.42,0,0
S103106,U11652,2026-05-07,Direct,Products,Mobile,India,New,3.14,4.2,49.39,0,0
S109259,U14908,2026-05-07,Social Media,Checkout,Desktop,India,Returning,3.93,4.0,64.14,0,0
S101473,U14832,2026-05-07,Paid Search,Services,Mobile,India,New,3.24,2.2,69.93,0,0
S103121,U15872,2026-05-07,Paid Search,FAQ,Desktop,India,Returning,1.13,2.9,61.19,0,0
S100024,U16421,2026-05-07,Direct,Contact Us,Desktop,Canada,New,6.02,5.5,60.71,0,0
S107107,U14470,2026-05-07,Organic Search,Home,Desktop,Canada,New,3.74,2.4,55.62,0,0
S108957,U14959,2026-05-07,Organic Search,Services,Mobile,USA,New,6.99,5.2,50.9,0,0
S108207,U13019,2026-05-07,Direct,Blog,Desktop,India,New,1.98,2.8,74.5,0,0
S108504,U14841,2026-05-07,Organic Search,Home,Mobile,India,New,7.98,5.7,51.06,0,0
S107045,U13863,2026-05-07,Paid Search,Pricing,Desktop,UK,Returning,2.02,2.1,55.08,0,0
S104640,U14083,2026-05-07,Social Media,Home,Tablet,India,Returning,2.71,3.1,63.08,0,0
S102292,U13924,2026-05-07,Organic Search,Pricing,Desktop,USA,Returning,4.67,3.3,65.27,0,0
S104511,U12653,2026-05-07,Paid Search,Home,Mobile,India,Returning,5.56,4.1,57.1,1,100
S108535,U13626,2026-05-07,Referral,Pricing,Mobile,India,New,5.97,4.8,47.48,0,0
S100735,U11385,2026-05-07,Organic Search,Contact Us,Mobile,India,Returning,2.13,1.6,73.39,0,0
S100340,U15801,2026-05-07,Organic Search,Checkout,Desktop,UK,New,12.99,6.8,30.5,0,0
S106519,U12078,2026-05-07,Referral,Blog,Mobile,USA,Returning,12.19,6.7,43.45,1,100
S107583,U13511,2026-05-07,Social Media,Services,Desktop,UK,Returning,1.7,1.5,66.54,1,100
S100067,U10776,2026-05-07,Paid Search,Products,Mobile,India,New,5.21,3.5,49.17,0,0
S103645,U12097,2026-05-07,Direct,Checkout,Desktop,India,New,10.15,5.1,42.59,0,0
S101796,U10914,2026-05-07,Organic Search,Blog,Desktop,UK,New,3.38,4.2,61.48,0,0
S106702,U14086,2026-05-07,Paid Search,Services,Mobile,India,Returning,4.09,1.6,68.97,0,0
S108748,U15468,2026-05-07,Paid Search,Home,Mobile,India,Returning,1.74,2.3,77.23,0,0
S102389,U12990,2026-05-07,Referral,Blog,Mobile,India,Returning,9.52,5.9,45.13,0,0
S104980,U15040,2026-05-07,Referral,Home,Tablet,India,Returning,5.21,2.9,65.75,0,0
S107541,U10442,2026-05-07,Organic Search,Home,Desktop,India,New,3.69,1.6,75.29,0,0
S100579,U15053,2026-05-07,Paid Search,Blog,Desktop,USA,New,4.8,4.7,40.96,0,0
S106367,U10141,2026-05-07,Social Media,Home,Mobile,USA,Returning,2.86,2.9,52.6,0,0
S106755,U11967,2026-05-07,Organic Search,Home,Desktop,India,New,2.45,3.0,51.99,0,0
S104015,U16338,2026-05-08,Organic Search,Home,Desktop,India,New,9.4,5.0,63.87,0,0
S100467,U11716,2026-05-08,Paid Search,Checkout,Mobile,India,New,3.27,4.0,56.82,0,0
S108469,U13338,2026-05-08,Direct,Home,Tablet,India,New,1.26,1.0,73.3,0,0
S102420,U14432,2026-05-08,Organic Search,FAQ,Mobile,India,New,6.2,4.3,65.39,0,0
S101200,U10198,2026-05-08,Paid Search,Blog,Mobile,USA,New,1.88,2.9,66.87,0,0
S103660,U15483,2026-05-08,Referral,Products,Tablet,India,Returning,8.1,5.5,54.56,0,0
S101180,U13598,2026-05-08,Organic Search,Checkout,Mobile,USA,New,4.34,2.6,61.93,0,0
S103088,U11133,2026-05-08,Direct,About Us,Desktop,USA,New,4.91,3.2,67.23,0,0
S104026,U13560,2026-05-08,Organic Search,About Us,Desktop,India,New,5.72,4.9,73.7,0,0
S104203,U13375,2026-05-08,Direct,Home,Desktop,India,Returning,5.72,4.3,54.86,0,0
S109121,U10176,2026-05-08,Organic Search,Products,Mobile,India,New,6.18,4.8,55.17,0,0
S102978,U10461,2026-05-08,Organic Search,Pricing,Desktop,India,New,4.46,3.7,47.6,0,0
S101976,U10520,2026-05-08,Social Media,Home,Desktop,India,Returning,8.54,7.0,44.04,0,0
S103764,U11999,2026-05-08,Direct,Contact Us,Mobile,India,New,6.31,4.2,50.73,1,100
S101629,U11522,2026-05-08,Organic Search,Services,Mobile,India,New,14.72,9.3,45.16,0,0
S102488,U12632,2026-05-08,Referral,About Us,Desktop,USA,Returning,5.5,4.6,60.16,0,0
S102833,U12850,2026-05-08,Organic Search,Blog,Tablet,India,Returning,4.42,3.7,43.7,0,0
S108653,U11159,2026-05-08,Paid Search,Checkout,Mobile,USA,New,2.51,1.4,61.12,1,100
S103362,U12308,2026-05-08,Social Media,Product Details,Mobile,India,New,2.46,2.1,69.58,0,0
S107964,U15500,2026-05-08,Paid Search,Home,Mobile,Australia,New,11.45,6.4,47.16,0,0
S103359,U10688,2026-05-08,Direct,Product Details,Mobile,India,New,5.5,6.0,39.69,0,0
S100864,U11824,2026-05-08,Organic Search,Checkout,Mobile,UK,New,10.34,7.1,47.94,0,0
S109690,U14440,2026-05-08,Organic Search,Contact Us,Mobile,India,Returning,7.36,5.3,48.07,1,100
S104385,U12296,2026-05-08,Organic Search,Pricing,Mobile,India,New,9.97,5.9,37.64,0,0
S105073,U10803,2026-05-08,Organic Search,Products,Mobile,India,New,6.21,4.7,62.51,0,0
S104932,U12094,2026-05-08,Paid Search,Pricing,Mobile,India,New,2.56,2.9,69.18,0,0
S105124,U13671,2026-05-08,Organic Search,FAQ,Desktop,India,New,3.84,4.4,68.64,0,0
S101828,U16497,2026-05-08,Organic Search,FAQ,Desktop,USA,New,3.44,4.0,58.37,0,0
S109667,U14701,2026-05-08,Organic Search,Blog,Desktop,India,New,5.03,4.7,60.33,0,0
S104345,U10631,2026-05-08,Organic Search,Home,Mobile,India,New,6.01,4.0,54.63,0,0
S103638,U15411,2026-05-08,Direct,Services,Mobile,USA,New,2.48,3.3,64.28,0,0
S104336,U15346,2026-05-08,Referral,Product Details,Tablet,Canada,New,4.49,4.1,57.7,1,100
S108008,U11411,2026-05-08,Paid Search,Product Details,Tablet,USA,New,2.2,3.5,62.3,0,0
S101111,U14235,2026-05-08,Direct,Home,Desktop,Canada,New,0.3,1.5,62.06,0,0
S100530,U13357,2026-05-08,Paid Search,Home,Mobile,India,New,1.45,2.8,65.46,0,0
S101854,U10589,2026-05-08,Social Media,Home,Desktop,India,New,4.42,3.5,56.75,0,0
S101627,U14233,2026-05-08,Organic Search,Contact Us,Mobile,India,Returning,2.74,2.1,57.72,0,0
S105238,U14435,2026-05-08,Paid Search,Products,Tablet,USA,New,3.84,4.0,65.8,0,0
S101450,U14803,2026-05-08,Paid Search,About Us,Mobile,India,New,0.54,1.0,90.43,0,0
S104279,U13260,2026-05-08,Direct,Blog,Mobile,UK,New,6.11,4.4,58.44,0,0
S103794,U15161,2026-05-08,Direct,Product Details,Desktop,Australia,New,3.83,2.7,80.29,0,0
S109185,U15219,2026-05-08,Organic Search,Product Details,Mobile,India,Returning,4.48,2.5,58.33,0,0
S102264,U11044,2026-05-08,Paid Search,Home,Mobile,USA,New,3.08,2.7,72.51,0,0
S102897,U10378,2026-05-08,Referral,Contact Us,Mobile,Australia,New,2.83,2.0,66.13,0,0
S102764,U16141,2026-05-08,Organic Search,Home,Mobile,India,Returning,11.93,5.4,43.21,0,0
S109027,U12888,2026-05-08,Organic Search,Pricing,Mobile,India,New,4.23,5.3,41.65,0,0
S100922,U16197,2026-05-08,Organic Search,Product Details,Desktop,Canada,New,1.31,1.4,69.94,0,0
S107088,U12898,2026-05-08,Organic Search,Blog,Desktop,UK,New,10.59,8.0,43.78,0,0
S109802,U13863,2026-05-08,Organic Search,Products,Desktop,USA,New,0.56,3.1,57.77,0,0
S107091,U12039,2026-05-08,Paid Search,Blog,Mobile,India,New,3.38,1.6,58.24,0,0
S100361,U11046,2026-05-08,Referral,Blog,Desktop,India,New,13.48,8.8,26.87,0,0
S100126,U16185,2026-05-08,Referral,Home,Mobile,USA,Returning,1.36,1.8,64.99,0,0
S106240,U12054,2026-05-08,Social Media,Blog,Desktop,India,New,11.43,8.0,44.97,0,0
S106957,U13982,2026-05-08,Direct,Products,Desktop,Canada,Returning,3.41,1.9,67.0,0,0
S106144,U13604,2026-05-08,Organic Search,Contact Us,Desktop,Australia,New,8.25,6.7,44.65,0,0
S100283,U11803,2026-05-08,Direct,Services,Desktop,India,New,0.53,1.0,88.27,0,0
S105694,U12838,2026-05-08,Referral,Pricing,Desktop,UK,Returning,3.4,3.9,65.25,0,0
S106381,U12852,2026-05-08,Direct,Product Details,Mobile,USA,Returning,3.8,3.4,74.29,0,0
S106660,U12779,2026-05-08,Paid Search,Product Details,Desktop,USA,Returning,9.72,9.0,46.49,1,100
S100640,U15393,2026-05-09,Social Media,Blog,Tablet,India,Returning,3.98,2.6,73.4,0,0
S106465,U11877,2026-05-09,Direct,FAQ,Mobile,USA,New,9.57,6.6,57.85,0,0
S109300,U11646,2026-05-09,Social Media,Checkout,Desktop,UK,New,6.74,4.8,63.7,0,0
S101442,U11309,2026-05-09,Social Media,Home,Mobile,Australia,New,7.99,5.2,47.5,0,0
S108438,U11382,2026-05-09,Organic Search,Contact Us,Mobile,India,Returning,3.28,3.6,68.54,0,0
S101786,U11419,2026-05-09,Direct,FAQ,Desktop,India,New,2.03,2.0,74.95,0,0
S100625,U11572,2026-05-09,Referral,Products,Mobile,India,New,7.58,4.8,56.78,0,0
S107660,U13284,2026-05-09,Social Media,Home,Desktop,India,Returning,4.79,4.5,49.26,0,0
S106112,U15905,2026-05-09,Social Media,Contact Us,Desktop,India,New,3.25,4.8,49.15,0,0
S103330,U10008,2026-05-09,Paid Search,Contact Us,Desktop,India,New,2.76,2.0,52.46,0,0
S100660,U15487,2026-05-09,Social Media,Services,Desktop,India,New,2.67,5.3,49.13,1,100
S107248,U10221,2026-05-09,Social Media,Home,Mobile,India,New,9.01,4.7,55.57,0,0
S103341,U15330,2026-05-09,Organic Search,Product Details,Mobile,India,Returning,4.46,5.7,56.46,0,0
S108450,U14165,2026-05-09,Paid Search,Products,Mobile,Australia,New,8.22,5.2,59.94,0,0
S102376,U15593,2026-05-09,Organic Search,Products,Mobile,Australia,New,2.47,1.4,76.53,0,0
S109753,U12073,2026-05-09,Direct,Blog,Desktop,Australia,New,2.47,3.4,70.59,0,0
S108331,U14754,2026-05-09,Paid Search,Home,Desktop,USA,Returning,2.26,2.8,78.92,0,0
S106537,U10185,2026-05-09,Organic Search,FAQ,Mobile,USA,New,4.8,4.3,48.98,0,0
S108219,U16160,2026-05-09,Organic Search,Services,Mobile,India,Returning,6.51,5.5,54.75,0,0
S109642,U14081,2026-05-09,Organic Search,Home,Desktop,India,New,9.16,7.2,42.51,0,0
S109370,U16099,2026-05-09,Social Media,Checkout,Desktop,USA,New,2.37,2.1,62.97,0,0
S107466,U11413,2026-05-09,Social Media,Product Details,Desktop,India,New,5.66,2.3,56.99,0,0
S107223,U15623,2026-05-09,Organic Search,Products,Desktop,USA,Returning,4.63,3.9,54.05,0,0
S100795,U10540,2026-05-09,Organic Search,Pricing,Mobile,India,New,0.99,1.8,65.28,0,0
S105573,U13222,2026-05-09,Referral,Blog,Mobile,India,New,9.79,5.3,63.89,0,0
S109662,U10401,2026-05-09,Social Media,Contact Us,Tablet,USA,New,1.31,1.0,78.68,0,0
S107520,U12813,2026-05-09,Referral,FAQ,Desktop,India,Returning,2.42,2.6,86.77,0,0
S103907,U11304,2026-05-09,Organic Search,Services,Mobile,India,Returning,4.96,5.3,52.44,0,0
S109225,U14728,2026-05-09,Direct,Pricing,Mobile,India,New,2.64,2.0,72.13,0,0
S108731,U10814,2026-05-09,Paid Search,Contact Us,Tablet,Australia,New,6.69,5.3,57.64,0,0
S100330,U15981,2026-05-09,Organic Search,Home,Desktop,India,New,2.44,2.8,59.26,0,0
S108540,U14379,2026-05-09,Organic Search,Home,Desktop,Australia,New,1.92,3.0,62.27,0,0
S103872,U14155,2026-05-09,Referral,Home,Mobile,Australia,New,1.91,4.0,62.39,0,0
S104715,U13490,2026-05-09,Direct,Product Details,Desktop,USA,New,5.22,3.7,68.78,0,0
S108538,U12377,2026-05-09,Direct,Checkout,Mobile,India,Returning,5.73,4.9,48.65,0,0
S100584,U15537,2026-05-09,Direct,Services,Desktop,India,New,7.15,3.4,51.99,1,100
S109256,U11076,2026-05-09,Paid Search,Checkout,Desktop,India,New,3.41,5.1,40.22,0,0
S107026,U16145,2026-05-09,Referral,FAQ,Mobile,Canada,New,4.0,1.7,68.17,0,0
S101688,U11772,2026-05-09,Direct,Home,Mobile,India,Returning,2.36,1.0,72.23,0,0
S100104,U10380,2026-05-09,Organic Search,FAQ,Desktop,India,New,2.24,3.1,62.87,0,0
S104896,U14656,2026-05-09,Paid Search,Services,Mobile,USA,Returning,2.45,2.1,75.06,0,0
S106694,U15595,2026-05-09,Referral,Home,Tablet,UK,New,3.98,3.3,73.42,0,0
S108005,U13365,2026-05-09,Direct,Product Details,Tablet,India,Returning,6.1,5.2,58.36,0,0
S107559,U10265,2026-05-09,Organic Search,Contact Us,Mobile,Canada,New,7.29,6.4,25.54,0,0
S107785,U14322,2026-05-09,Organic Search,Product Details,Desktop,USA,New,3.35,2.1,75.48,1,100
S103057,U12086,2026-05-09,Organic Search,Products,Desktop,Australia,Returning,4.02,3.5,46.41,0,0
S104402,U12350,2026-05-09,Paid Search,Products,Desktop,USA,New,5.75,6.1,39.62,0,0
S102720,U16489,2026-05-09,Direct,Blog,Mobile,USA,Returning,3.71,4.1,44.75,0,0
S105703,U11295,2026-05-10,Paid Search,Blog,Desktop,India,Returning,6.27,3.6,52.55,0,0
S101167,U12899,2026-05-10,Social Media,Services,Mobile,India,Returning,7.76,5.1,46.01,0,0
S102262,U10969,2026-05-10,Referral,Services,Mobile,India,Returning,1.04,1.4,72.2,0,0
S103742,U13190,2026-05-10,Referral,FAQ,Desktop,India,New,9.11,5.1,59.75,0,0
S109913,U11931,2026-05-10,Direct,Product Details,Mobile,USA,New,7.72,6.8,50.19,0,0
S102103,U15067,2026-05-10,Social Media,About Us,Mobile,Australia,New,0.3,2.2,71.5,0,0
S107678,U11134,2026-05-10,Organic Search,Pricing,Desktop,USA,New,2.93,3.6,64.22,0,0
S102890,U10963,2026-05-10,Direct,Product Details,Mobile,India,New,2.85,2.4,62.66,0,0
S104985,U15042,2026-05-10,Paid Search,Checkout,Desktop,India,Returning,6.85,4.1,48.32,0,0
S104876,U14315,2026-05-10,Social Media,Product Details,Desktop,USA,Returning,3.52,4.2,56.58,0,0
S106546,U16156,2026-05-10,Paid Search,Home,Mobile,Canada,New,0.77,1.4,88.41,0,0
S109125,U14000,2026-05-10,Paid Search,Services,Mobile,UK,New,7.62,5.0,47.56,0,0
S105931,U12106,2026-05-10,Referral,About Us,Desktop,India,New,2.35,3.2,63.64,0,0
S106679,U12106,2026-05-10,Direct,Contact Us,Desktop,USA,New,0.87,2.2,73.17,0,0
S100809,U11582,2026-05-10,Organic Search,About Us,Mobile,Canada,New,4.04,5.8,51.96,0,0
S105297,U11086,2026-05-10,Paid Search,Blog,Desktop,India,New,11.37,7.3,33.65,0,0
S104390,U11947,2026-05-10,Direct,Products,Desktop,India,Returning,8.75,5.8,40.9,0,0
S108480,U14176,2026-05-10,Organic Search,Home,Desktop,USA,New,6.31,6.4,51.88,0,0
S105261,U15992,2026-05-10,Organic Search,About Us,Desktop,Canada,New,4.11,2.7,54.03,0,0
S106788,U16121,2026-05-10,Referral,Services,Desktop,India,New,5.96,5.0,62.84,1,100
S103482,U11139,2026-05-10,Direct,Home,Mobile,UK,Returning,3.11,2.5,65.87,0,0
S100364,U16374,2026-05-10,Paid Search,Pricing,Mobile,UK,New,1.83,2.2,60.66,0,0
S106165,U11940,2026-05-10,Paid Search,About Us,Mobile,UK,Returning,8.24,4.2,51.02,0,0
S101085,U15043,2026-05-10,Social Media,Contact Us,Tablet,India,New,2.41,3.6,71.38,1,100
S105136,U10485,2026-05-10,Direct,Pricing,Desktop,USA,New,9.25,5.2,60.57,0,0
S108865,U15546,2026-05-10,Paid Search,About Us,Tablet,Australia,New,5.07,3.6,64.26,0,0
S109428,U13982,2026-05-10,Paid Search,FAQ,Desktop,India,New,5.23,3.7,66.18,0,0
S105095,U12592,2026-05-10,Paid Search,FAQ,Desktop,India,New,8.29,4.2,62.41,0,0
S102483,U10010,2026-05-10,Direct,Pricing,Desktop,India,Returning,8.56,6.8,43.67,0,0
S107360,U11216,2026-05-10,Direct,Pricing,Mobile,Canada,New,5.87,5.4,41.33,1,100
S105809,U15448,2026-05-10,Direct,Checkout,Tablet,India,Returning,11.16,7.1,46.87,1,100
S109797,U14367,2026-05-10,Referral,Blog,Desktop,India,New,8.7,4.8,42.96,0,0
S108875,U10224,2026-05-10,Paid Search,Services,Mobile,India,Returning,6.48,6.2,56.02,1,100
S100534,U13119,2026-05-10,Paid Search,Services,Mobile,Canada,New,4.47,2.8,58.01,0,0
S104614,U14959,2026-05-10,Paid Search,Services,Mobile,India,New,7.66,4.4,62.93,0,0
S108582,U11312,2026-05-10,Organic Search,Home,Mobile,India,New,1.12,2.5,66.1,0,0
S100139,U12732,2026-05-10,Referral,Contact Us,Mobile,UK,New,3.51,3.9,62.8,0,0
S107180,U13160,2026-05-10,Direct,Product Details,Tablet,Canada,New,1.84,2.9,71.85,0,0
S103448,U12296,2026-05-10,Paid Search,Blog,Mobile,India,New,2.21,3.6,52.74,0,0
S100793,U13720,2026-05-10,Direct,About Us,Desktop,India,New,3.69,3.1,69.7,0,0
S100629,U11688,2026-05-10,Referral,Contact Us,Mobile,Australia,New,2.95,3.7,69.14,0,0
S108201,U12664,2026-05-10,Organic Search,Home,Mobile,India,New,4.48,5.1,52.71,0,0
S100573,U11688,2026-05-10,Organic Search,About Us,Mobile,India,Returning,4.76,5.3,42.81,0,0
S103513,U11450,2026-05-10,Organic Search,Home,Tablet,India,New,3.1,2.0,77.71,0,0
S102223,U13779,2026-05-10,Organic Search,Home,Mobile,Canada,New,7.6,6.2,52.93,0,0
S103503,U10281,2026-05-10,Referral,Product Details,Tablet,Canada,New,3.32,4.4,55.44,1,100
S101816,U13112,2026-05-10,Organic Search,Product Details,Desktop,Australia,New,7.43,5.3,51.16,0,0
S106426,U15988,2026-05-10,Paid Search,FAQ,Desktop,Canada,New,4.66,3.9,63.52,0,0
S101151,U11571,2026-05-10,Paid Search,About Us,Tablet,USA,New,4.43,1.9,69.2,0,0
S109722,U14355,2026-05-11,Referral,Blog,Mobile,India,New,3.62,3.1,53.42,0,0
S104398,U12501,2026-05-11,Direct,Products,Mobile,India,New,3.48,4.3,67.54,1,100
S108414,U10045,2026-05-11,Paid Search,Services,Desktop,India,New,6.34,3.8,57.3,0,0
S104369,U13484,2026-05-11,Organic Search,Blog,Mobile,India,New,9.07,4.1,58.98,0,0
S107270,U16431,2026-05-11,Direct,Products,Desktop,Canada,New,10.45,5.6,36.31,0,0
S102465,U15204,2026-05-11,Referral,Contact Us,Tablet,India,New,8.47,6.8,52.82,0,0
S103087,U10664,2026-05-11,Paid Search,Pricing,Mobile,UK,New,4.5,2.8,56.67,1,100
S101707,U10432,2026-05-11,Organic Search,Contact Us,Tablet,India,Returning,3.73,2.9,53.89,0,0
S101508,U12075,2026-05-11,Direct,Product Details,Mobile,Australia,Returning,2.79,3.5,64.11,1,100
S109883,U11182,2026-05-11,Referral,Product Details,Desktop,India,Returning,3.23,2.7,71.36,0,0
S107316,U13581,2026-05-11,Paid Search,Blog,Desktop,India,Returning,10.87,8.4,38.3,0,0
S104191,U15843,2026-05-11,Organic Search,About Us,Desktop,UK,New,4.16,5.3,36.58,0,0
S103067,U14622,2026-05-11,Paid Search,Home,Desktop,India,New,7.87,5.5,67.13,0,0
S107702,U10586,2026-05-11,Organic Search,Pricing,Mobile,India,Returning,5.38,4.0,53.61,0,0
S104970,U15600,2026-05-11,Organic Search,Product Details,Desktop,UK,New,5.98,6.0,49.07,0,0
S102028,U15512,2026-05-11,Paid Search,Products,Mobile,Australia,New,2.01,2.9,76.51,0,0
S102494,U11317,2026-05-11,Referral,Contact Us,Mobile,India,New,2.96,3.3,60.16,0,0
S101270,U12731,2026-05-11,Organic Search,About Us,Mobile,India,New,4.01,3.5,78.67,0,0
S101491,U13181,2026-05-11,Organic Search,Product Details,Mobile,USA,New,6.05,3.9,53.3,0,0
S106089,U11588,2026-05-11,Direct,Blog,Mobile,Canada,New,6.18,2.9,50.94,0,0
S105878,U16251,2026-05-11,Referral,Services,Desktop,India,Returning,1.71,3.6,66.97,0,0
S108390,U13492,2026-05-11,Direct,Products,Mobile,USA,New,7.78,4.3,71.72,0,0
S106581,U15248,2026-05-11,Organic Search,Home,Mobile,India,Returning,4.1,4.6,52.07,0,0
S107388,U13656,2026-05-11,Referral,Home,Desktop,India,New,1.58,2.3,83.02,0,0
S105650,U11037,2026-05-11,Direct,About Us,Mobile,India,Returning,3.32,5.3,59.42,0,0
S105847,U15321,2026-05-11,Direct,Products,Desktop,India,New,2.57,2.8,61.07,0,0
S108832,U11398,2026-05-11,Referral,Home,Desktop,India,New,4.93,3.3,66.58,0,0
S100450,U16003,2026-05-11,Referral,Product Details,Mobile,India,New,1.61,1.0,83.17,0,0
S101346,U13121,2026-05-11,Organic Search,Checkout,Mobile,Canada,New,1.76,1.9,56.47,0,0
S108238,U15160,2026-05-11,Organic Search,About Us,Mobile,India,Returning,9.69,7.3,33.32,0,0
S108032,U14730,2026-05-11,Direct,Product Details,Mobile,India,New,1.96,2.5,64.31,0,0
S102250,U11580,2026-05-11,Social Media,Products,Desktop,India,Returning,14.15,9.6,32.78,0,0
S109305,U10768,2026-05-11,Paid Search,Checkout,Tablet,USA,Returning,7.78,6.9,60.47,1,100
S104804,U10140,2026-05-11,Social Media,Blog,Mobile,India,New,6.21,5.0,54.72,0,0
S101693,U13431,2026-05-11,Direct,Checkout,Desktop,India,New,2.38,3.2,74.85,0,0
S101813,U12746,2026-05-11,Organic Search,Products,Mobile,Canada,New,10.19,5.1,48.21,0,0
S105449,U12829,2026-05-11,Direct,About Us,Tablet,India,New,1.29,1.0,60.87,0,0
S109763,U14416,2026-05-11,Organic Search,Services,Mobile,India,New,1.64,1.5,81.72,0,0
S101050,U11313,2026-05-11,Referral,Home,Mobile,India,New,5.3,4.1,59.46,0,0
S109406,U16194,2026-05-11,Paid Search,Contact Us,Desktop,USA,New,5.92,5.6,51.6,1,100
S103309,U14977,2026-05-11,Direct,Pricing,Mobile,India,New,3.56,3.4,68.42,0,0
S102411,U12391,2026-05-11,Paid Search,Home,Mobile,UK,Returning,3.72,2.0,68.82,0,0
S106764,U13635,2026-05-11,Organic Search,Product Details,Desktop,India,Returning,12.81,9.9,28.92,0,0
S102816,U16336,2026-05-11,Referral,Products,Mobile,India,New,2.23,2.4,64.84,0,0
S102813,U12445,2026-05-11,Direct,Home,Desktop,Canada,New,5.2,3.7,53.39,0,0
S101408,U16104,2026-05-11,Organic Search,About Us,Mobile,India,Returning,3.05,3.1,56.0,0,0
S103280,U14684,2026-05-11,Paid Search,Checkout,Mobile,India,New,5.46,4.3,48.38,0,0
S101079,U10646,2026-05-11,Paid Search,Product Details,Mobile,India,New,1.77,2.3,63.17,1,100
S107566,U12926,2026-05-11,Social Media,Product Details,Desktop,India,New,1.29,2.6,60.62,0,0
S106333,U10978,2026-05-11,Referral,Blog,Tablet,UK,New,2.86,2.4,63.31,0,0
S106448,U11978,2026-05-11,Organic Search,Products,Desktop,India,Returning,2.27,1.1,74.01,0,0
S106901,U10019,2026-05-11,Paid Search,Products,Tablet,India,New,16.35,9.7,34.37,1,100
S101805,U14689,2026-05-11,Social Media,FAQ,Tablet,UK,New,17.0,10.1,30.36,1,100
S104895,U14577,2026-05-11,Referral,FAQ,Mobile,India,New,0.45,2.9,51.15,0,0
S102919,U14879,2026-05-11,Organic Search,Checkout,Mobile,India,New,4.11,3.1,75.27,0,0
S109044,U14761,2026-05-11,Referral,Services,Desktop,Canada,New,0.65,2.8,68.47,0,0
S109005,U15545,2026-05-11,Direct,Home,Mobile,Australia,New,14.08,10.3,46.57,0,0
S104102,U13859,2026-05-11,Organic Search,Home,Desktop,India,Returning,4.32,3.7,68.19,1,100
S108973,U16027,2026-05-11,Organic Search,Checkout,Desktop,India,Returning,2.49,3.0,50.88,0,0
S100613,U10729,2026-05-11,Referral,Product Details,Mobile,Australia,Returning,4.8,2.7,60.32,0,0
S101753,U15873,2026-05-11,Referral,Product Details,Mobile,India,Returning,5.59,3.8,53.85,0,0
S101910,U12508,2026-05-11,Referral,Blog,Desktop,India,New,3.03,3.7,66.12,0,0
S109993,U11360,2026-05-11,Social Media,Contact Us,Desktop,India,Returning,0.89,2.8,65.83,0,0
S101842,U10826,2026-05-11,Paid Search,About Us,Desktop,India,New,4.04,5.0,61.89,1,100
S100278,U11960,2026-05-11,Referral,Products,Desktop,India,New,2.4,3.5,72.23,0,0
S104862,U13655,2026-05-11,Organic Search,Pricing,Mobile,UK,New,6.42,4.2,49.44,0,0
S102512,U13504,2026-05-11,Paid Search,FAQ,Mobile,India,Returning,3.37,2.9,67.07,0,0
S109193,U13369,2026-05-11,Social Media,Home,Mobile,India,New,1.36,2.5,61.92,0,0
S109564,U16364,2026-05-11,Organic Search,Home,Mobile,Canada,Returning,14.51,8.6,23.58,1,100
S100801,U16043,2026-05-11,Paid Search,Home,Mobile,India,New,10.3,5.6,63.03,0,0
S107756,U10806,2026-05-12,Paid Search,Blog,Desktop,India,New,6.64,4.9,46.55,0,0
S105884,U16417,2026-05-12,Organic Search,Blog,Desktop,India,New,4.47,3.1,50.78,0,0
S103372,U10575,2026-05-12,Social Media,Home,Desktop,India,Returning,1.76,1.8,75.98,0,0
S104394,U13645,2026-05-12,Referral,Contact Us,Mobile,India,New,1.09,1.0,76.02,0,0
S103269,U11538,2026-05-12,Paid Search,Contact Us,Mobile,India,Returning,2.07,3.7,72.62,1,100
S102246,U12213,2026-05-12,Direct,Contact Us,Mobile,Canada,Returning,4.35,4.3,48.75,0,0
S102065,U10428,2026-05-12,Organic Search,Contact Us,Tablet,India,Returning,6.76,2.9,77.44,0,0
S101779,U15017,2026-05-12,Direct,Blog,Mobile,India,New,1.37,2.0,70.08,0,0
S107442,U10616,2026-05-12,Social Media,Pricing,Desktop,India,New,2.17,3.1,64.05,0,0
S107023,U16257,2026-05-12,Social Media,Home,Mobile,India,New,5.26,3.9,58.45,0,0
S100676,U13295,2026-05-12,Organic Search,About Us,Desktop,India,New,2.31,2.6,54.59,0,0
S105062,U15461,2026-05-12,Referral,Product Details,Mobile,India,New,4.43,4.3,60.19,1,100
S100678,U11157,2026-05-12,Direct,Pricing,Desktop,India,New,2.93,2.4,53.51,0,0
S104773,U10659,2026-05-12,Paid Search,Home,Desktop,USA,Returning,6.67,3.3,60.47,0,0
S104888,U15534,2026-05-12,Social Media,Home,Mobile,Canada,Returning,5.31,4.5,45.39,0,0
S104297,U12793,2026-05-12,Paid Search,Checkout,Mobile,India,New,12.0,8.7,32.49,0,0
S104984,U10061,2026-05-12,Organic Search,Blog,Desktop,India,New,2.98,3.1,60.08,0,0
S104574,U12839,2026-05-12,Direct,Pricing,Desktop,India,Returning,5.15,4.2,65.02,0,0
S104571,U14501,2026-05-12,Referral,Pricing,Mobile,India,New,2.58,3.1,61.1,1,100
S100796,U12780,2026-05-12,Direct,Pricing,Mobile,Canada,New,3.87,3.5,63.26,0,0
S101702,U12034,2026-05-12,Paid Search,Blog,Mobile,UK,New,5.38,3.4,48.55,0,0
S103390,U13865,2026-05-12,Paid Search,About Us,Mobile,India,New,3.63,1.5,56.32,0,0
S108856,U15212,2026-05-12,Organic Search,Home,Mobile,Canada,New,3.9,4.1,60.82,0,0
S100745,U10824,2026-05-12,Paid Search,Contact Us,Tablet,India,New,8.88,8.1,44.46,0,0
S108806,U11575,2026-05-12,Organic Search,FAQ,Mobile,USA,Returning,1.42,1.0,66.21,0,0
S100107,U12063,2026-05-12,Direct,Product Details,Desktop,India,New,8.65,7.6,29.66,0,0
S103745,U13156,2026-05-12,Organic Search,FAQ,Desktop,India,Returning,3.12,4.8,54.11,0,0
S105444,U15795,2026-05-12,Direct,Product Details,Desktop,India,New,9.73,5.7,50.64,0,0
S106586,U15574,2026-05-12,Direct,Services,Tablet,India,New,11.28,5.5,40.82,0,0
S108020,U10547,2026-05-12,Organic Search,Blog,Desktop,India,New,6.73,4.6,60.18,1,100
S107818,U10993,2026-05-12,Referral,Services,Desktop,India,New,7.22,5.5,53.98,0,0
S102802,U14720,2026-05-12,Organic Search,Home,Desktop,India,New,5.39,4.8,44.05,0,0
S102678,U16397,2026-05-12,Organic Search,Services,Mobile,USA,New,9.05,6.2,37.8,1,100
S107268,U11515,2026-05-12,Organic Search,Pricing,Mobile,USA,New,8.04,4.7,50.5,0,0
S107176,U11883,2026-05-12,Direct,Home,Mobile,India,New,4.28,5.3,60.92,0,0
S109124,U12503,2026-05-12,Social Media,Product Details,Tablet,India,Returning,12.45,8.5,59.29,1,100
S100897,U11359,2026-05-12,Organic Search,Products,Mobile,India,Returning,3.51,3.7,53.61,1,100
S105357,U11630,2026-05-12,Direct,Pricing,Desktop,India,Returning,1.45,1.0,77.2,0,0
S102992,U15927,2026-05-12,Paid Search,Product Details,Tablet,India,New,4.6,5.0,53.86,0,0
S107226,U13736,2026-05-12,Organic Search,Services,Mobile,USA,New,6.5,3.8,55.91,0,0
S108067,U12684,2026-05-12,Referral,Product Details,Desktop,USA,New,2.04,2.9,73.44,1,100
S106783,U10366,2026-05-12,Organic Search,Home,Mobile,India,New,4.15,4.9,50.08,0,0
S103876,U13808,2026-05-12,Paid Search,Services,Desktop,India,New,4.24,4.6,61.3,0,0
S108141,U15919,2026-05-12,Organic Search,Products,Desktop,USA,Returning,4.13,3.7,69.98,0,0
S108441,U12739,2026-05-12,Organic Search,Product Details,Desktop,Canada,New,7.32,5.1,46.14,0,0
S106355,U16020,2026-05-12,Paid Search,Pricing,Mobile,Canada,Returning,11.62,6.9,51.36,0,0
S101573,U15159,2026-05-12,Referral,Product Details,Desktop,UK,New,1.48,1.4,90.7,0,0
S101141,U16462,2026-05-13,Paid Search,Home,Desktop,UK,New,3.41,4.7,64.23,0,0
S102670,U14226,2026-05-13,Social Media,Home,Mobile,India,New,5.22,3.1,67.18,0,0
S104386,U15686,2026-05-13,Direct,Checkout,Desktop,USA,Returning,4.95,3.4,44.35,0,0
S104523,U12766,2026-05-13,Referral,Products,Mobile,India,Returning,9.59,6.8,39.18,0,0
S108942,U16101,2026-05-13,Organic Search,Product Details,Desktop,India,New,1.22,1.5,67.93,0,0
S105424,U14551,2026-05-13,Direct,Blog,Mobile,India,New,16.57,10.5,37.58,0,0
S106429,U14020,2026-05-13,Direct,Checkout,Desktop,India,New,11.32,7.6,46.8,1,100
S104008,U12954,2026-05-13,Paid Search,Home,Mobile,India,New,5.41,5.5,54.5,1,100
S108179,U11303,2026-05-13,Paid Search,About Us,Tablet,Canada,New,4.69,3.4,73.63,0,0
S100246,U10203,2026-05-13,Referral,Blog,Mobile,India,New,7.63,5.6,75.13,0,0
S106372,U14349,2026-05-13,Paid Search,Blog,Desktop,USA,New,5.52,4.8,46.09,0,0
S105724,U15559,2026-05-13,Organic Search,Home,Mobile,India,Returning,1.71,2.2,74.02,0,0
S103705,U13053,2026-05-13,Referral,FAQ,Mobile,India,New,13.65,10.2,18.77,1,100
S106700,U15892,2026-05-13,Organic Search,Contact Us,Mobile,India,New,7.79,3.5,47.98,0,0
S104080,U12159,2026-05-13,Referral,Pricing,Desktop,India,New,4.55,4.1,60.18,0,0
S108835,U14575,2026-05-13,Paid Search,Blog,Desktop,USA,Returning,8.83,5.3,51.51,0,0
S100463,U11149,2026-05-13,Paid Search,Blog,Tablet,India,New,6.03,4.6,58.44,0,0
S104139,U13415,2026-05-13,Social Media,Pricing,Desktop,India,New,4.91,2.6,65.9,0,0
S105412,U11541,2026-05-13,Organic Search,Blog,Mobile,India,New,3.9,3.8,83.44,0,0
S109852,U10521,2026-05-13,Organic Search,Products,Desktop,India,New,7.3,5.7,51.47,0,0
S102423,U15244,2026-05-13,Organic Search,Pricing,Tablet,India,New,4.12,4.0,56.14,0,0
S108634,U16311,2026-05-13,Paid Search,Product Details,Mobile,USA,Returning,8.12,5.7,48.42,0,0
S106490,U13399,2026-05-13,Organic Search,About Us,Desktop,India,New,4.37,3.3,58.1,0,0
S108458,U15695,2026-05-13,Referral,Blog,Mobile,India,Returning,2.81,1.6,70.62,0,0
S104509,U13744,2026-05-13,Organic Search,Products,Desktop,UK,New,7.21,6.3,50.88,0,0
S109480,U15250,2026-05-13,Organic Search,Services,Desktop,India,New,5.6,4.9,50.22,0,0
S109457,U12886,2026-05-13,Referral,Products,Desktop,India,New,1.51,3.6,49.8,0,0
S107095,U14684,2026-05-13,Organic Search,About Us,Desktop,India,New,8.0,4.6,49.82,0,0
S109660,U10433,2026-05-13,Direct,About Us,Desktop,Australia,New,13.97,9.4,24.78,0,0
S104282,U13924,2026-05-13,Referral,Contact Us,Desktop,India,New,7.67,3.2,69.92,0,0
S108918,U13581,2026-05-13,Paid Search,Products,Mobile,UK,Returning,7.22,4.9,36.94,1,100
S101065,U14855,2026-05-13,Referral,Checkout,Mobile,India,Returning,4.8,3.4,65.67,0,0
S104770,U14621,2026-05-13,Direct,Checkout,Mobile,India,New,11.76,9.0,17.91,1,100
S103266,U13649,2026-05-13,Paid Search,Blog,Desktop,Canada,New,9.09,6.0,64.9,0,0
S104698,U11105,2026-05-13,Referral,Checkout,Desktop,Canada,New,3.22,2.9,62.78,0,0
S107524,U14488,2026-05-13,Referral,About Us,Desktop,India,New,3.35,3.3,58.84,0,0
S106553,U12553,2026-05-13,Direct,About Us,Tablet,India,Returning,2.23,3.7,56.35,0,0
S100763,U15796,2026-05-13,Paid Search,Products,Desktop,India,Returning,5.84,5.4,58.21,0,0
S109506,U13736,2026-05-13,Paid Search,Home,Desktop,India,New,1.07,1.8,75.29,0,0
S102656,U10594,2026-05-13,Organic Search,Products,Desktop,India,Returning,2.02,3.4,67.87,0,0
S100567,U16402,2026-05-13,Direct,Product Details,Desktop,USA,New,0.87,2.7,72.88,0,0
S102544,U14840,2026-05-13,Direct,Home,Tablet,Australia,Returning,1.91,2.0,60.82,0,0
S103810,U14929,2026-05-13,Direct,Product Details,Mobile,Australia,New,2.4,2.8,59.58,1,100
S107381,U15732,2026-05-13,Social Media,Products,Mobile,UK,New,3.87,3.1,67.71,0,0
S108115,U10801,2026-05-13,Paid Search,Home,Mobile,USA,New,8.34,6.1,54.33,0,0
S100164,U11679,2026-05-13,Paid Search,About Us,Desktop,India,New,7.09,5.3,49.47,0,0
S100428,U10785,2026-05-13,Direct,About Us,Mobile,India,New,4.05,4.7,63.53,1,100
S103605,U10772,2026-05-13,Direct,Checkout,Mobile,Australia,Returning,8.26,5.8,43.19,0,0
S108422,U13833,2026-05-13,Paid Search,Pricing,Desktop,India,Returning,7.07,5.9,50.4,0,0
S101039,U15638,2026-05-13,Referral,FAQ,Desktop,India,New,5.56,3.4,63.4,0,0
S108161,U10343,2026-05-13,Direct,Contact Us,Mobile,India,New,7.58,6.1,41.1,0,0
S108382,U14023,2026-05-13,Direct,Home,Desktop,Australia,New,4.1,2.7,66.01,0,0
S103826,U11830,2026-05-13,Referral,Checkout,Mobile,India,Returning,2.74,3.1,48.27,0,0
S104678,U10977,2026-05-13,Social Media,Pricing,Mobile,India,New,2.95,4.5,53.07,0,0
S109234,U14017,2026-05-13,Organic Search,Home,Desktop,India,New,0.95,1.0,79.68,0,0
S104587,U12972,2026-05-13,Direct,Home,Desktop,USA,New,5.08,2.7,60.36,0,0
S105937,U11252,2026-05-14,Organic Search,About Us,Tablet,India,New,5.16,4.2,73.84,0,0
S102790,U14796,2026-05-14,Referral,Home,Desktop,Canada,Returning,2.14,1.7,76.71,0,0
S108573,U10529,2026-05-14,Organic Search,Home,Mobile,India,New,1.81,2.0,72.57,0,0
S102386,U13016,2026-05-14,Direct,FAQ,Tablet,UK,New,6.12,4.7,54.28,0,0
S108275,U10256,2026-05-14,Social Media,Pricing,Desktop,India,Returning,2.75,3.4,69.38,1,100
S109385,U13023,2026-05-14,Referral,Pricing,Desktop,India,New,3.98,2.8,54.91,0,0
S100706,U10500,2026-05-14,Referral,About Us,Desktop,Canada,Returning,5.53,6.0,56.39,0,0
S103397,U11396,2026-05-14,Paid Search,Checkout,Tablet,India,Returning,3.55,3.4,69.89,0,0
S109560,U10673,2026-05-14,Organic Search,Home,Desktop,India,Returning,1.37,3.7,67.12,0,0
S103723,U13809,2026-05-14,Referral,Product Details,Mobile,UK,Returning,5.06,2.9,58.68,0,0
S102750,U10820,2026-05-14,Organic Search,FAQ,Mobile,India,New,5.52,2.2,80.12,0,0
S109931,U15425,2026-05-14,Organic Search,Services,Desktop,India,Returning,4.75,2.7,60.94,0,0
S106181,U14038,2026-05-14,Direct,About Us,Mobile,India,Returning,5.67,2.6,67.59,0,0
S105817,U13546,2026-05-14,Organic Search,Products,Mobile,Canada,New,0.3,2.4,63.79,0,0
S106531,U11398,2026-05-14,Social Media,Services,Mobile,India,Returning,3.37,3.3,67.51,0,0
S106935,U15541,2026-05-14,Paid Search,Products,Mobile,India,Returning,4.67,5.1,55.16,0,0
S100655,U11820,2026-05-14,Organic Search,Home,Desktop,India,New,2.14,1.8,63.09,0,0
S106750,U15352,2026-05-14,Organic Search,Products,Desktop,India,New,4.98,4.9,64.34,0,0
S103791,U12243,2026-05-14,Organic Search,Product Details,Desktop,India,New,2.99,4.3,54.37,0,0
S109826,U13532,2026-05-14,Organic Search,Contact Us,Desktop,India,New,5.47,4.6,57.98,0,0
S107624,U15188,2026-05-14,Organic Search,Products,Tablet,India,Returning,5.33,5.6,55.02,0,0
S105750,U12893,2026-05-14,Organic Search,Product Details,Mobile,India,Returning,4.66,3.2,69.03,0,0
S103783,U12022,2026-05-14,Paid Search,Blog,Desktop,India,Returning,3.76,1.2,62.79,0,0
S102869,U12490,2026-05-14,Organic Search,Home,Mobile,India,New,0.57,2.0,68.8,0,0
S106666,U16055,2026-05-14,Organic Search,Home,Desktop,India,New,0.51,1.5,76.45,0,0
S109827,U13907,2026-05-14,Direct,Blog,Mobile,Australia,New,5.99,6.9,50.38,1,100
S105459,U16143,2026-05-14,Referral,Blog,Desktop,India,New,1.02,2.0,58.41,0,0
S106931,U11159,2026-05-14,Referral,Pricing,Desktop,India,Returning,12.37,7.8,37.28,0,0
S104506,U10667,2026-05-14,Direct,Products,Mobile,Australia,New,2.46,4.4,74.22,0,0
S102719,U11954,2026-05-14,Direct,Blog,Mobile,India,Returning,12.58,7.3,46.12,0,0
S103763,U11857,2026-05-14,Organic Search,Product Details,Desktop,India,Returning,3.86,2.3,73.75,0,0
S107960,U16231,2026-05-14,Organic Search,Home,Desktop,India,Returning,2.29,1.2,81.44,0,0
S104730,U11904,2026-05-14,Paid Search,Services,Mobile,Australia,New,8.63,5.5,66.84,1,100
S103201,U10841,2026-05-14,Social Media,FAQ,Mobile,India,New,1.23,1.1,72.45,0,0
S105669,U12501,2026-05-14,Referral,Pricing,Mobile,UK,New,3.32,2.8,82.11,0,0
S103126,U15679,2026-05-14,Direct,Home,Desktop,India,New,6.46,4.2,58.9,0,0
S109695,U11789,2026-05-14,Social Media,Services,Mobile,India,Returning,3.74,3.1,63.93,0,0
S108460,U13556,2026-05-14,Referral,FAQ,Mobile,UK,New,4.48,4.1,49.64,0,0
S109809,U15826,2026-05-14,Social Media,Checkout,Desktop,India,New,7.4,5.6,50.71,0,0
S107422,U14923,2026-05-14,Paid Search,Blog,Desktop,UK,New,6.38,4.0,64.59,0,0
S104964,U13752,2026-05-14,Direct,Blog,Mobile,India,New,4.1,3.6,64.46,0,0
S103051,U15589,2026-05-14,Organic Search,FAQ,Mobile,India,New,17.52,9.5,26.74,0,0
S102963,U14331,2026-05-14,Organic Search,Services,Desktop,India,New,3.46,4.2,60.35,1,100
S107825,U13238,2026-05-14,Referral,Services,Desktop,India,New,18.37,11.1,18.63,0,0
S101639,U11467,2026-05-14,Organic Search,Contact Us,Desktop,India,New,2.95,2.2,70.75,0,0
S104177,U13797,2026-05-14,Social Media,Products,Desktop,India,Returning,3.63,6.2,54.68,0,0
S102667,U10073,2026-05-14,Organic Search,Home,Desktop,Australia,Returning,4.86,3.0,71.93,0,0
S102489,U16296,2026-05-14,Direct,Contact Us,Desktop,India,New,4.1,3.4,60.45,0,0
S102308,U11519,2026-05-14,Paid Search,Services,Desktop,India,Returning,3.02,2.5,60.27,0,0
S105006,U10870,2026-05-14,Organic Search,Services,Desktop,India,Returning,1.74,2.3,75.84,0,0
S102990,U12461,2026-05-14,Direct,Product Details,Mobile,India,New,5.1,4.4,70.65,0,0
S109727,U14865,2026-05-14,Direct,Pricing,Mobile,India,New,3.93,4.5,71.81,0,0
S109138,U12084,2026-05-14,Direct,Services,Desktop,Canada,New,6.68,6.4,50.24,0,0
S101296,U11206,2026-05-14,Paid Search,Pricing,Desktop,UK,New,3.14,2.3,70.93,0,0
S105281,U10003,2026-05-14,Social Media,Pricing,Mobile,India,New,2.47,2.3,82.12,0,0
S102286,U13869,2026-05-14,Referral,Product Details,Desktop,India,Returning,9.0,6.8,49.24,0,0
S109476,U12077,2026-05-14,Paid Search,Blog,Desktop,India,New,6.65,5.3,52.45,0,0
S108803,U12786,2026-05-14,Paid Search,Products,Desktop,India,Returning,5.49,4.6,57.73,0,0
S100497,U16071,2026-05-14,Organic Search,About Us,Mobile,USA,New,5.88,4.9,61.48,0,0
S100499,U10741,2026-05-14,Referral,Product Details,Tablet,India,Returning,3.63,3.9,38.23,0,0
S106082,U12505,2026-05-14,Organic Search,Blog,Tablet,India,New,11.69,8.8,42.29,0,0
S108210,U12637,2026-05-14,Social Media,Products,Desktop,UK,New,2.41,2.3,71.27,0,0
S101486,U11302,2026-05-14,Social Media,Blog,Desktop,India,New,2.94,3.3,67.35,0,0
S104237,U16418,2026-05-14,Paid Search,Blog,Desktop,India,New,4.39,3.8,55.5,1,100
S103031,U16094,2026-05-14,Direct,Products,Mobile,Australia,New,3.87,2.2,77.66,0,0
S106793,U10313,2026-05-15,Direct,Home,Desktop,India,Returning,1.99,2.5,78.09,0,0
S103029,U13084,2026-05-15,Referral,Blog,Mobile,India,New,6.92,5.6,53.99,1,100
S102293,U16295,2026-05-15,Direct,Services,Desktop,Australia,New,4.75,4.3,42.28,0,0
S106303,U14591,2026-05-15,Organic Search,FAQ,Mobile,Canada,New,4.41,4.1,55.39,1,100
S106576,U12894,2026-05-15,Organic Search,Contact Us,Desktop,India,New,5.62,5.1,60.51,1,100
S109959,U11221,2026-05-15,Referral,Blog,Tablet,USA,Returning,3.28,1.7,63.64,0,0
S108014,U10889,2026-05-15,Organic Search,Home,Desktop,India,New,5.43,4.3,60.84,0,0
S108293,U12416,2026-05-15,Organic Search,Home,Mobile,India,Returning,4.48,3.8,56.95,0,0
S106879,U11302,2026-05-15,Referral,Blog,Mobile,Australia,New,4.24,3.8,67.98,0,0
S102830,U10789,2026-05-15,Direct,Home,Desktop,India,New,6.1,4.1,72.0,0,0
S107171,U13535,2026-05-15,Organic Search,Product Details,Mobile,Australia,New,3.44,3.6,73.17,0,0
S108274,U14453,2026-05-15,Direct,Blog,Desktop,USA,Returning,3.15,2.8,76.58,0,0
S106967,U14525,2026-05-15,Organic Search,Blog,Mobile,USA,New,8.31,6.6,31.28,0,0
S105678,U13184,2026-05-15,Paid Search,Product Details,Desktop,India,New,3.7,3.7,50.94,0,0
S108413,U10414,2026-05-15,Direct,Checkout,Mobile,Canada,New,2.28,2.1,59.93,0,0
S103052,U14918,2026-05-15,Organic Search,Services,Desktop,Australia,New,12.09,7.8,18.68,0,0
S107578,U11568,2026-05-15,Social Media,Contact Us,Tablet,USA,New,2.37,2.9,52.89,0,0
S108402,U13318,2026-05-15,Organic Search,Blog,Desktop,Canada,New,3.01,3.1,57.05,0,0
S101220,U12244,2026-05-15,Direct,Home,Desktop,India,New,4.01,2.8,67.63,0,0
S100339,U10957,2026-05-15,Paid Search,Products,Mobile,India,Returning,8.68,6.5,49.49,0,0
S109177,U14767,2026-05-15,Referral,Services,Mobile,India,Returning,6.63,5.0,66.82,0,0
S104290,U12746,2026-05-15,Referral,About Us,Desktop,UK,New,4.02,3.9,54.05,0,0
S105065,U10645,2026-05-15,Social Media,About Us,Desktop,USA,New,1.9,1.3,58.3,0,0
S103262,U15062,2026-05-15,Paid Search,Contact Us,Mobile,India,New,2.05,2.6,66.43,0,0
S102407,U15860,2026-05-15,Referral,Home,Mobile,India,Returning,1.35,1.2,71.15,0,0
S103853,U15947,2026-05-15,Organic Search,Product Details,Mobile,Canada,New,6.53,4.5,51.31,0,0
S102273,U15281,2026-05-15,Direct,Services,Mobile,India,New,5.1,3.3,68.37,0,0
S107332,U11832,2026-05-15,Paid Search,Product Details,Desktop,India,New,4.94,2.8,55.35,0,0
S102297,U11970,2026-05-15,Organic Search,FAQ,Desktop,Canada,Returning,5.69,6.3,51.79,1,100
S103103,U12529,2026-05-15,Paid Search,Services,Mobile,UK,Returning,1.6,1.6,80.87,0,0
S102355,U11638,2026-05-15,Organic Search,FAQ,Desktop,India,Returning,8.84,5.0,56.64,0,0
S100118,U10392,2026-05-15,Direct,Blog,Mobile,UK,Returning,7.52,3.5,58.58,0,0
S101550,U14502,2026-05-15,Organic Search,Contact Us,Tablet,UK,New,2.2,2.6,66.3,0,0
S102268,U11059,2026-05-15,Referral,Checkout,Desktop,Canada,New,11.85,9.5,29.4,1,100
S105592,U16232,2026-05-15,Paid Search,About Us,Mobile,India,New,3.99,6.2,45.37,0,0
S104914,U11272,2026-05-15,Direct,Product Details,Mobile,India,New,7.84,6.3,56.06,0,0
S103164,U14734,2026-05-15,Direct,Pricing,Mobile,India,New,3.35,3.3,56.7,0,0
S108230,U12893,2026-05-15,Paid Search,Pricing,Desktop,Canada,New,2.71,1.0,72.17,0,0
S101628,U12931,2026-05-15,Paid Search,Contact Us,Tablet,India,New,4.93,3.9,57.83,0,0
S104497,U12937,2026-05-15,Direct,FAQ,Tablet,Canada,New,5.42,4.2,58.38,0,0
S100276,U10489,2026-05-15,Organic Search,Product Details,Desktop,India,Returning,3.09,1.6,69.86,0,0
S104138,U16353,2026-05-15,Paid Search,Blog,Mobile,Canada,New,7.28,5.1,42.77,0,0
S102866,U12547,2026-05-15,Organic Search,FAQ,Mobile,India,Returning,7.73,4.2,60.62,0,0
S106544,U15594,2026-05-15,Direct,Products,Mobile,India,Returning,4.99,4.9,46.51,0,0
S108664,U15086,2026-05-15,Organic Search,Services,Desktop,UK,Returning,6.84,3.2,76.94,0,0
S109713,U11312,2026-05-15,Organic Search,Blog,Mobile,Canada,New,7.6,6.7,61.01,0,0
S101926,U10516,2026-05-15,Organic Search,Home,Mobile,India,Returning,5.64,3.3,58.54,0,0
S103416,U14080,2026-05-15,Organic Search,Pricing,Mobile,India,New,6.81,5.8,43.5,0,0
S109257,U13877,2026-05-15,Referral,Home,Mobile,India,New,1.52,1.0,66.33,0,0
S109371,U10367,2026-05-15,Social Media,Blog,Mobile,Canada,Returning,9.92,6.3,51.15,0,0
S109528,U13072,2026-05-15,Organic Search,Blog,Tablet,India,New,5.07,4.1,44.93,0,0
S104062,U13757,2026-05-16,Referral,Products,Mobile,India,New,3.69,2.5,62.66,0,0
S103575,U16025,2026-05-16,Direct,Contact Us,Desktop,India,Returning,9.95,4.5,32.99,0,0
S100059,U12042,2026-05-16,Social Media,Blog,Desktop,India,New,6.09,5.6,57.02,0,0
S100233,U15856,2026-05-16,Organic Search,Checkout,Mobile,India,Returning,2.31,2.9,78.79,0,0
S107963,U16448,2026-05-16,Direct,Blog,Mobile,India,New,6.06,4.0,64.92,0,0
S100942,U13267,2026-05-16,Paid Search,Products,Mobile,Canada,New,2.89,2.9,48.35,0,0
S107653,U10951,2026-05-16,Referral,Blog,Desktop,India,New,6.69,4.3,66.18,0,0
S100088,U16414,2026-05-16,Direct,Products,Mobile,UK,New,16.87,11.4,31.0,0,0
S109402,U12470,2026-05-16,Paid Search,Services,Mobile,India,Returning,2.49,4.0,66.98,1,100
S103854,U16269,2026-05-16,Paid Search,Blog,Desktop,USA,New,3.04,2.8,60.47,0,0
S109522,U14929,2026-05-16,Direct,Blog,Mobile,India,New,10.49,5.3,46.65,0,0
S108073,U11136,2026-05-16,Organic Search,Home,Mobile,India,New,9.02,6.2,43.19,0,0
S100191,U15505,2026-05-16,Paid Search,Checkout,Mobile,Canada,New,0.9,2.6,83.32,0,0
S109960,U14931,2026-05-16,Paid Search,Home,Tablet,Canada,New,11.56,8.5,44.59,1,100
S102543,U14132,2026-05-16,Referral,Blog,Mobile,India,Returning,5.95,6.1,52.92,0,0
S109079,U11837,2026-05-16,Paid Search,Contact Us,Desktop,India,New,2.65,3.8,70.96,0,0
S100926,U13819,2026-05-16,Paid Search,Product Details,Mobile,India,Returning,6.77,3.6,60.04,0,0
S108698,U14753,2026-05-16,Paid Search,Product Details,Mobile,India,Returning,3.68,2.8,60.28,1,100
S103680,U12175,2026-05-16,Organic Search,Home,Mobile,Canada,New,6.63,6.1,43.06,0,0
S100204,U13749,2026-05-16,Direct,FAQ,Mobile,India,New,4.47,3.8,63.22,0,0
S104150,U14729,2026-05-16,Organic Search,Services,Desktop,India,New,1.84,2.4,68.91,0,0
S109108,U11127,2026-05-16,Organic Search,Product Details,Desktop,India,New,4.14,2.9,61.18,0,0
S105973,U11306,2026-05-16,Organic Search,FAQ,Mobile,India,New,9.55,6.9,41.55,0,0
S106035,U14968,2026-05-16,Direct,Checkout,Desktop,UK,New,2.17,2.7,65.36,0,0
S107013,U16478,2026-05-16,Referral,Product Details,Desktop,India,New,3.32,3.1,74.44,0,0
S103754,U13422,2026-05-16,Direct,Services,Mobile,Australia,New,8.91,5.4,50.28,1,100
S107662,U13485,2026-05-16,Referral,Home,Mobile,India,New,3.23,2.9,66.77,0,0
S107850,U14791,2026-05-16,Organic Search,Checkout,Mobile,India,Returning,4.18,3.4,68.87,0,0
S109606,U11229,2026-05-16,Social Media,Services,Tablet,USA,New,10.67,8.0,29.33,0,0
S109241,U14970,2026-05-16,Organic Search,Checkout,Desktop,India,New,4.57,3.3,56.47,0,0
S109699,U14688,2026-05-16,Paid Search,Product Details,Desktop,India,New,6.75,4.3,59.2,0,0
S103098,U14836,2026-05-16,Direct,Pricing,Desktop,India,New,1.82,1.6,89.53,0,0
S108439,U11468,2026-05-16,Direct,Contact Us,Desktop,USA,New,3.62,3.8,61.63,1,100
S105535,U16337,2026-05-16,Direct,Checkout,Mobile,India,New,3.55,2.2,65.02,0,0
S101909,U12429,2026-05-16,Direct,Home,Desktop,India,Returning,4.13,5.4,57.94,0,0
S107279,U15449,2026-05-16,Paid Search,Home,Mobile,USA,New,10.7,6.7,44.74,0,0
S106151,U11412,2026-05-16,Paid Search,Contact Us,Desktop,Canada,New,4.05,3.0,64.8,0,0
S100383,U10017,2026-05-16,Organic Search,About Us,Desktop,UK,New,3.61,2.4,65.78,0,0
S107186,U11074,2026-05-16,Referral,Contact Us,Tablet,USA,New,3.29,3.3,64.57,0,0
S107025,U11452,2026-05-16,Direct,Services,Desktop,USA,New,4.78,4.8,52.35,0,0
S101990,U12947,2026-05-16,Direct,Checkout,Mobile,India,Returning,12.3,8.3,39.46,0,0
S100182,U11364,2026-05-16,Organic Search,Blog,Mobile,Canada,Returning,4.05,4.3,47.03,1,100
S108471,U10262,2026-05-16,Paid Search,Products,Desktop,India,New,2.51,2.6,62.79,0,0
S107112,U14659,2026-05-16,Direct,Pricing,Mobile,India,New,3.04,1.8,71.31,0,0
S108325,U13682,2026-05-16,Paid Search,Product Details,Tablet,Australia,New,2.08,1.8,66.69,0,0
S109659,U15199,2026-05-16,Organic Search,Checkout,Mobile,India,New,7.72,4.3,52.87,0,0
S109162,U15010,2026-05-16,Referral,Checkout,Desktop,India,New,1.62,2.8,68.95,0,0
S104847,U16161,2026-05-16,Paid Search,Products,Mobile,USA,New,10.61,8.7,35.96,0,0
S108623,U12441,2026-05-16,Paid Search,Contact Us,Desktop,Australia,New,1.51,1.2,77.76,0,0
S107233,U15869,2026-05-16,Paid Search,Home,Mobile,India,New,2.4,2.2,79.81,0,0
S108506,U13395,2026-05-16,Organic Search,Products,Mobile,UK,New,2.33,2.5,77.75,0,0
S105371,U14754,2026-05-16,Direct,Products,Desktop,USA,Returning,3.07,2.6,57.41,0,0
S109002,U15462,2026-05-16,Direct,Blog,Mobile,India,Returning,12.19,6.6,45.17,1,100
S107399,U14614,2026-05-17,Paid Search,FAQ,Mobile,India,New,3.49,2.1,70.07,0,0
S106506,U12579,2026-05-17,Organic Search,Home,Desktop,India,New,1.09,2.1,69.99,0,0
S104997,U11362,2026-05-17,Paid Search,Services,Desktop,India,New,5.49,5.7,38.19,0,0
S101100,U14628,2026-05-17,Paid Search,Services,Desktop,India,New,14.1,9.1,12.33,0,0
S107726,U11862,2026-05-17,Organic Search,Products,Mobile,India,New,1.17,1.0,62.24,0,0
S102651,U14586,2026-05-17,Organic Search,Home,Desktop,India,Returning,1.25,1.0,70.24,0,0
S101597,U15896,2026-05-17,Direct,Blog,Desktop,India,Returning,0.65,1.0,68.8,0,0
S107413,U15195,2026-05-17,Direct,About Us,Tablet,India,New,2.67,3.6,45.89,0,0
S104397,U15678,2026-05-17,Referral,Pricing,Mobile,UK,New,3.03,4.1,64.08,0,0
S104930,U13492,2026-05-17,Paid Search,Product Details,Desktop,India,Returning,4.03,4.7,64.93,1,100
S108195,U15534,2026-05-17,Paid Search,Contact Us,Mobile,India,New,6.32,5.6,64.75,0,0
S104455,U10245,2026-05-17,Paid Search,Products,Mobile,Australia,New,7.56,5.4,53.91,1,100
S108381,U15931,2026-05-17,Organic Search,Home,Desktop,India,New,5.85,4.8,40.43,0,0
S108197,U11363,2026-05-17,Social Media,Home,Desktop,UK,New,12.78,7.8,25.2,1,100
S106190,U10187,2026-05-17,Paid Search,Products,Tablet,India,New,2.89,2.7,84.52,0,0
S102128,U11083,2026-05-17,Direct,Blog,Desktop,India,Returning,2.58,3.3,55.52,0,0
S102101,U14970,2026-05-17,Referral,Contact Us,Mobile,India,Returning,3.48,2.9,67.11,1,100
S103837,U15745,2026-05-17,Organic Search,Contact Us,Mobile,India,New,3.57,3.1,62.86,0,0
S105044,U12560,2026-05-17,Organic Search,Products,Desktop,India,New,2.74,3.9,59.37,0,0
S109454,U14838,2026-05-17,Direct,Contact Us,Mobile,India,Returning,5.11,6.9,49.6,0,0
S102861,U11675,2026-05-17,Social Media,Product Details,Desktop,India,Returning,6.52,3.7,65.45,0,0
S101613,U10047,2026-05-17,Organic Search,Products,Mobile,India,Returning,1.42,2.0,72.87,0,0
S101953,U16073,2026-05-17,Paid Search,About Us,Mobile,India,New,3.42,3.5,61.21,0,0
S102896,U14313,2026-05-17,Referral,FAQ,Desktop,USA,New,2.63,1.1,81.62,0,0
S108028,U12167,2026-05-17,Direct,Products,Desktop,UK,New,11.65,7.3,38.13,0,0
S109467,U15580,2026-05-17,Paid Search,Home,Desktop,India,Returning,2.24,2.3,71.63,0,0
S107861,U15202,2026-05-17,Direct,Services,Desktop,Canada,New,9.41,7.8,53.64,1,100
S108479,U14223,2026-05-17,Organic Search,About Us,Mobile,India,Returning,18.33,12.1,11.85,0,0
S108569,U15177,2026-05-17,Organic Search,Blog,Mobile,India,New,3.41,2.7,55.05,0,0
S102333,U11328,2026-05-17,Referral,Products,Mobile,India,New,4.22,3.2,66.65,0,0
S105029,U10445,2026-05-17,Paid Search,About Us,Mobile,India,Returning,0.89,1.0,74.03,0,0
S106370,U10017,2026-05-17,Paid Search,Product Details,Desktop,India,Returning,2.58,3.7,68.56,0,0
S104160,U11107,2026-05-17,Social Media,Services,Mobile,India,New,0.8,1.2,68.99,0,0
S107096,U10495,2026-05-17,Paid Search,Product Details,Mobile,India,New,4.5,3.0,84.04,0,0
S108998,U14598,2026-05-17,Organic Search,Services,Desktop,USA,New,3.41,3.2,68.55,0,0
S105190,U12608,2026-05-17,Organic Search,Services,Desktop,India,Returning,5.41,4.6,55.53,1,100
S107169,U13730,2026-05-17,Direct,Contact Us,Mobile,India,Returning,3.78,2.6,62.32,0,0
S101237,U13229,2026-05-17,Organic Search,Pricing,Mobile,India,Returning,6.03,5.2,55.4,0,0
S109644,U14265,2026-05-17,Organic Search,Pricing,Desktop,Canada,Returning,8.96,7.4,41.0,0,0
S106141,U16170,2026-05-17,Paid Search,Services,Desktop,Canada,New,9.58,6.1,41.87,0,0
S101268,U11640,2026-05-17,Referral,FAQ,Tablet,India,New,9.54,4.9,46.8,1,100
S103550,U15718,2026-05-17,Organic Search,Checkout,Mobile,India,New,5.85,4.1,59.2,0,0
S106210,U11581,2026-05-17,Referral,Blog,Desktop,India,New,3.15,2.0,65.67,0,0
S107827,U14525,2026-05-17,Paid Search,Services,Mobile,Canada,New,9.68,6.9,39.8,0,0
S100635,U12327,2026-05-17,Organic Search,Products,Desktop,Australia,New,4.4,1.0,70.45,0,0
S107737,U16189,2026-05-17,Paid Search,Products,Mobile,USA,New,5.3,3.5,65.68,0,0
S101807,U13112,2026-05-17,Paid Search,Pricing,Desktop,UK,New,7.21,3.2,61.74,0,0
S100248,U14219,2026-05-17,Direct,Checkout,Mobile,India,New,1.08,1.3,67.5,0,0
S105996,U10129,2026-05-17,Paid Search,Blog,Mobile,India,New,7.95,5.1,59.12,0,0
S103275,U16000,2026-05-17,Social Media,Products,Tablet,India,New,1.72,3.8,65.06,0,0
S100648,U10699,2026-05-17,Direct,Contact Us,Mobile,India,Returning,8.46,4.8,54.07,0,0
S109903,U12322,2026-05-17,Paid Search,Home,Mobile,India,Returning,2.85,2.5,59.9,0,0
S100038,U11807,2026-05-17,Organic Search,Blog,Desktop,India,New,14.08,8.6,44.93,0,0
S106117,U10657,2026-05-17,Organic Search,Product Details,Desktop,India,New,2.32,2.7,67.83,0,0
S109596,U10013,2026-05-17,Paid Search,FAQ,Mobile,India,New,6.08,4.5,52.39,0,0
S100693,U12994,2026-05-17,Organic Search,Blog,Mobile,Australia,Returning,6.34,4.7,48.8,0,0
S106723,U10299,2026-05-17,Direct,Pricing,Desktop,India,Returning,2.73,3.7,62.76,1,100
S106142,U13077,2026-05-17,Paid Search,Product Details,Desktop,Canada,Returning,4.26,2.6,68.09,0,0
S107537,U12682,2026-05-17,Direct,Product Details,Mobile,USA,Returning,5.27,3.5,47.16,0,0
S109767,U15994,2026-05-18,Direct,Contact Us,Mobile,India,New,4.51,4.9,69.33,0,0
S102612,U12369,2026-05-18,Referral,Product Details,Desktop,India,Returning,0.3,1.0,78.47,0,0
S102662,U15790,2026-05-18,Referral,FAQ,Mobile,Canada,New,2.4,4.2,57.24,0,0
S108696,U13165,2026-05-18,Organic Search,Contact Us,Mobile,India,New,2.92,4.0,56.1,0,0
S100546,U14647,2026-05-18,Organic Search,Pricing,Mobile,India,New,23.06,13.8,10.0,0,0
S102169,U14733,2026-05-18,Social Media,Blog,Desktop,Canada,New,0.86,1.9,64.34,0,0
S108384,U14785,2026-05-18,Paid Search,Home,Mobile,India,New,3.06,1.0,78.71,0,0
S106480,U10144,2026-05-18,Organic Search,Product Details,Desktop,India,New,1.46,2.2,69.38,0,0
S100900,U12018,2026-05-18,Organic Search,About Us,Desktop,Australia,New,2.11,3.1,63.9,0,0
S108252,U14517,2026-05-18,Direct,Contact Us,Desktop,India,New,10.69,7.5,26.74,0,0
S100298,U12050,2026-05-18,Organic Search,Products,Tablet,India,New,4.26,6.0,41.38,0,0
S109921,U12514,2026-05-18,Organic Search,About Us,Desktop,India,New,6.86,5.3,56.66,0,0
S102491,U11073,2026-05-18,Organic Search,Products,Mobile,Australia,New,3.18,3.1,61.46,0,0
S108377,U13439,2026-05-18,Referral,Pricing,Mobile,India,Returning,3.63,2.7,59.42,0,0
S109334,U10597,2026-05-18,Referral,FAQ,Mobile,India,New,2.35,3.1,64.66,0,0
S105864,U13792,2026-05-18,Organic Search,FAQ,Tablet,Canada,Returning,3.0,2.7,89.88,1,100
S109920,U13794,2026-05-18,Organic Search,Contact Us,Mobile,India,New,2.19,3.0,54.03,0,0
S106909,U11548,2026-05-18,Organic Search,Product Details,Mobile,India,New,12.43,7.5,47.78,1,100
S108116,U15138,2026-05-18,Social Media,Checkout,Mobile,Canada,New,4.25,4.6,64.97,0,0
S107282,U10516,2026-05-18,Paid Search,Home,Tablet,Australia,Returning,3.79,3.5,66.1,0,0
S101206,U15789,2026-05-18,Social Media,Home,Mobile,Canada,New,4.84,4.6,39.67,0,0
S100240,U15792,2026-05-18,Social Media,Contact Us,Mobile,India,Returning,9.18,5.5,56.79,0,0
S104020,U14153,2026-05-18,Organic Search,FAQ,Mobile,Canada,New,7.23,5.6,39.37,0,0
S109448,U14877,2026-05-18,Organic Search,Products,Mobile,India,New,7.98,4.5,57.61,1,100
S105369,U10858,2026-05-18,Organic Search,Home,Mobile,India,Returning,1.57,1.0,65.88,0,0
S100326,U12558,2026-05-18,Direct,About Us,Mobile,India,New,4.46,5.7,55.33,0,0
S109907,U11387,2026-05-18,Direct,Services,Mobile,India,Returning,8.93,5.0,49.6,0,0
S101749,U15641,2026-05-18,Referral,Services,Desktop,India,Returning,12.56,9.6,24.89,1,100
S101971,U15180,2026-05-18,Organic Search,Services,Tablet,India,New,2.59,3.1,61.14,0,0
S100002,U15227,2026-05-18,Paid Search,Pricing,Desktop,India,New,7.16,6.0,51.88,0,0
S104073,U12423,2026-05-18,Paid Search,About Us,Desktop,India,New,6.58,5.3,58.64,0,0
S102729,U15079,2026-05-18,Direct,Contact Us,Desktop,Canada,New,3.89,2.7,73.07,0,0
S104084,U12343,2026-05-18,Organic Search,Services,Mobile,USA,New,10.15,7.0,50.9,0,0
S109468,U14229,2026-05-18,Organic Search,Checkout,Mobile,India,New,4.25,2.6,63.7,0,0
S100689,U15773,2026-05-18,Referral,Blog,Mobile,USA,New,5.18,5.0,43.93,0,0
S107851,U10925,2026-05-18,Paid Search,Home,Mobile,India,New,2.39,3.2,54.95,0,0
S104757,U13387,2026-05-18,Paid Search,Checkout,Desktop,Australia,New,8.87,7.3,48.17,0,0
S100748,U15237,2026-05-18,Organic Search,Products,Desktop,India,Returning,1.79,2.2,71.75,0,0
S102450,U12637,2026-05-18,Organic Search,Products,Mobile,India,New,15.08,10.8,22.77,0,0
S107298,U11682,2026-05-18,Paid Search,Home,Tablet,India,New,11.47,8.4,45.27,0,0
S103959,U15348,2026-05-18,Direct,Home,Mobile,India,New,4.43,2.5,87.08,0,0
S101358,U14423,2026-05-18,Direct,Product Details,Tablet,India,New,13.03,8.2,39.33,0,0
S100288,U13370,2026-05-18,Organic Search,Services,Mobile,India,New,5.33,2.7,49.36,0,0
S104462,U10008,2026-05-18,Direct,Product Details,Desktop,India,New,3.12,1.5,72.58,0,0
S108348,U10866,2026-05-18,Referral,Blog,Desktop,India,New,1.93,2.1,63.79,0,0
S100093,U11276,2026-05-18,Direct,Home,Mobile,India,Returning,2.12,3.9,42.85,0,0
S100614,U13349,2026-05-18,Direct,Products,Mobile,Australia,New,5.29,3.6,49.32,0,0
S107444,U12331,2026-05-18,Referral,Blog,Desktop,India,New,7.42,5.0,48.5,0,0
S107645,U13441,2026-05-18,Organic Search,Home,Mobile,Australia,Returning,3.86,3.2,54.18,1,100
S109771,U12101,2026-05-18,Direct,Home,Mobile,India,Returning,0.85,2.8,70.02,0,0
S109824,U11727,2026-05-18,Paid Search,Pricing,Tablet,Australia,Returning,4.61,4.8,65.26,0,0
S103915,U12152,2026-05-18,Organic Search,Products,Desktop,India,New,8.6,5.7,35.64,1,100
S103364,U11782,2026-05-18,Paid Search,Pricing,Mobile,India,New,2.16,1.4,85.13,1,100
S107455,U16005,2026-05-18,Organic Search,Checkout,Desktop,India,New,2.0,1.2,76.46,0,0
S104483,U14010,2026-05-18,Direct,Products,Desktop,UK,New,1.23,1.0,68.27,0,0
S109049,U10637,2026-05-18,Direct,Home,Mobile,USA,New,5.39,5.5,62.69,0,0
S108961,U13383,2026-05-19,Direct,About Us,Mobile,India,Returning,5.8,4.8,59.96,0,0
S102509,U14769,2026-05-19,Paid Search,FAQ,Mobile,India,New,2.66,4.1,71.63,0,0
S108143,U10455,2026-05-19,Paid Search,Products,Desktop,USA,Returning,5.66,4.4,46.96,0,0
S105714,U15840,2026-05-19,Social Media,Product Details,Mobile,UK,New,3.13,3.1,62.56,0,0
S108316,U12570,2026-05-19,Referral,Blog,Desktop,India,New,2.59,1.0,55.95,0,0
S106383,U14726,2026-05-19,Paid Search,Home,Tablet,India,New,14.79,11.5,25.3,0,0
S100568,U14593,2026-05-19,Organic Search,Products,Desktop,India,New,2.74,1.0,59.8,0,0
S102352,U13174,2026-05-19,Direct,Home,Mobile,India,New,3.29,1.0,71.91,0,0
S105362,U13279,2026-05-19,Organic Search,Pricing,Mobile,India,New,9.15,6.3,65.12,0,0
S106978,U10890,2026-05-19,Direct,Products,Desktop,India,New,9.09,5.9,45.6,0,0
S108685,U11102,2026-05-19,Direct,Services,Tablet,India,New,5.76,4.1,62.47,0,0
S101430,U10944,2026-05-19,Direct,Product Details,Desktop,USA,Returning,3.05,2.9,45.81,0,0
S101386,U10947,2026-05-19,Paid Search,Home,Desktop,USA,New,9.03,5.4,49.23,0,0
S102638,U14931,2026-05-19,Paid Search,Home,Desktop,Australia,Returning,1.2,2.5,62.39,0,0
S101440,U10915,2026-05-19,Direct,Home,Desktop,India,New,10.26,6.7,40.58,0,0
S100520,U14800,2026-05-19,Social Media,FAQ,Mobile,India,New,5.71,3.3,56.83,0,0
S102311,U13874,2026-05-19,Referral,About Us,Tablet,India,New,6.89,4.1,46.53,0,0
S100935,U13446,2026-05-19,Direct,Home,Desktop,India,New,7.49,5.2,71.08,0,0
S105628,U14879,2026-05-19,Organic Search,Products,Tablet,India,New,7.46,5.8,55.14,0,0
S105763,U10720,2026-05-19,Social Media,Home,Desktop,India,New,0.67,1.5,69.43,0,0
S103182,U10876,2026-05-19,Direct,Home,Mobile,India,Returning,1.73,2.2,70.79,0,0
S108517,U13938,2026-05-19,Organic Search,FAQ,Desktop,India,New,9.16,4.7,48.46,0,0
S101519,U13473,2026-05-19,Paid Search,Home,Mobile,UK,Returning,6.23,4.4,55.05,0,0
S102472,U15496,2026-05-19,Paid Search,Home,Desktop,India,New,7.62,5.8,45.36,1,100
S100956,U15525,2026-05-19,Direct,Product Details,Mobile,India,Returning,1.35,1.3,61.9,0,0
S104239,U16470,2026-05-19,Organic Search,Products,Desktop,India,Returning,2.53,3.3,70.67,1,100
S103366,U12592,2026-05-19,Referral,Product Details,Desktop,India,Returning,4.7,2.5,73.05,0,0
S103382,U15855,2026-05-19,Direct,Blog,Mobile,India,New,2.55,2.7,79.64,0,0
S103008,U11856,2026-05-19,Social Media,Product Details,Mobile,India,New,9.98,7.6,30.84,0,0
S100411,U12066,2026-05-19,Direct,Product Details,Mobile,UK,New,3.22,3.2,65.48,1,100
S100091,U14552,2026-05-19,Referral,Home,Mobile,USA,New,2.56,3.2,65.71,0,0
S103493,U14597,2026-05-19,Referral,Products,Desktop,UK,Returning,9.34,6.0,26.63,0,0
S104944,U11780,2026-05-19,Organic Search,Services,Mobile,USA,New,0.71,2.4,66.42,0,0
S102871,U10773,2026-05-19,Social Media,About Us,Tablet,India,Returning,11.67,8.5,46.86,1,100
S106491,U15530,2026-05-19,Social Media,Blog,Mobile,India,New,6.81,6.0,52.04,1,100
S100775,U11397,2026-05-19,Organic Search,Products,Desktop,USA,New,9.67,6.6,51.73,0,0
S103430,U14434,2026-05-19,Paid Search,Blog,Desktop,India,Returning,2.32,4.5,70.01,0,0
S104349,U10980,2026-05-19,Referral,Services,Desktop,India,Returning,11.47,6.5,31.72,0,0
S109630,U14976,2026-05-19,Direct,Home,Desktop,India,New,8.68,5.9,56.53,0,0
S104919,U14121,2026-05-19,Organic Search,Products,Desktop,India,New,2.05,4.9,60.75,0,0
S100830,U15899,2026-05-19,Organic Search,About Us,Desktop,India,Returning,4.29,3.5,70.4,0,0
S100051,U12889,2026-05-19,Paid Search,Blog,Mobile,Canada,Returning,4.96,4.0,62.37,0,0
S108162,U10436,2026-05-19,Organic Search,FAQ,Mobile,India,New,3.15,4.2,55.96,1,100
S108906,U12719,2026-05-19,Social Media,Services,Desktop,India,New,6.74,4.2,48.59,1,100
S104224,U15048,2026-05-20,Direct,About Us,Desktop,India,New,7.27,4.0,45.38,0,0
S100580,U12739,2026-05-20,Paid Search,Products,Desktop,Australia,New,5.61,4.7,40.35,0,0
S108554,U14525,2026-05-20,Organic Search,Blog,Desktop,India,Returning,16.09,9.6,36.85,0,0
S104446,U10620,2026-05-20,Paid Search,Services,Tablet,India,Returning,9.21,6.5,53.19,0,0
S109927,U16453,2026-05-20,Organic Search,FAQ,Tablet,India,New,6.53,6.7,57.77,0,0
S103787,U13436,2026-05-20,Referral,FAQ,Tablet,India,New,5.77,4.5,69.69,0,0
S105720,U15447,2026-05-20,Direct,FAQ,Tablet,India,New,4.87,4.8,70.53,1,100
S109791,U11650,2026-05-20,Direct,Pricing,Desktop,India,New,2.71,4.2,58.65,0,0
S100905,U15116,2026-05-20,Paid Search,Home,Desktop,UK,Returning,3.37,3.5,70.69,0,0
S108385,U13152,2026-05-20,Organic Search,Product Details,Desktop,USA,New,18.02,10.2,26.32,0,0
S105181,U15474,2026-05-20,Referral,Home,Tablet,India,New,9.29,6.2,40.31,0,0
S103237,U12353,2026-05-20,Organic Search,Contact Us,Tablet,India,Returning,6.79,4.2,51.93,0,0
S100150,U10871,2026-05-20,Referral,Contact Us,Desktop,UK,New,0.82,1.5,82.08,0,0
S102840,U15536,2026-05-20,Organic Search,Pricing,Mobile,USA,New,9.44,7.0,64.65,1,100
S101118,U10010,2026-05-20,Referral,Pricing,Mobile,Australia,New,0.83,2.7,72.44,0,0
S108511,U14077,2026-05-20,Direct,Services,Desktop,Australia,New,1.51,1.7,74.19,0,0
S105247,U14638,2026-05-20,Referral,Checkout,Desktop,UK,New,2.76,1.0,70.24,1,100
S104179,U10235,2026-05-20,Social Media,FAQ,Mobile,India,New,6.86,6.4,49.18,0,0
S109984,U14912,2026-05-20,Paid Search,Checkout,Mobile,India,New,5.4,3.8,54.93,0,0
S103447,U10936,2026-05-20,Direct,Products,Mobile,India,Returning,7.08,5.0,45.7,0,0
S105776,U10699,2026-05-20,Organic Search,Products,Tablet,India,New,1.55,2.0,72.57,0,0
S103380,U11126,2026-05-20,Paid Search,Checkout,Desktop,India,Returning,1.55,1.5,78.64,0,0
S107286,U15257,2026-05-20,Social Media,Pricing,Desktop,USA,Returning,10.58,7.5,47.13,0,0
S100357,U14556,2026-05-20,Referral,Home,Tablet,India,Returning,3.83,3.9,51.0,0,0
S102366,U11625,2026-05-20,Paid Search,Contact Us,Tablet,India,New,6.21,5.8,58.17,1,100
S107050,U13097,2026-05-20,Organic Search,Services,Desktop,India,New,4.3,3.9,61.57,0,0
S103941,U13830,2026-05-20,Organic Search,FAQ,Mobile,UK,Returning,1.59,1.0,90.66,0,0
S100221,U13458,2026-05-20,Referral,Home,Tablet,UK,New,1.92,3.2,65.98,0,0
S104998,U11574,2026-05-20,Referral,Pricing,Desktop,India,New,7.05,3.5,67.15,1,100
S103335,U10485,2026-05-20,Organic Search,Product Details,Desktop,India,New,3.01,3.1,47.12,0,0
S100325,U13184,2026-05-20,Organic Search,Product Details,Desktop,India,New,5.59,3.0,56.65,1,100
S102876,U15440,2026-05-20,Organic Search,Products,Tablet,USA,Returning,5.26,1.7,66.07,0,0
S105128,U11648,2026-05-20,Organic Search,Blog,Desktop,India,New,6.25,5.7,48.38,0,0
S105564,U10805,2026-05-20,Organic Search,Home,Mobile,USA,New,10.64,8.2,40.24,0,0
S100124,U13562,2026-05-20,Referral,Blog,Mobile,India,New,1.21,1.9,64.6,0,0
S106911,U10155,2026-05-20,Direct,Blog,Mobile,India,Returning,3.38,3.5,72.51,0,0
S109100,U14211,2026-05-20,Organic Search,About Us,Mobile,USA,New,3.89,3.3,59.4,0,0
S105887,U12554,2026-05-20,Organic Search,FAQ,Desktop,Australia,New,3.96,2.7,54.42,0,0
S103755,U16440,2026-05-20,Direct,Products,Mobile,India,Returning,9.76,7.7,37.06,0,0
S103018,U10923,2026-05-20,Organic Search,About Us,Mobile,USA,Returning,7.47,4.4,45.04,0,0
S104339,U15244,2026-05-20,Organic Search,Contact Us,Desktop,UK,New,8.54,5.8,50.45,0,0
S101733,U13565,2026-05-20,Social Media,Services,Desktop,India,Returning,4.31,2.1,62.84,0,0
S102885,U10360,2026-05-20,Organic Search,FAQ,Mobile,USA,New,8.9,6.7,41.02,0,0
S106110,U16152,2026-05-20,Organic Search,FAQ,Mobile,UK,New,10.43,7.1,32.81,0,0
S104151,U12625,2026-05-21,Direct,Home,Mobile,India,Returning,7.27,4.5,56.04,0,0
S100990,U10526,2026-05-21,Paid Search,About Us,Desktop,India,New,4.5,3.6,67.27,0,0
S100140,U15992,2026-05-21,Paid Search,FAQ,Desktop,India,New,5.25,4.8,55.65,0,0
S103743,U15660,2026-05-21,Direct,Contact Us,Desktop,Australia,Returning,7.04,4.2,60.07,0,0
S105537,U10616,2026-05-21,Paid Search,Services,Mobile,India,New,4.05,3.2,63.32,0,0
S105806,U10911,2026-05-21,Social Media,Products,Desktop,UK,Returning,1.32,2.9,74.29,0,0
S108068,U13381,2026-05-21,Organic Search,Pricing,Desktop,India,Returning,2.58,2.6,72.93,0,0
S108952,U13728,2026-05-21,Referral,About Us,Mobile,India,New,3.55,2.2,69.34,0,0
S102809,U16045,2026-05-21,Referral,Product Details,Mobile,India,New,4.26,4.1,60.03,0,0
S100461,U10575,2026-05-21,Referral,Contact Us,Mobile,India,Returning,6.0,4.8,48.24,0,0
S104760,U14998,2026-05-21,Paid Search,Products,Mobile,India,Returning,7.17,4.9,54.29,0,0
S104000,U11138,2026-05-21,Referral,Product Details,Desktop,India,New,2.27,1.4,85.85,0,0
S105378,U14291,2026-05-21,Organic Search,Products,Mobile,UK,New,6.53,4.8,64.35,0,0
S103711,U14034,2026-05-21,Organic Search,Home,Mobile,Canada,New,9.26,6.7,31.87,0,0
S102913,U13984,2026-05-21,Organic Search,Contact Us,Desktop,India,New,1.5,1.5,72.32,0,0
S100350,U15512,2026-05-21,Direct,About Us,Mobile,India,New,3.98,3.8,60.08,0,0
S105431,U14989,2026-05-21,Direct,FAQ,Tablet,India,New,3.8,2.4,60.66,0,0
S103788,U11890,2026-05-21,Social Media,Product Details,Desktop,USA,New,4.13,2.9,61.53,0,0
S109068,U16261,2026-05-21,Social Media,Services,Desktop,India,New,2.26,1.2,75.46,0,0
S101438,U13696,2026-05-21,Organic Search,Home,Desktop,India,New,8.06,6.0,57.98,0,0
S104886,U13555,2026-05-21,Referral,Home,Mobile,India,Returning,3.82,3.1,66.01,1,100
S103982,U10365,2026-05-21,Direct,Home,Desktop,India,New,2.47,1.0,74.04,0,0
S100083,U15676,2026-05-21,Paid Search,Product Details,Desktop,India,Returning,2.57,3.0,58.82,0,0
S102182,U13370,2026-05-21,Direct,Checkout,Mobile,India,Returning,1.36,1.0,75.74,0,0
S106598,U14260,2026-05-21,Referral,Services,Desktop,India,Returning,2.78,4.3,60.81,0,0
S101463,U15620,2026-05-21,Referral,Products,Mobile,India,New,2.66,2.8,68.61,0,0
S103887,U12391,2026-05-21,Organic Search,Contact Us,Mobile,UK,Returning,7.22,5.5,52.05,0,0
S108031,U13241,2026-05-21,Organic Search,Blog,Mobile,Australia,New,10.11,5.9,39.13,1,100
S103940,U13733,2026-05-21,Organic Search,Contact Us,Desktop,India,Returning,2.6,2.6,77.68,1,100
S104901,U12556,2026-05-21,Direct,Home,Mobile,USA,Returning,7.69,5.2,38.7,0,0
S105150,U13068,2026-05-21,Direct,Blog,Mobile,India,New,14.63,8.3,39.11,0,0
S102486,U15753,2026-05-21,Direct,About Us,Desktop,India,New,4.66,4.8,55.7,0,0
S106869,U10559,2026-05-21,Organic Search,Product Details,Mobile,India,New,3.98,4.5,56.98,1,100
S106306,U10718,2026-05-21,Organic Search,Product Details,Desktop,India,New,10.43,6.9,36.19,1,100
S109301,U15701,2026-05-21,Referral,Product Details,Mobile,Canada,Returning,4.43,3.4,68.82,0,0
S100818,U12872,2026-05-21,Referral,Pricing,Mobile,India,New,2.29,1.0,70.69,0,0
S105172,U10019,2026-05-21,Organic Search,Blog,Tablet,USA,New,2.9,3.0,60.14,0,0
S101815,U11592,2026-05-21,Paid Search,FAQ,Mobile,India,Returning,5.08,3.9,48.21,0,0
S101761,U10003,2026-05-21,Social Media,Products,Mobile,Australia,Returning,4.7,2.5,62.56,0,0
S104202,U11379,2026-05-21,Referral,Products,Desktop,India,New,6.24,5.1,43.08,0,0
S101101,U14209,2026-05-21,Organic Search,Home,Desktop,USA,Returning,2.72,2.4,70.07,0,0
S100362,U11694,2026-05-21,Organic Search,Checkout,Mobile,India,New,2.05,3.7,61.53,0,0
S103108,U12811,2026-05-21,Organic Search,Blog,Desktop,India,Returning,2.43,1.0,63.5,0,0
S101610,U13994,2026-05-21,Organic Search,Pricing,Desktop,USA,New,2.11,3.8,80.85,0,0
S104318,U14403,2026-05-21,Paid Search,Home,Desktop,India,Returning,6.05,4.4,52.33,0,0
S107755,U14695,2026-05-21,Direct,Home,Mobile,India,New,1.37,2.1,78.06,0,0
S100525,U14250,2026-05-21,Referral,Blog,Desktop,Canada,Returning,7.84,6.8,51.98,0,0
S107944,U15681,2026-05-21,Direct,Blog,Mobile,India,Returning,13.34,8.1,37.21,0,0
S100773,U13487,2026-05-21,Organic Search,Product Details,Desktop,India,Returning,3.2,2.5,71.03,1,100
S107983,U10278,2026-05-21,Paid Search,Home,Desktop,India,Returning,3.98,2.5,68.37,0,0
S109845,U11175,2026-05-21,Paid Search,About Us,Mobile,India,New,8.63,6.0,52.55,0,0
S109807,U12972,2026-05-21,Organic Search,Product Details,Tablet,India,New,1.21,2.5,68.24,0,0
S103655,U10341,2026-05-21,Paid Search,Services,Desktop,India,New,3.22,5.2,51.72,0,0
S105066,U12033,2026-05-21,Organic Search,Product Details,Mobile,USA,New,7.96,4.0,54.99,1,100
S104934,U16406,2026-05-21,Direct,Product Details,Tablet,India,New,3.68,3.3,58.65,0,0
S105482,U10068,2026-05-21,Direct,About Us,Tablet,India,Returning,6.54,4.6,55.0,0,0
S102168,U11270,2026-05-21,Social Media,FAQ,Desktop,India,New,6.98,6.1,58.2,0,0
S100165,U13243,2026-05-21,Organic Search,Services,Desktop,UK,Returning,9.22,5.9,56.72,0,0
S102607,U11541,2026-05-22,Paid Search,About Us,Mobile,India,New,4.07,1.6,86.32,0,0
S100615,U12809,2026-05-22,Direct,FAQ,Desktop,India,Returning,7.65,4.7,48.28,0,0
S103068,U13587,2026-05-22,Direct,Pricing,Mobile,USA,New,2.81,3.3,63.11,0,0
S105070,U12669,2026-05-22,Referral,Services,Desktop,India,Returning,4.46,2.1,78.37,1,100
S100980,U12056,2026-05-22,Direct,Pricing,Desktop,USA,New,0.88,1.0,71.78,0,0
S106585,U16136,2026-05-22,Social Media,About Us,Mobile,USA,New,5.37,6.4,59.89,0,0
S108975,U12824,2026-05-22,Referral,Contact Us,Mobile,Canada,New,5.91,3.6,72.49,0,0
S109769,U13539,2026-05-22,Direct,Home,Desktop,India,Returning,4.27,4.0,56.67,0,0
S106991,U12671,2026-05-22,Organic Search,Products,Desktop,USA,Returning,1.73,1.6,84.48,0,0
S105958,U13564,2026-05-22,Paid Search,Products,Tablet,India,New,11.17,9.5,36.83,0,0
S103100,U14279,2026-05-22,Organic Search,Services,Mobile,India,Returning,1.95,1.7,83.37,0,0
S108202,U12939,2026-05-22,Social Media,Home,Desktop,Australia,New,10.53,6.0,51.49,1,100
S104808,U10517,2026-05-22,Paid Search,Blog,Desktop,India,Returning,4.73,2.3,70.53,0,0
S108886,U16208,2026-05-22,Organic Search,Product Details,Tablet,UK,New,4.51,3.9,55.95,0,0
S101728,U14868,2026-05-22,Organic Search,About Us,Mobile,Australia,New,7.94,5.0,46.06,0,0
S103782,U14021,2026-05-22,Referral,Home,Tablet,India,New,12.81,7.6,40.19,0,0
S106805,U14816,2026-05-22,Organic Search,FAQ,Mobile,UK,New,1.28,2.6,68.04,0,0
S103097,U10432,2026-05-22,Organic Search,Home,Mobile,India,Returning,12.59,7.5,57.35,0,0
S104376,U11593,2026-05-22,Referral,Checkout,Mobile,India,Returning,2.57,3.1,66.49,0,0
S107401,U16359,2026-05-22,Organic Search,FAQ,Desktop,India,Returning,1.77,2.2,50.5,0,0
S106527,U15857,2026-05-22,Paid Search,FAQ,Desktop,India,New,11.11,7.2,44.28,0,0
S105022,U11718,2026-05-22,Direct,Contact Us,Desktop,India,Returning,6.58,4.1,60.06,0,0
S101964,U10793,2026-05-22,Social Media,Home,Mobile,India,New,3.81,2.3,55.26,0,0
S100774,U13585,2026-05-22,Paid Search,Blog,Mobile,India,Returning,2.63,1.5,78.89,0,0
S109238,U11294,2026-05-22,Direct,Products,Mobile,India,New,4.11,2.9,67.0,0,0
S104432,U12494,2026-05-22,Social Media,Contact Us,Desktop,USA,Returning,4.16,3.5,69.6,0,0
S108981,U14467,2026-05-22,Paid Search,About Us,Tablet,India,New,5.46,2.2,58.05,0,0
S109558,U12776,2026-05-22,Paid Search,Checkout,Tablet,UK,Returning,5.06,3.7,57.65,0,0
S107585,U13654,2026-05-22,Referral,About Us,Desktop,India,New,2.7,3.2,66.32,0,0
S107182,U14776,2026-05-22,Organic Search,FAQ,Mobile,India,New,10.06,7.7,52.44,1,100
S104189,U15833,2026-05-22,Organic Search,Pricing,Mobile,India,New,5.02,4.0,57.55,0,0
S109721,U14925,2026-05-22,Organic Search,Pricing,Desktop,UK,New,4.18,5.0,59.61,0,0
S105458,U16091,2026-05-22,Organic Search,Home,Mobile,USA,New,1.12,2.4,64.13,0,0
S106638,U11269,2026-05-22,Paid Search,About Us,Mobile,India,New,3.56,2.3,65.62,0,0
S105998,U13673,2026-05-22,Paid Search,Contact Us,Desktop,India,New,9.9,8.5,40.69,1,100
S100930,U11907,2026-05-22,Referral,Contact Us,Mobile,India,New,3.04,1.4,63.56,0,0
S104889,U12850,2026-05-22,Paid Search,Checkout,Desktop,USA,New,14.57,10.3,27.78,0,0
S102970,U14559,2026-05-22,Organic Search,Home,Desktop,India,New,1.01,2.5,78.45,0,0
S106881,U12156,2026-05-22,Social Media,Product Details,Desktop,Canada,New,3.82,4.2,55.28,0,0
S109871,U15357,2026-05-22,Organic Search,Products,Desktop,UK,New,3.57,2.3,67.61,0,0
S107288,U11412,2026-05-22,Organic Search,About Us,Desktop,India,New,7.12,5.4,49.18,0,0
S106148,U15568,2026-05-22,Direct,Home,Mobile,India,Returning,3.77,3.2,61.84,0,0
S103219,U15592,2026-05-22,Organic Search,Products,Mobile,USA,New,2.99,2.6,62.71,0,0
S104921,U10284,2026-05-22,Organic Search,FAQ,Desktop,India,New,0.64,2.1,77.47,0,0
S102944,U10039,2026-05-22,Organic Search,Blog,Desktop,India,Returning,1.08,1.0,69.41,0,0
S109873,U10770,2026-05-22,Organic Search,Pricing,Mobile,India,New,1.67,3.3,52.94,0,0
S106530,U11385,2026-05-22,Organic Search,Home,Mobile,India,Returning,14.73,9.0,20.75,0,0
S108324,U13020,2026-05-22,Paid Search,Home,Desktop,India,New,1.49,1.0,87.99,0,0
S101174,U12137,2026-05-22,Organic Search,About Us,Desktop,India,Returning,7.84,6.5,53.44,0,0
S102998,U10362,2026-05-22,Paid Search,Checkout,Desktop,UK,New,2.18,3.1,80.25,0,0
S109176,U15308,2026-05-22,Paid Search,Checkout,Desktop,India,New,15.35,9.3,43.42,1,100
S105146,U10499,2026-05-22,Social Media,Products,Tablet,Canada,New,3.78,2.4,74.14,0,0
S102381,U16435,2026-05-22,Paid Search,Blog,Tablet,India,New,6.12,2.8,43.67,0,0
S105135,U14546,2026-05-22,Paid Search,Pricing,Mobile,India,New,2.9,3.4,63.96,0,0
S108349,U12794,2026-05-22,Organic Search,Product Details,Desktop,USA,New,2.34,2.3,62.98,0,0
S106630,U13867,2026-05-22,Organic Search,Pricing,Desktop,USA,New,1.43,2.1,74.91,0,0
S109039,U16005,2026-05-22,Direct,Home,Mobile,India,New,3.15,4.6,59.33,0,0
S103965,U11947,2026-05-23,Paid Search,Contact Us,Desktop,UK,Returning,2.78,2.7,61.42,0,0
S108726,U11503,2026-05-23,Social Media,Home,Desktop,India,Returning,3.19,3.4,55.74,0,0
S102812,U16165,2026-05-23,Direct,Blog,Desktop,USA,Returning,4.64,2.9,65.04,0,0
S108007,U13343,2026-05-23,Direct,Blog,Mobile,Canada,New,1.38,2.5,63.37,0,0
S108979,U10486,2026-05-23,Organic Search,Pricing,Desktop,USA,New,11.55,7.3,46.42,0,0
S103976,U11971,2026-05-23,Direct,Product Details,Desktop,India,New,3.46,3.7,66.65,0,0
S109420,U16214,2026-05-23,Organic Search,Pricing,Desktop,UK,Returning,7.99,4.5,34.3,1,100
S109184,U10238,2026-05-23,Referral,Services,Mobile,Canada,New,4.11,3.1,56.44,0,0
S106081,U14702,2026-05-23,Organic Search,FAQ,Mobile,India,New,6.11,3.7,55.98,0,0
S109607,U14793,2026-05-23,Paid Search,Blog,Mobile,India,New,11.62,8.5,40.36,0,0
S107314,U15731,2026-05-23,Organic Search,Blog,Tablet,USA,New,3.57,3.4,60.91,0,0
S102047,U16140,2026-05-23,Organic Search,Home,Desktop,UK,Returning,0.78,1.2,64.67,0,0
S107328,U11782,2026-05-23,Organic Search,Pricing,Mobile,India,New,1.1,1.0,87.27,0,0
S108801,U12580,2026-05-23,Social Media,About Us,Desktop,India,New,3.59,2.2,55.96,1,100
S100552,U15882,2026-05-23,Direct,Services,Desktop,India,New,3.49,3.4,70.09,0,0
S108583,U12300,2026-05-23,Referral,Pricing,Desktop,India,New,4.96,4.0,74.42,0,0
S107752,U11591,2026-05-23,Referral,Contact Us,Mobile,India,New,0.35,1.0,80.89,0,0
S109135,U16200,2026-05-23,Referral,FAQ,Desktop,USA,New,14.91,10.2,27.15,0,0
S109341,U13765,2026-05-23,Referral,Services,Mobile,UK,New,3.44,4.4,56.8,0,0
S109365,U11920,2026-05-23,Paid Search,Product Details,Mobile,India,New,2.93,1.1,69.65,1,100
S105001,U15284,2026-05-23,Social Media,Home,Desktop,UK,New,10.3,7.4,49.0,0,0
S108180,U15371,2026-05-23,Organic Search,Product Details,Mobile,Australia,New,6.32,3.2,70.48,0,0
S109137,U15232,2026-05-23,Referral,Services,Mobile,Australia,Returning,2.59,3.3,69.07,0,0
S107686,U13549,2026-05-23,Social Media,Services,Desktop,Australia,New,9.61,5.4,37.17,0,0
S108830,U12834,2026-05-23,Paid Search,Blog,Mobile,Canada,New,2.53,2.1,58.19,0,0
S103432,U11099,2026-05-23,Direct,Checkout,Desktop,India,New,8.13,5.8,44.43,0,0
S109153,U15492,2026-05-23,Paid Search,Blog,Tablet,India,New,1.9,3.5,67.83,0,0
S108859,U12708,2026-05-23,Organic Search,Contact Us,Mobile,India,New,5.92,3.7,50.69,0,0
S106521,U13868,2026-05-23,Organic Search,Product Details,Desktop,India,New,3.9,3.9,58.66,0,0
S103365,U15907,2026-05-23,Referral,FAQ,Desktop,India,New,3.53,3.2,62.46,0,0
S106098,U13905,2026-05-23,Organic Search,Contact Us,Mobile,India,New,9.29,6.0,59.01,0,0
S108860,U15979,2026-05-23,Organic Search,Pricing,Mobile,India,New,5.86,5.9,51.8,0,0
S104187,U14889,2026-05-23,Paid Search,Home,Tablet,India,New,1.21,2.6,77.28,0,0
S107605,U15073,2026-05-23,Organic Search,Products,Mobile,USA,New,22.17,13.7,10.0,0,0
S107203,U13830,2026-05-23,Paid Search,Blog,Desktop,India,Returning,1.37,2.3,75.76,0,0
S101411,U15887,2026-05-23,Social Media,Pricing,Tablet,India,New,4.42,5.2,58.84,1,100
S103239,U10371,2026-05-23,Organic Search,Home,Mobile,India,New,3.05,3.0,69.46,0,0
S100984,U15812,2026-05-23,Paid Search,Checkout,Desktop,India,New,3.43,3.3,70.63,1,100
S100146,U13841,2026-05-23,Paid Search,Product Details,Desktop,India,Returning,4.1,3.0,55.15,1,100
S101163,U15948,2026-05-23,Organic Search,Pricing,Mobile,India,New,3.63,2.6,63.64,0,0
S103725,U13450,2026-05-23,Organic Search,Services,Tablet,Canada,New,2.61,2.1,79.0,0,0
S104627,U16054,2026-05-23,Paid Search,Home,Mobile,India,Returning,0.76,2.9,61.74,0,0
S106437,U10148,2026-05-23,Paid Search,Pricing,Mobile,Australia,Returning,5.77,4.7,47.33,0,0
S102334,U15189,2026-05-23,Referral,Home,Desktop,India,Returning,7.83,3.2,52.83,0,0
S107846,U13002,2026-05-23,Paid Search,Products,Desktop,India,New,2.75,2.3,62.72,0,0
S109477,U15644,2026-05-23,Referral,Products,Tablet,UK,New,3.61,3.4,64.95,0,0
S103234,U13653,2026-05-23,Paid Search,About Us,Desktop,India,New,5.4,3.5,76.05,0,0
S107841,U15393,2026-05-23,Organic Search,Home,Mobile,Australia,New,4.46,2.8,68.65,0,0
S109281,U14526,2026-05-23,Paid Search,Contact Us,Desktop,India,New,3.75,2.7,79.3,0,0
S103320,U14870,2026-05-23,Organic Search,Blog,Desktop,UK,New,4.87,4.6,57.43,0,0
S104147,U15952,2026-05-23,Paid Search,Contact Us,Desktop,India,New,7.02,4.5,60.83,0,0
S106684,U10852,2026-05-23,Organic Search,FAQ,Mobile,India,New,7.79,6.6,33.81,0,0
S103209,U15561,2026-05-23,Paid Search,Home,Desktop,India,Returning,1.96,2.3,63.77,0,0
S106883,U16366,2026-05-23,Organic Search,Home,Desktop,India,New,2.52,2.5,76.83,0,0
S109717,U11090,2026-05-23,Organic Search,Blog,Desktop,India,New,6.45,5.9,56.02,0,0
S107470,U10372,2026-05-23,Direct,Home,Desktop,India,New,1.07,1.9,73.23,0,0
S108632,U12206,2026-05-24,Referral,Pricing,Desktop,UK,New,7.64,6.5,52.15,0,0
S102867,U10563,2026-05-24,Direct,Products,Desktop,USA,New,5.41,3.9,58.68,0,0
S103393,U13070,2026-05-24,Referral,FAQ,Mobile,India,New,2.99,3.3,54.62,0,0
S107997,U10443,2026-05-24,Paid Search,Home,Mobile,India,New,2.28,2.3,58.4,0,0
S103115,U11837,2026-05-24,Organic Search,Blog,Desktop,India,New,5.92,3.6,59.83,0,0
S101598,U14063,2026-05-24,Paid Search,Pricing,Desktop,India,Returning,3.08,4.1,47.16,0,0
S102987,U11654,2026-05-24,Paid Search,Product Details,Desktop,India,Returning,9.32,5.8,40.36,0,0
S108108,U15368,2026-05-24,Referral,Home,Mobile,India,New,5.18,2.9,59.1,0,0
S106044,U14299,2026-05-24,Paid Search,Pricing,Tablet,India,New,8.35,6.0,44.13,0,0
S106371,U15183,2026-05-24,Referral,Blog,Mobile,Canada,Returning,3.78,2.1,91.12,1,100
S100232,U10855,2026-05-24,Direct,Checkout,Tablet,USA,Returning,8.55,5.1,45.6,0,0
S106892,U10442,2026-05-24,Direct,Pricing,Desktop,India,Returning,3.83,3.5,63.19,0,0
S106252,U11030,2026-05-24,Organic Search,Home,Tablet,India,Returning,1.56,2.4,57.8,0,0
S101156,U13644,2026-05-24,Organic Search,FAQ,Desktop,USA,Returning,3.91,4.2,74.32,1,100
S101149,U15257,2026-05-24,Paid Search,Products,Desktop,Australia,Returning,5.78,3.5,61.17,0,0
S102630,U16258,2026-05-24,Organic Search,Blog,Mobile,UK,New,5.45,3.8,65.26,0,0
S103559,U11694,2026-05-24,Organic Search,FAQ,Desktop,USA,New,2.14,3.9,67.26,0,0
S107134,U15603,2026-05-24,Direct,Home,Mobile,India,New,5.08,2.7,62.04,0,0
S101088,U10847,2026-05-24,Direct,Services,Mobile,India,New,3.77,3.2,74.08,0,0
S105376,U12553,2026-05-24,Paid Search,Home,Mobile,India,Returning,4.04,4.9,54.09,0,0
S100993,U12126,2026-05-24,Direct,About Us,Desktop,India,New,6.84,5.4,41.97,0,0
S102010,U12769,2026-05-24,Social Media,Products,Desktop,India,New,4.5,3.7,75.61,0,0
S105205,U15434,2026-05-24,Direct,Checkout,Desktop,Australia,New,5.63,6.1,45.01,0,0
S105107,U10137,2026-05-24,Organic Search,Contact Us,Desktop,USA,Returning,1.57,2.2,74.01,0,0
S102316,U13486,2026-05-24,Paid Search,Home,Mobile,Canada,Returning,4.91,3.8,64.62,0,0
S108868,U13259,2026-05-24,Organic Search,Pricing,Desktop,India,New,2.83,4.0,74.75,0,0
S102197,U10014,2026-05-24,Direct,Checkout,Mobile,India,New,6.07,2.6,49.88,0,0
S107004,U14547,2026-05-24,Direct,Services,Desktop,India,New,2.5,4.1,57.02,0,0
S107650,U10083,2026-05-24,Referral,Blog,Mobile,India,New,1.66,1.9,74.52,0,0
S100813,U10256,2026-05-24,Paid Search,Product Details,Desktop,India,New,5.18,2.2,65.73,0,0
S104405,U11758,2026-05-24,Direct,Products,Mobile,India,Returning,2.43,2.6,69.67,0,0
S102266,U12845,2026-05-24,Paid Search,Blog,Mobile,India,New,1.4,2.3,88.74,0,0
S100878,U11078,2026-05-24,Direct,Blog,Mobile,Canada,Returning,1.31,2.7,77.81,0,0
S105868,U16284,2026-05-24,Social Media,About Us,Desktop,India,Returning,1.57,1.0,64.7,0,0
S105966,U12797,2026-05-24,Social Media,Services,Desktop,India,Returning,9.12,7.8,32.66,0,0
S100443,U14781,2026-05-24,Direct,Services,Desktop,Canada,New,3.99,3.1,64.16,0,0
S104957,U14139,2026-05-24,Organic Search,Blog,Desktop,Canada,New,4.38,4.3,74.38,1,100
S101938,U13156,2026-05-24,Organic Search,FAQ,Tablet,Canada,Returning,8.96,6.3,52.15,0,0
S101935,U13202,2026-05-24,Organic Search,Blog,Tablet,India,New,5.56,4.9,57.39,0,0
S101730,U15704,2026-05-24,Social Media,Products,Desktop,India,Returning,2.28,3.1,57.75,0,0
S105557,U12691,2026-05-24,Organic Search,Contact Us,Tablet,USA,New,2.29,1.3,73.8,0,0
S106918,U11565,2026-05-24,Direct,Blog,Tablet,India,New,5.28,4.3,62.34,0,0
S105559,U10090,2026-05-24,Organic Search,Home,Mobile,India,New,4.45,3.3,50.34,0,0
S100138,U16243,2026-05-25,Paid Search,Contact Us,Mobile,India,New,5.59,3.9,67.84,1,100
S109419,U13258,2026-05-25,Paid Search,Contact Us,Desktop,India,New,9.9,6.2,40.34,0,0
S109494,U10828,2026-05-25,Organic Search,Checkout,Mobile,Canada,New,8.03,5.3,53.47,0,0
S105757,U10053,2026-05-25,Organic Search,Blog,Desktop,India,Returning,0.87,1.0,78.94,0,0
S106403,U14160,2026-05-25,Direct,Pricing,Mobile,India,Returning,4.75,3.1,70.64,0,0
S109646,U15074,2026-05-25,Paid Search,Home,Mobile,Canada,New,5.58,5.3,54.42,0,0
S103675,U14493,2026-05-25,Paid Search,Services,Mobile,India,New,3.5,2.9,60.39,0,0
S100929,U14043,2026-05-25,Paid Search,Pricing,Desktop,India,Returning,3.31,2.6,80.59,0,0
S106166,U11636,2026-05-25,Organic Search,About Us,Mobile,India,New,7.02,5.7,41.33,0,0
S109258,U14616,2026-05-25,Social Media,Product Details,Mobile,India,New,3.25,3.9,65.5,0,0
S102559,U12476,2026-05-25,Paid Search,Products,Desktop,India,New,11.5,6.6,39.27,1,100
S104931,U13145,2026-05-25,Organic Search,Contact Us,Desktop,Canada,Returning,1.1,1.0,75.97,0,0
S109036,U13886,2026-05-25,Organic Search,FAQ,Tablet,India,New,2.66,4.2,78.4,0,0
S109035,U11082,2026-05-25,Referral,Contact Us,Desktop,India,New,3.88,3.5,46.23,0,0
S101655,U13588,2026-05-25,Social Media,Blog,Mobile,India,New,6.62,4.4,58.62,0,0
S107875,U10997,2026-05-25,Paid Search,About Us,Desktop,India,New,7.1,4.4,44.36,0,0
S100417,U12734,2026-05-25,Paid Search,FAQ,Desktop,Australia,New,6.78,4.1,40.44,0,0
S104041,U12236,2026-05-25,Organic Search,Services,Mobile,Australia,New,6.5,4.4,46.23,0,0
S101499,U15476,2026-05-25,Direct,Product Details,Desktop,India,New,1.73,3.8,70.41,0,0
S107889,U12858,2026-05-25,Organic Search,Contact Us,Desktop,India,Returning,6.53,5.0,50.96,0,0
S100987,U10639,2026-05-25,Organic Search,Product Details,Desktop,India,Returning,1.65,2.4,56.21,0,0
S109915,U14771,2026-05-25,Organic Search,Contact Us,Desktop,India,New,6.07,3.3,70.53,0,0
S103284,U14667,2026-05-25,Organic Search,About Us,Tablet,UK,New,11.14,8.8,36.26,0,0
S100907,U14855,2026-05-25,Direct,Product Details,Mobile,UK,New,3.49,2.7,66.19,0,0
S109235,U13303,2026-05-25,Referral,Blog,Mobile,India,Returning,3.04,4.4,49.01,0,0
S109337,U10948,2026-05-25,Direct,Home,Mobile,India,New,14.82,9.4,34.72,0,0
S100306,U12057,2026-05-25,Paid Search,Products,Mobile,Canada,Returning,1.77,3.6,74.87,0,0
S107706,U13771,2026-05-25,Organic Search,Product Details,Mobile,UK,New,2.04,2.8,70.58,0,0
S100854,U15265,2026-05-25,Organic Search,Home,Tablet,USA,New,3.62,3.9,68.8,0,0
S106104,U11233,2026-05-25,Organic Search,Home,Mobile,India,Returning,6.97,4.3,54.76,0,0
S102254,U11743,2026-05-25,Paid Search,Checkout,Mobile,India,Returning,2.87,2.5,76.34,0,0
S100215,U15233,2026-05-25,Direct,Home,Desktop,USA,Returning,3.63,3.8,73.78,0,0
S103433,U12327,2026-05-25,Direct,Product Details,Desktop,UK,New,4.07,1.9,78.31,0,0
S100201,U15531,2026-05-25,Direct,Checkout,Mobile,India,New,2.2,2.8,62.85,0,0
S109941,U13079,2026-05-25,Social Media,Pricing,Tablet,India,New,0.57,1.0,81.49,0,0
S102301,U12034,2026-05-25,Organic Search,About Us,Mobile,India,New,4.59,4.4,66.68,0,0
S102228,U15725,2026-05-25,Organic Search,Product Details,Desktop,India,New,5.26,3.4,68.18,0,0
S108144,U15352,2026-05-25,Organic Search,Contact Us,Mobile,USA,New,6.21,3.6,59.9,0,0
S103551,U14009,2026-05-25,Social Media,About Us,Mobile,India,New,3.56,3.6,75.26,0,0
S107763,U12461,2026-05-25,Organic Search,FAQ,Mobile,Canada,Returning,1.2,3.0,58.27,1,100
S100790,U11146,2026-05-25,Organic Search,Home,Mobile,UK,New,5.95,4.2,65.72,0,0
S103904,U13457,2026-05-25,Organic Search,About Us,Desktop,UK,New,5.94,3.7,54.53,0,0
S102520,U11101,2026-05-25,Organic Search,Contact Us,Mobile,USA,New,7.43,4.8,41.11,0,0
S105889,U11749,2026-05-25,Referral,Contact Us,Desktop,Canada,New,8.01,5.9,47.52,0,0
S100770,U13377,2026-05-25,Referral,Product Details,Desktop,India,New,7.32,4.4,37.95,0,0
S106841,U11540,2026-05-25,Paid Search,Pricing,Desktop,India,Returning,5.82,3.7,49.75,1,100
S103306,U13049,2026-05-25,Organic Search,Pricing,Mobile,Australia,New,4.8,4.6,50.41,0,0
S104278,U11402,2026-05-25,Organic Search,Product Details,Mobile,Canada,Returning,7.96,5.2,50.15,0,0
S107340,U14087,2026-05-25,Referral,FAQ,Mobile,India,Returning,8.53,5.4,37.68,0,0
S107838,U11342,2026-05-25,Organic Search,Products,Desktop,India,New,4.43,3.9,71.1,0,0
S105326,U12943,2026-05-25,Paid Search,Services,Mobile,India,Returning,9.2,5.8,50.59,0,0
S105561,U14109,2026-05-25,Organic Search,Checkout,Mobile,Australia,Returning,6.31,4.1,53.33,1,100
S102397,U12502,2026-05-25,Social Media,Products,Desktop,USA,New,8.84,4.7,44.35,0,0
S109219,U14196,2026-05-25,Paid Search,Product Details,Mobile,UK,New,5.6,4.3,61.4,0,0
S105313,U12855,2026-05-25,Organic Search,Checkout,Desktop,Australia,New,7.1,5.3,63.23,0,0
S100480,U15316,2026-05-25,Paid Search,Blog,Mobile,India,Returning,1.75,2.0,74.16,0,0
S100423,U13010,2026-05-25,Direct,Blog,Mobile,India,New,5.42,2.8,51.44,0,0
S101593,U11342,2026-05-25,Organic Search,Blog,Mobile,India,New,2.74,2.2,66.68,0,0
S102771,U12294,2026-05-25,Social Media,Checkout,Mobile,Canada,New,8.15,6.8,36.74,0,0
S101529,U11387,2026-05-25,Organic Search,Contact Us,Desktop,UK,New,14.31,8.4,34.86,1,100
S107949,U13662,2026-05-25,Organic Search,Services,Mobile,UK,New,4.57,1.9,72.83,0,0
S109197,U15508,2026-05-25,Paid Search,Services,Desktop,India,Returning,5.24,5.9,58.35,1,100
S107229,U16080,2026-05-25,Direct,Home,Desktop,India,Returning,5.33,2.9,62.04,0,0
S105423,U13576,2026-05-25,Referral,Contact Us,Desktop,USA,New,2.42,2.0,58.23,0,0
S101940,U13531,2026-05-25,Organic Search,Products,Desktop,India,New,4.8,1.6,78.68,0,0
S106568,U10527,2026-05-26,Paid Search,Product Details,Desktop,India,New,5.88,6.2,51.99,0,0
S107602,U10295,2026-05-26,Organic Search,Pricing,Mobile,USA,Returning,8.05,5.9,43.54,1,100
S103346,U14944,2026-05-26,Referral,Services,Mobile,India,New,7.68,6.6,50.79,0,0
S100225,U13153,2026-05-26,Referral,Product Details,Desktop,India,Returning,2.59,2.0,55.84,0,0
S101119,U10261,2026-05-26,Social Media,Blog,Mobile,Australia,New,3.8,2.5,61.29,0,0
S108269,U14712,2026-05-26,Paid Search,Checkout,Mobile,Canada,New,1.54,3.8,81.88,0,0
S102290,U10919,2026-05-26,Direct,FAQ,Tablet,UK,New,3.57,2.3,61.0,0,0
S109843,U16124,2026-05-26,Organic Search,Services,Mobile,India,New,4.94,4.0,55.85,0,0
S105603,U11231,2026-05-26,Social Media,About Us,Desktop,Canada,New,3.1,4.6,49.37,0,0
S105904,U11969,2026-05-26,Paid Search,Blog,Mobile,India,New,2.86,2.4,58.22,0,0
S102915,U13360,2026-05-26,Referral,About Us,Desktop,India,New,11.24,7.6,30.28,0,0
S105803,U12980,2026-05-26,Social Media,Home,Desktop,India,Returning,10.53,7.1,21.05,1,100
S108863,U10923,2026-05-26,Paid Search,Pricing,Mobile,Australia,New,2.8,2.8,62.87,0,0
S103967,U14800,2026-05-26,Organic Search,About Us,Desktop,India,New,4.79,5.1,56.82,0,0
S106316,U13427,2026-05-26,Organic Search,Home,Desktop,India,Returning,4.1,3.4,56.99,0,0
S104251,U11549,2026-05-26,Direct,Home,Desktop,India,Returning,0.67,1.3,87.35,0,0
S108562,U11993,2026-05-26,Organic Search,Home,Desktop,India,Returning,4.56,1.2,67.42,0,0
S106099,U14857,2026-05-26,Direct,FAQ,Desktop,Australia,New,1.35,1.2,83.65,0,0
S106765,U11653,2026-05-26,Paid Search,Blog,Mobile,Canada,New,4.04,3.8,48.18,0,0
S102267,U16263,2026-05-26,Social Media,Products,Mobile,USA,New,4.53,2.5,62.62,0,0
S101770,U11934,2026-05-26,Direct,FAQ,Desktop,India,New,4.27,3.6,57.13,0,0
S106105,U14118,2026-05-26,Direct,Product Details,Mobile,India,New,2.61,4.2,67.36,0,0
S105426,U14173,2026-05-26,Organic Search,Checkout,Desktop,Australia,Returning,3.89,2.4,61.21,0,0
S109544,U13320,2026-05-26,Organic Search,Home,Mobile,UK,New,4.72,4.4,38.97,0,0
S107932,U10724,2026-05-26,Paid Search,Home,Desktop,India,New,5.46,1.4,64.55,0,0
S101920,U16103,2026-05-26,Referral,Blog,Desktop,India,Returning,4.65,5.6,74.29,0,0
S109787,U11637,2026-05-26,Direct,Checkout,Desktop,India,New,1.43,1.5,67.85,0,0
S105982,U10271,2026-05-26,Paid Search,Products,Desktop,India,New,6.28,5.1,55.16,0,0
S107199,U13249,2026-05-26,Organic Search,Products,Desktop,India,New,1.14,2.1,73.02,1,100
S101343,U12714,2026-05-26,Referral,Blog,Mobile,USA,Returning,7.66,7.2,37.66,1,100
S102217,U14024,2026-05-26,Organic Search,Home,Mobile,Australia,New,4.25,4.0,44.79,0,0
S100291,U15884,2026-05-26,Paid Search,Pricing,Mobile,India,Returning,4.11,3.2,61.78,0,0
S109788,U12725,2026-05-26,Organic Search,Pricing,Desktop,Canada,New,4.77,3.9,54.76,0,0
S107934,U13011,2026-05-26,Paid Search,Contact Us,Mobile,India,New,1.25,1.8,65.12,0,0
S100318,U14683,2026-05-26,Referral,Services,Mobile,India,Returning,1.07,2.0,84.39,0,0
S104687,U15231,2026-05-26,Organic Search,Blog,Desktop,India,Returning,8.36,4.8,44.78,0,0
S104362,U15514,2026-05-26,Referral,Products,Desktop,India,New,3.34,2.7,61.46,0,0
S105673,U11448,2026-05-26,Organic Search,Products,Mobile,India,New,4.44,3.3,69.54,0,0
S104125,U14046,2026-05-26,Paid Search,Home,Desktop,USA,New,3.96,4.2,62.36,0,0
S109692,U10859,2026-05-26,Organic Search,Services,Desktop,India,New,7.85,5.9,34.57,0,0
S109098,U12753,2026-05-26,Direct,Pricing,Tablet,India,New,1.42,1.0,69.09,0,0
S107461,U15819,2026-05-26,Organic Search,Product Details,Desktop,India,New,3.67,4.3,74.83,1,100
S108920,U10970,2026-05-26,Paid Search,Services,Mobile,UK,New,0.34,2.8,72.24,0,0
S102318,U14050,2026-05-26,Organic Search,Home,Desktop,USA,New,11.2,6.3,39.14,0,0
S100526,U11680,2026-05-26,Paid Search,Home,Mobile,India,New,4.39,3.0,65.4,0,0
S109650,U14612,2026-05-26,Organic Search,Contact Us,Mobile,India,New,8.1,5.4,55.37,0,0
S109015,U15193,2026-05-26,Referral,Product Details,Desktop,India,Returning,9.0,7.7,43.82,1,100
S108779,U10173,2026-05-26,Referral,Pricing,Mobile,India,Returning,4.94,2.8,66.38,0,0
S109391,U11771,2026-05-26,Organic Search,Services,Desktop,UK,Returning,5.16,2.8,65.54,0,0
S109928,U16244,2026-05-26,Referral,Services,Desktop,India,New,4.22,4.1,60.26,0,0
S103699,U13322,2026-05-26,Paid Search,Blog,Mobile,Australia,New,4.6,3.8,46.9,0,0
S101895,U12753,2026-05-26,Direct,Blog,Mobile,Canada,New,0.9,1.5,69.34,0,0
S107821,U14197,2026-05-26,Paid Search,Services,Desktop,India,New,5.43,4.5,47.84,0,0
S108322,U14900,2026-05-26,Referral,Home,Mobile,India,New,2.99,3.2,69.51,1,100
S100651,U10396,2026-05-26,Organic Search,Products,Mobile,UK,Returning,6.52,4.2,45.31,0,0
S101098,U10724,2026-05-26,Direct,Contact Us,Desktop,India,New,3.4,2.5,67.28,0,0
S103662,U16377,2026-05-26,Social Media,About Us,Desktop,Australia,New,4.4,3.4,59.38,0,0
S104093,U12781,2026-05-26,Direct,Checkout,Desktop,India,New,1.21,2.2,74.28,0,0
S109625,U10551,2026-05-26,Organic Search,Checkout,Desktop,India,New,4.33,4.2,67.55,0,0
S100681,U14331,2026-05-26,Paid Search,Pricing,Desktop,India,New,7.13,4.7,49.95,0,0
S104724,U11332,2026-05-26,Paid Search,Home,Desktop,USA,New,0.48,2.3,77.12,0,0
S100553,U15878,2026-05-26,Paid Search,Checkout,Mobile,India,Returning,1.86,2.6,75.51,0,0
S104017,U13736,2026-05-26,Organic Search,Products,Mobile,India,New,7.26,3.6,48.3,0,0
S103424,U11699,2026-05-27,Paid Search,Services,Mobile,India,Returning,8.99,6.0,50.0,0,0
S101493,U13799,2026-05-27,Social Media,Products,Tablet,Canada,New,2.46,1.7,72.94,0,0
S100827,U10224,2026-05-27,Organic Search,Blog,Mobile,UK,Returning,6.04,2.6,65.75,0,0
S105858,U15487,2026-05-27,Referral,Products,Mobile,India,New,4.57,3.7,53.28,0,0
S107549,U15095,2026-05-27,Organic Search,Home,Mobile,India,New,3.93,3.3,58.86,0,0
S105437,U11676,2026-05-27,Organic Search,Products,Tablet,Australia,New,5.09,4.3,53.23,0,0
S106794,U14634,2026-05-27,Organic Search,Blog,Desktop,India,Returning,3.91,2.5,64.88,0,0
S102715,U15180,2026-05-27,Social Media,Product Details,Desktop,India,Returning,3.2,2.3,68.98,0,0
S106612,U12015,2026-05-27,Referral,FAQ,Desktop,India,New,3.37,3.8,66.61,0,0
S105088,U11914,2026-05-27,Direct,Services,Desktop,India,New,1.35,1.0,70.06,0,0
S103472,U10949,2026-05-27,Organic Search,FAQ,Tablet,India,Returning,10.31,5.7,36.79,0,0
S106340,U11554,2026-05-27,Organic Search,Services,Tablet,UK,New,4.28,2.8,60.76,0,0
S105497,U15090,2026-05-27,Direct,Product Details,Mobile,Canada,Returning,4.11,4.5,55.36,0,0
S102043,U10714,2026-05-27,Paid Search,Home,Mobile,UK,Returning,1.4,1.3,79.79,0,0
S100026,U14556,2026-05-27,Organic Search,About Us,Mobile,India,New,6.73,5.6,53.17,0,0
S107309,U14287,2026-05-27,Organic Search,Product Details,Desktop,USA,New,3.14,2.6,54.43,0,0
S107075,U12970,2026-05-27,Organic Search,Pricing,Desktop,India,New,4.73,5.6,59.22,1,100
S108356,U14657,2026-05-27,Referral,Services,Mobile,Australia,Returning,1.87,2.1,68.79,0,0
S105685,U12783,2026-05-27,Organic Search,Blog,Desktop,India,New,3.93,3.3,75.78,0,0
S105314,U11504,2026-05-27,Direct,Home,Desktop,Australia,New,4.17,3.4,50.7,0,0
S106260,U15521,2026-05-27,Paid Search,Pricing,Desktop,India,New,4.74,3.5,63.52,0,0
S109801,U13238,2026-05-27,Referral,Services,Tablet,Canada,Returning,3.19,3.1,60.51,0,0
S108314,U14278,2026-05-27,Direct,Blog,Mobile,India,New,5.42,3.4,50.21,0,0
S102402,U15253,2026-05-27,Organic Search,Home,Desktop,Australia,New,6.12,4.5,54.9,1,100
S101578,U10172,2026-05-27,Organic Search,Home,Tablet,UK,Returning,7.72,4.2,54.6,0,0
S102007,U10395,2026-05-27,Direct,Home,Mobile,India,New,5.77,5.8,54.41,1,100
S102629,U15783,2026-05-27,Organic Search,Product Details,Tablet,India,New,7.28,4.7,61.25,0,0
S108602,U15216,2026-05-27,Direct,Products,Mobile,India,New,3.55,4.3,59.42,0,0
S102705,U15778,2026-05-27,Direct,Product Details,Mobile,Canada,New,1.63,1.0,58.96,0,0
S102980,U13755,2026-05-27,Direct,About Us,Desktop,USA,New,1.34,1.1,59.85,0,0
S103333,U15417,2026-05-27,Paid Search,Products,Desktop,India,New,3.98,4.1,59.35,1,100
S107007,U13088,2026-05-27,Direct,Blog,Mobile,India,New,3.48,2.0,80.28,0,0
S101820,U11997,2026-05-27,Direct,Services,Desktop,Canada,New,4.3,5.0,65.77,0,0
S106419,U11811,2026-05-27,Referral,Product Details,Desktop,USA,New,7.1,3.5,54.98,1,100
S108855,U13447,2026-05-27,Paid Search,Checkout,Desktop,India,New,1.61,1.4,72.06,1,100
S106122,U14525,2026-05-27,Organic Search,Checkout,Tablet,India,New,6.22,3.9,62.81,0,0
S109714,U14056,2026-05-27,Direct,Home,Mobile,India,New,2.12,2.0,61.54,0,0
S101292,U15733,2026-05-27,Direct,Blog,Tablet,USA,Returning,5.53,3.5,62.93,0,0
S102109,U11267,2026-05-27,Organic Search,Blog,Mobile,India,Returning,12.34,9.2,23.75,0,0
S108984,U11472,2026-05-27,Organic Search,Product Details,Mobile,India,Returning,15.17,10.7,15.14,1,100
S105018,U15489,2026-05-27,Referral,Pricing,Mobile,India,Returning,0.3,3.4,55.07,0,0
S102186,U10002,2026-05-27,Direct,Home,Mobile,India,New,8.66,7.1,37.52,0,0
S106754,U13958,2026-05-27,Referral,Home,Desktop,Australia,New,1.28,2.6,77.3,0,0
S103771,U11432,2026-05-27,Referral,Products,Mobile,India,Returning,1.84,2.2,76.86,0,0
S109488,U13898,2026-05-27,Paid Search,Home,Mobile,Canada,Returning,12.39,10.2,35.38,1,100
S104061,U14045,2026-05-27,Direct,Products,Desktop,UK,New,1.94,2.5,68.97,0,0
S109473,U14225,2026-05-27,Organic Search,Home,Desktop,India,New,1.74,2.6,56.1,0,0
S108687,U13429,2026-05-27,Direct,FAQ,Desktop,India,Returning,8.35,5.5,43.65,0,0
S106025,U14971,2026-05-27,Referral,Blog,Tablet,India,New,3.85,4.0,61.19,0,0
S101143,U10236,2026-05-27,Organic Search,FAQ,Mobile,UK,New,4.2,2.7,74.7,0,0
S108761,U10728,2026-05-27,Organic Search,Product Details,Desktop,UK,New,5.16,3.6,49.29,1,100
S103917,U15881,2026-05-27,Paid Search,Pricing,Desktop,Australia,New,3.87,1.3,59.89,0,0
S108042,U12986,2026-05-27,Paid Search,Home,Mobile,India,New,1.0,1.2,62.66,0,0
S109974,U12414,2026-05-27,Referral,Product Details,Desktop,UK,Returning,2.34,2.9,65.59,0,0
S108758,U13516,2026-05-27,Organic Search,Services,Desktop,Canada,Returning,3.97,3.1,67.81,0,0
S101721,U11464,2026-05-27,Organic Search,Products,Desktop,India,New,0.87,2.1,63.28,0,0
S104219,U14745,2026-05-27,Referral,Services,Desktop,India,New,5.88,2.1,72.93,0,0
S102406,U13372,2026-05-27,Paid Search,Home,Desktop,USA,New,1.35,2.8,60.57,0,0
S101190,U13055,2026-05-27,Organic Search,Products,Mobile,USA,New,3.21,2.4,69.4,0,0
S107318,U14472,2026-05-28,Social Media,Products,Desktop,India,Returning,7.27,3.8,62.34,0,0
S101115,U10902,2026-05-28,Direct,Home,Desktop,UK,Returning,1.16,1.3,59.0,0,0
S107868,U16276,2026-05-28,Referral,Blog,Desktop,Canada,Returning,4.58,5.3,60.75,0,0
S104077,U11498,2026-05-28,Direct,Blog,Desktop,USA,New,6.7,2.7,68.04,0,0
S107376,U11516,2026-05-28,Paid Search,Pricing,Mobile,India,New,5.56,6.4,40.2,1,100
S105031,U14459,2026-05-28,Organic Search,Pricing,Mobile,UK,Returning,6.89,4.3,68.86,0,0
S100747,U15030,2026-05-28,Paid Search,About Us,Desktop,India,Returning,6.43,4.1,49.17,0,0
S108702,U13906,2026-05-28,Social Media,About Us,Desktop,Australia,New,2.61,2.4,72.65,0,0
S108701,U15496,2026-05-28,Direct,Product Details,Desktop,India,New,4.61,4.0,64.7,1,100
S105036,U10680,2026-05-28,Direct,Home,Tablet,India,New,1.83,1.0,80.55,0,0
S106591,U12687,2026-05-28,Paid Search,Products,Mobile,India,Returning,1.07,1.3,56.78,0,0
S108797,U15186,2026-05-28,Paid Search,Product Details,Mobile,India,Returning,1.75,2.8,67.18,0,0
S105301,U11506,2026-05-28,Referral,About Us,Mobile,India,New,1.6,1.8,68.03,0,0
S105253,U10194,2026-05-28,Organic Search,Product Details,Desktop,India,Returning,2.98,2.2,73.2,1,100
S105008,U11912,2026-05-28,Direct,About Us,Mobile,UK,New,8.42,6.7,44.11,0,0
S102370,U14090,2026-05-28,Organic Search,Services,Desktop,India,Returning,4.64,2.6,56.04,0,0
S106134,U11016,2026-05-28,Organic Search,Product Details,Desktop,India,New,7.58,3.8,65.3,0,0
S101520,U12970,2026-05-28,Social Media,Pricing,Mobile,USA,Returning,0.4,1.0,67.97,0,0
S103324,U15547,2026-05-28,Organic Search,Product Details,Mobile,India,New,0.82,3.9,52.74,1,100
S106945,U11474,2026-05-28,Direct,Home,Mobile,Australia,New,3.62,3.1,58.64,0,0
S109600,U12419,2026-05-28,Paid Search,Products,Mobile,India,Returning,6.02,5.4,43.1,0,0
S101506,U10342,2026-05-28,Paid Search,Home,Mobile,USA,New,4.69,4.5,45.79,0,0
S100574,U11932,2026-05-28,Paid Search,Products,Desktop,India,Returning,2.78,1.0,78.14,0,0
S106647,U10936,2026-05-28,Referral,Home,Desktop,India,New,1.8,4.0,64.26,0,0
S105485,U14479,2026-05-28,Organic Search,About Us,Mobile,Canada,New,3.89,3.6,55.12,0,0
S106541,U15673,2026-05-28,Referral,Product Details,Desktop,India,Returning,4.48,3.6,69.23,0,0
S100834,U13926,2026-05-28,Organic Search,Pricing,Mobile,Canada,New,4.72,4.5,48.38,0,0
S107155,U14181,2026-05-28,Paid Search,Product Details,Desktop,India,New,1.37,2.5,77.08,0,0
S109057,U11026,2026-05-28,Paid Search,Product Details,Desktop,India,Returning,0.84,3.7,66.52,0,0
S107996,U12695,2026-05-28,Organic Search,Product Details,Tablet,USA,New,5.18,1.3,71.67,0,0
S107742,U13919,2026-05-28,Social Media,Blog,Mobile,India,New,5.16,4.3,68.9,0,0
S108097,U14182,2026-05-28,Paid Search,Services,Mobile,India,New,2.9,4.2,56.65,0,0
S106768,U13893,2026-05-28,Organic Search,Product Details,Desktop,India,Returning,5.11,2.5,62.65,0,0
S102496,U14146,2026-05-28,Paid Search,Product Details,Tablet,USA,Returning,6.71,4.5,56.75,1,100
S107183,U14531,2026-05-28,Paid Search,Services,Desktop,India,New,7.88,5.6,48.93,0,0
S106861,U15664,2026-05-28,Direct,Services,Desktop,UK,Returning,1.53,2.7,73.45,0,0
S109545,U12350,2026-05-28,Paid Search,FAQ,Desktop,Australia,New,3.51,1.9,61.06,0,0
S104882,U15046,2026-05-28,Direct,Services,Tablet,India,New,4.16,4.0,54.33,0,0
S103132,U13472,2026-05-28,Organic Search,FAQ,Desktop,Australia,New,3.39,2.0,77.0,0,0
S109621,U10508,2026-05-28,Social Media,Home,Mobile,India,New,3.7,5.1,63.41,0,0
S100582,U15733,2026-05-28,Direct,Product Details,Desktop,USA,New,5.87,5.2,63.39,1,100
S102846,U13577,2026-05-28,Referral,Blog,Tablet,India,New,2.74,3.6,65.23,1,100
S103227,U14992,2026-05-28,Paid Search,Contact Us,Desktop,India,New,6.45,5.1,49.99,0,0
S105716,U10447,2026-05-28,Referral,Pricing,Desktop,India,New,16.9,12.5,12.89,0,0
S100245,U13511,2026-05-28,Referral,Pricing,Mobile,India,Returning,5.87,4.9,58.46,0,0
S108735,U16406,2026-05-28,Referral,FAQ,Desktop,India,New,3.35,3.6,54.57,0,0
S107403,U16429,2026-05-28,Paid Search,Home,Desktop,Australia,New,5.36,4.8,56.16,0,0
S103193,U10906,2026-05-28,Organic Search,Services,Mobile,UK,New,6.81,5.6,55.21,0,0
S101461,U15173,2026-05-29,Paid Search,Pricing,Tablet,USA,New,2.37,2.3,77.71,0,0
S105731,U12536,2026-05-29,Direct,Blog,Mobile,India,Returning,4.56,2.7,68.25,0,0
S108925,U11212,2026-05-29,Direct,Home,Desktop,India,Returning,8.0,7.6,55.05,1,100
S100933,U16239,2026-05-29,Organic Search,Home,Desktop,Australia,New,3.08,1.8,60.25,0,0
S103669,U11813,2026-05-29,Referral,About Us,Desktop,Australia,New,1.47,2.2,72.07,0,0
S109275,U13870,2026-05-29,Direct,Home,Desktop,India,New,5.6,5.4,54.62,0,0
S100576,U12428,2026-05-29,Organic Search,Blog,Mobile,USA,New,4.89,5.5,64.1,0,0
S103207,U12298,2026-05-29,Direct,Blog,Desktop,India,Returning,5.34,4.3,56.83,0,0
S108302,U13640,2026-05-29,Organic Search,Blog,Mobile,Canada,Returning,6.49,3.4,56.96,0,0
S104755,U14855,2026-05-29,Referral,Product Details,Tablet,India,Returning,3.49,4.8,48.07,0,0
S105134,U10597,2026-05-29,Direct,Checkout,Tablet,India,New,3.9,2.9,68.32,0,0
S108388,U15056,2026-05-29,Social Media,Product Details,Mobile,Canada,New,0.72,1.1,75.21,0,0
S108389,U14574,2026-05-29,Organic Search,Products,Desktop,USA,Returning,4.37,3.6,64.23,0,0
S107547,U10862,2026-05-29,Social Media,Products,Desktop,India,New,7.72,4.3,54.71,0,0
S105905,U14323,2026-05-29,Referral,Home,Desktop,India,New,7.02,3.4,57.39,0,0
S104706,U13073,2026-05-29,Organic Search,About Us,Desktop,India,New,16.0,10.5,28.8,0,0
S103271,U15177,2026-05-29,Paid Search,Products,Mobile,USA,New,14.56,9.1,31.97,0,0
S105802,U11974,2026-05-29,Organic Search,Blog,Mobile,Canada,New,2.44,1.0,70.29,0,0
S109691,U15973,2026-05-29,Referral,Product Details,Mobile,Canada,New,1.88,3.4,86.73,0,0
S109278,U14482,2026-05-29,Paid Search,FAQ,Mobile,India,New,10.3,6.7,39.23,0,0
S102460,U12360,2026-05-29,Social Media,Pricing,Desktop,Canada,Returning,9.98,7.4,49.44,0,0
S108643,U13351,2026-05-29,Social Media,Blog,Mobile,India,New,4.58,2.6,73.13,0,0
S106400,U14557,2026-05-29,Organic Search,Products,Desktop,India,Returning,2.06,2.9,73.72,0,0
S109701,U11296,2026-05-29,Paid Search,Blog,Desktop,India,New,5.28,3.6,63.94,0,0
S107061,U11080,2026-05-29,Organic Search,Product Details,Mobile,India,New,3.42,1.1,69.55,1,100
S104569,U16298,2026-05-29,Referral,Home,Tablet,India,New,4.42,4.4,68.74,0,0
S109130,U11824,2026-05-29,Social Media,Services,Mobile,India,Returning,8.93,6.3,44.07,0,0
S107689,U16465,2026-05-29,Direct,Blog,Desktop,India,Returning,1.72,2.0,68.24,0,0
S105604,U12655,2026-05-29,Paid Search,Product Details,Tablet,India,Returning,4.05,2.4,59.12,0,0
S104488,U15884,2026-05-29,Social Media,Contact Us,Desktop,Canada,New,2.89,1.4,84.58,0,0
S106115,U12650,2026-05-29,Direct,Services,Mobile,India,New,6.41,4.2,56.69,0,0
S106775,U14214,2026-05-29,Direct,FAQ,Mobile,UK,New,1.84,1.9,71.46,1,100
S101794,U15296,2026-05-29,Referral,Product Details,Desktop,USA,New,2.86,2.2,63.74,0,0
S105870,U13309,2026-05-29,Referral,Products,Desktop,India,New,5.73,3.0,48.06,0,0
S108051,U10019,2026-05-29,Social Media,About Us,Desktop,USA,New,3.76,4.3,63.45,0,0
S103544,U12270,2026-05-29,Referral,Services,Desktop,India,New,5.01,5.1,65.24,0,0
S102777,U16209,2026-05-29,Organic Search,Contact Us,Tablet,USA,New,3.27,3.9,63.91,1,100
S106852,U13837,2026-05-29,Direct,FAQ,Mobile,India,New,2.42,1.0,86.39,0,0
S103946,U15140,2026-05-29,Referral,Checkout,Mobile,India,Returning,1.91,2.8,77.04,0,0
S100077,U13462,2026-05-29,Referral,Blog,Desktop,India,New,5.56,3.3,67.17,0,0
S104331,U10195,2026-05-29,Referral,Product Details,Desktop,India,New,4.87,2.9,72.36,0,0
S107188,U12388,2026-05-29,Organic Search,Services,Desktop,Canada,Returning,4.27,3.0,70.25,0,0
S102793,U16037,2026-05-29,Organic Search,About Us,Desktop,Canada,New,2.98,4.4,59.63,0,0
S100441,U12951,2026-05-29,Organic Search,Blog,Mobile,India,New,8.77,7.0,46.62,0,0
S109073,U14142,2026-05-29,Organic Search,Home,Desktop,USA,Returning,5.72,4.1,52.91,0,0
S101316,U11626,2026-05-29,Referral,Product Details,Desktop,UK,Returning,8.35,5.9,47.8,0,0
S103381,U11530,2026-05-29,Organic Search,Blog,Desktop,India,New,3.59,3.4,71.47,0,0
S101125,U13714,2026-05-29,Organic Search,About Us,Mobile,Canada,New,2.05,2.2,55.41,0,0
S100432,U15802,2026-05-29,Organic Search,Pricing,Tablet,Canada,Returning,1.53,1.4,68.85,0,0
S107109,U11752,2026-05-29,Direct,Checkout,Desktop,India,Returning,4.3,2.3,66.63,0,0
S104618,U10825,2026-05-29,Paid Search,Product Details,Tablet,USA,Returning,2.55,2.1,73.97,0,0
S106946,U13244,2026-05-29,Paid Search,Blog,Mobile,India,New,3.07,2.2,58.33,0,0
S106969,U12775,2026-05-29,Organic Search,Home,Desktop,India,New,4.44,4.2,67.68,0,0
S100378,U10816,2026-05-29,Direct,Product Details,Desktop,India,New,1.95,3.1,70.64,0,0
S101886,U15316,2026-05-29,Paid Search,FAQ,Mobile,USA,New,5.67,5.1,63.95,0,0
S104836,U14856,2026-05-29,Paid Search,Home,Mobile,India,Returning,9.6,5.7,58.41,1,100
S108570,U10723,2026-05-29,Social Media,Home,Desktop,India,Returning,0.87,1.3,83.37,0,0
S103481,U12258,2026-05-29,Paid Search,FAQ,Mobile,India,New,2.04,3.7,64.81,0,0
S107993,U11798,2026-05-29,Paid Search,About Us,Mobile,India,New,9.04,6.2,35.79,0,0
S107101,U13787,2026-05-29,Organic Search,Products,Mobile,USA,New,1.53,3.4,63.79,1,100
S104250,U16371,2026-05-29,Social Media,About Us,Mobile,USA,Returning,9.57,5.5,54.04,0,0
S100786,U13020,2026-05-29,Direct,Products,Desktop,India,New,3.95,4.4,49.1,0,0
S102938,U12161,2026-05-29,Organic Search,Home,Mobile,India,New,12.0,9.7,31.43,1,100
S108955,U10948,2026-05-29,Direct,Pricing,Desktop,India,New,2.1,5.0,73.25,0,0
S108030,U10546,2026-05-29,Referral,Services,Desktop,Australia,New,6.48,4.6,51.0,0,0
S106520,U15716,2026-05-29,Organic Search,FAQ,Desktop,India,Returning,6.09,4.0,53.19,0,0
S106922,U13189,2026-05-29,Paid Search,About Us,Mobile,Canada,New,4.77,5.9,68.54,0,0
S107622,U13578,2026-05-29,Social Media,Blog,Desktop,India,New,21.42,12.6,15.36,0,0
S108341,U14525,2026-05-30,Paid Search,Home,Mobile,India,Returning,4.84,4.7,62.56,0,0
S109111,U12226,2026-05-30,Organic Search,FAQ,Tablet,India,Returning,5.23,4.2,57.18,0,0
S101934,U11824,2026-05-30,Direct,Services,Desktop,India,New,6.81,5.8,44.25,0,0
S101823,U11286,2026-05-30,Paid Search,Product Details,Desktop,India,New,0.3,1.0,69.26,0,0
S106475,U11162,2026-05-30,Referral,Pricing,Desktop,India,Returning,0.91,3.2,72.53,0,0
S106457,U14676,2026-05-30,Paid Search,FAQ,Desktop,India,New,4.29,4.9,69.94,0,0
S108627,U12595,2026-05-30,Organic Search,Pricing,Mobile,UK,New,1.57,1.6,66.43,0,0
S100457,U10854,2026-05-30,Paid Search,Home,Mobile,India,Returning,8.41,6.6,62.81,0,0
S103839,U11458,2026-05-30,Organic Search,Product Details,Mobile,India,Returning,2.86,3.7,67.4,0,0
S109392,U14114,2026-05-30,Direct,Product Details,Mobile,Canada,New,2.78,3.2,74.66,0,0
S107312,U11141,2026-05-30,Organic Search,Checkout,Desktop,India,New,3.46,1.8,83.43,0,0
S104028,U10542,2026-05-30,Direct,Pricing,Mobile,India,New,5.82,4.5,54.96,1,100
S101563,U12121,2026-05-30,Referral,About Us,Desktop,India,Returning,1.8,3.3,55.21,0,0
S107243,U14587,2026-05-30,Social Media,Products,Mobile,India,New,4.42,2.1,75.29,1,100
S102660,U13288,2026-05-30,Referral,Pricing,Desktop,Canada,Returning,1.55,2.0,73.23,0,0
S107161,U10627,2026-05-30,Paid Search,Pricing,Mobile,India,New,13.44,8.9,40.67,1,100
S102903,U13748,2026-05-30,Organic Search,Blog,Desktop,India,Returning,7.61,6.8,43.68,0,0
S106803,U10273,2026-05-30,Social Media,Contact Us,Mobile,Australia,Returning,10.17,8.0,39.54,0,0
S105380,U14035,2026-05-30,Organic Search,FAQ,Desktop,India,New,1.64,1.5,79.06,0,0
S101049,U13449,2026-05-30,Organic Search,Home,Desktop,Australia,New,12.57,8.7,37.67,0,0
S101583,U11637,2026-05-30,Organic Search,Product Details,Mobile,UK,New,8.56,5.1,45.52,0,0
S103939,U12294,2026-05-30,Paid Search,FAQ,Tablet,Canada,Returning,2.31,2.1,64.25,0,0
S109674,U15650,2026-05-30,Organic Search,About Us,Desktop,USA,New,2.23,2.6,74.71,0,0
S101029,U11170,2026-05-30,Referral,Products,Mobile,USA,New,4.27,2.8,60.61,0,0
S103175,U15948,2026-05-30,Referral,Products,Mobile,India,New,4.77,3.8,57.54,1,100
S108821,U11608,2026-05-30,Organic Search,Services,Desktop,India,Returning,4.79,3.8,55.49,0,0
S103543,U12382,2026-05-30,Direct,Pricing,Desktop,India,New,6.25,4.9,62.4,0,0
S102150,U13454,2026-05-30,Social Media,FAQ,Mobile,India,New,6.64,3.7,49.37,0,0
S105759,U15571,2026-05-30,Paid Search,Checkout,Mobile,Australia,New,1.45,2.4,72.06,1,100
S106050,U11717,2026-05-30,Paid Search,Home,Mobile,India,Returning,2.51,2.2,63.82,0,0
S104557,U15043,2026-05-30,Organic Search,Blog,Desktop,India,New,2.93,1.3,79.78,0,0
S108190,U15650,2026-05-30,Direct,Checkout,Tablet,Canada,New,3.02,3.9,58.7,0,0
S104722,U14358,2026-05-30,Paid Search,FAQ,Mobile,India,Returning,6.82,5.1,51.98,0,0
S100698,U13237,2026-05-30,Referral,About Us,Mobile,USA,New,5.6,1.2,65.42,0,0
S101705,U16078,2026-05-30,Paid Search,Blog,Desktop,India,Returning,5.68,4.6,61.47,0,0
S109061,U12452,2026-05-30,Paid Search,Products,Tablet,India,New,7.41,5.7,55.28,1,100
S100650,U15732,2026-05-30,Direct,Product Details,Tablet,India,New,3.02,2.1,62.49,0,0
S102306,U15478,2026-05-30,Social Media,Products,Mobile,India,New,3.66,3.3,64.55,1,100
S102593,U12494,2026-05-30,Paid Search,Home,Mobile,UK,New,5.47,3.3,59.98,0,0
S103319,U12275,2026-05-30,Referral,Home,Mobile,India,New,0.56,2.1,68.21,0,0
S107594,U16157,2026-05-30,Paid Search,Product Details,Mobile,India,Returning,9.89,7.7,29.16,0,0
S104417,U16475,2026-05-30,Social Media,Services,Desktop,USA,New,1.71,1.8,71.83,0,0
S107749,U15339,2026-05-30,Direct,Blog,Mobile,India,Returning,6.02,3.4,56.31,0,0
S107078,U16096,2026-05-31,Organic Search,Blog,Mobile,UK,Returning,3.31,3.6,66.31,0,0
S104037,U15669,2026-05-31,Paid Search,Products,Desktop,USA,New,4.47,3.6,66.34,0,0
S109575,U13605,2026-05-31,Direct,Blog,Desktop,India,New,2.77,3.4,63.41,0,0
S102392,U16229,2026-05-31,Paid Search,Product Details,Desktop,India,New,7.94,5.3,47.52,0,0
S103287,U12291,2026-05-31,Direct,Checkout,Mobile,India,New,7.62,5.7,45.99,0,0
S105483,U11597,2026-05-31,Organic Search,Checkout,Mobile,India,New,4.98,4.5,65.13,0,0
S104027,U13399,2026-05-31,Organic Search,Products,Tablet,India,New,3.43,2.2,77.89,0,0
S103236,U11754,2026-05-31,Referral,Services,Desktop,India,New,1.84,2.2,68.85,0,0
S104474,U16237,2026-05-31,Organic Search,Products,Mobile,India,New,1.26,2.8,71.23,0,0
S104232,U10162,2026-05-31,Social Media,Pricing,Tablet,India,New,11.86,7.5,34.02,0,0
S101709,U16095,2026-05-31,Direct,Product Details,Mobile,India,New,10.23,7.2,40.54,1,100
S103970,U13537,2026-05-31,Direct,Pricing,Desktop,USA,New,8.31,5.7,74.36,0,0
S106057,U13269,2026-05-31,Direct,Services,Mobile,India,New,7.39,7.6,46.57,0,0
S100703,U11389,2026-05-31,Organic Search,Blog,Mobile,India,New,10.16,6.9,46.53,0,0
S107167,U15709,2026-05-31,Organic Search,Product Details,Mobile,India,Returning,3.27,4.1,56.01,0,0
S106836,U10673,2026-05-31,Organic Search,Products,Desktop,India,New,4.54,2.7,69.81,0,0
S107758,U11358,2026-05-31,Organic Search,Contact Us,Desktop,India,New,1.53,1.1,84.22,0,0
S101260,U12350,2026-05-31,Organic Search,Home,Mobile,India,New,2.16,4.0,68.56,0,0
S108284,U14380,2026-05-31,Organic Search,Contact Us,Desktop,India,Returning,4.14,4.5,71.26,0,0
S102179,U12148,2026-05-31,Organic Search,FAQ,Mobile,India,Returning,7.8,6.2,48.06,0,0
S109346,U12429,2026-05-31,Organic Search,Services,Desktop,USA,Returning,5.8,3.6,52.54,0,0
S104081,U16047,2026-05-31,Organic Search,Checkout,Desktop,India,New,6.23,4.1,55.38,0,0
S108198,U11821,2026-05-31,Direct,Products,Desktop,Canada,New,6.53,6.0,47.23,0,0
S104834,U10128,2026-05-31,Direct,Checkout,Mobile,Australia,Returning,12.36,8.3,37.86,1,100
S101968,U12256,2026-05-31,Direct,Home,Desktop,India,Returning,8.05,4.9,45.88,0,0
S109792,U13691,2026-05-31,Paid Search,Product Details,Tablet,India,Returning,4.22,3.1,73.1,0,0
S100192,U15497,2026-05-31,Paid Search,About Us,Desktop,India,Returning,1.64,1.5,80.33,0,0
S108639,U16379,2026-05-31,Direct,Blog,Desktop,India,New,7.93,6.1,46.72,0,0
S109272,U14570,2026-05-31,Social Media,Home,Mobile,Australia,New,0.48,1.4,74.22,0,0
S103997,U11725,2026-05-31,Paid Search,Services,Mobile,India,New,5.14,3.1,52.1,1,100
S109729,U11222,2026-05-31,Organic Search,Product Details,Desktop,India,New,4.99,4.1,58.08,0,0
S109929,U16405,2026-05-31,Direct,Checkout,Mobile,India,Returning,5.97,4.7,59.4,0,0
S109533,U11041,2026-05-31,Organic Search,About Us,Mobile,India,New,3.5,3.8,71.06,0,0
S105274,U16080,2026-05-31,Organic Search,FAQ,Tablet,India,New,8.19,5.6,56.99,0,0
S105631,U12041,2026-05-31,Paid Search,Contact Us,Mobile,India,New,3.57,2.5,62.92,0,0
S107055,U11820,2026-05-31,Paid Search,Product Details,Tablet,Australia,New,1.98,3.3,72.81,0,0
S103914,U13836,2026-05-31,Organic Search,Pricing,Desktop,USA,Returning,10.13,6.8,41.21,0,0
S107450,U13159,2026-05-31,Organic Search,Home,Mobile,Australia,New,7.06,3.5,53.75,0,0
S106954,U15883,2026-05-31,Direct,Blog,Desktop,India,New,1.46,1.9,74.54,0,0
S102635,U16107,2026-05-31,Referral,Product Details,Desktop,India,Returning,2.09,5.1,61.01,0,0
S106375,U11828,2026-05-31,Referral,Checkout,Desktop,USA,New,8.51,4.8,37.04,0,0
S101768,U12377,2026-05-31,Paid Search,Blog,Desktop,Australia,Returning,3.4,4.1,58.01,0,0
S109773,U12915,2026-05-31,Organic Search,Home,Tablet,India,New,0.58,2.0,75.94,0,0
S108908,U12945,2026-05-31,Social Media,Products,Desktop,USA,New,5.89,3.4,52.86,0,0
S105239,U10659,2026-05-31,Organic Search,About Us,Mobile,India,Returning,20.34,13.3,10.0,0,0
S109277,U16042,2026-05-31,Direct,FAQ,Mobile,India,Returning,2.65,1.9,68.41,0,0
S106781,U16449,2026-05-31,Organic Search,Pricing,Tablet,Canada,New,7.74,3.5,69.15,0,0
S108457,U15798,2026-05-31,Referral,Home,Desktop,India,Returning,3.97,3.6,66.78,0,0
S104596,U11391,2026-06-01,Organic Search,Home,Desktop,Australia,New,0.8,1.0,69.63,0,0
S101246,U10794,2026-06-01,Paid Search,Product Details,Mobile,India,Returning,6.35,4.6,52.11,0,0
S109590,U10454,2026-06-01,Referral,Pricing,Desktop,India,Returning,4.17,3.1,68.64,0,0
S105960,U14233,2026-06-01,Direct,Products,Desktop,India,Returning,1.06,1.5,76.32,0,0
S105415,U11838,2026-06-01,Direct,Home,Desktop,India,Returning,6.78,5.6,64.64,0,0
S107589,U15719,2026-06-01,Organic Search,FAQ,Desktop,India,New,7.93,4.9,49.77,0,0
S109789,U12511,2026-06-01,Social Media,Checkout,Desktop,India,New,2.93,2.3,69.88,0,0
S103993,U15443,2026-06-01,Direct,Product Details,Mobile,UK,New,3.87,4.0,55.78,0,0
S100529,U12745,2026-06-01,Paid Search,Services,Desktop,India,Returning,2.31,1.8,75.44,0,0
S100469,U14934,2026-06-01,Direct,Blog,Mobile,India,New,8.08,5.1,49.66,0,0
S107641,U15531,2026-06-01,Paid Search,Product Details,Desktop,USA,New,3.35,4.0,49.73,0,0
S104014,U11228,2026-06-01,Paid Search,Blog,Mobile,India,Returning,10.85,6.9,38.55,0,0
S109086,U11560,2026-06-01,Referral,About Us,Desktop,India,Returning,0.96,2.1,68.2,0,0
S105333,U12775,2026-06-01,Referral,Product Details,Mobile,India,New,2.11,3.4,77.1,0,0
S108605,U12940,2026-06-01,Paid Search,Home,Mobile,USA,New,5.49,4.0,58.45,0,0
S106382,U12844,2026-06-01,Paid Search,Blog,Desktop,India,New,2.4,1.0,71.2,0,0
S100988,U10056,2026-06-01,Direct,Product Details,Tablet,India,New,6.1,5.0,51.99,0,0
S109006,U13816,2026-06-01,Referral,Blog,Desktop,India,New,7.34,4.5,49.99,0,0
S103010,U13563,2026-06-01,Referral,Services,Desktop,Australia,Returning,2.88,3.0,63.24,0,0
S104021,U13235,2026-06-01,Paid Search,Blog,Desktop,India,New,1.87,1.8,60.4,0,0
S101767,U13161,2026-06-01,Organic Search,Home,Desktop,Canada,Returning,3.54,2.8,75.5,0,0
S105807,U11997,2026-06-01,Paid Search,FAQ,Mobile,India,New,5.01,4.7,50.0,0,0
S107012,U13900,2026-06-01,Referral,Services,Desktop,India,New,0.69,1.7,63.05,1,100
S104100,U11557,2026-06-01,Organic Search,About Us,Mobile,India,New,4.11,2.6,70.14,0,0
S100595,U10754,2026-06-01,Paid Search,Services,Mobile,India,Returning,3.58,4.5,51.54,0,0
S104926,U15127,2026-06-01,Organic Search,Blog,Desktop,India,New,3.48,4.7,61.75,0,0
S108364,U15065,2026-06-01,Organic Search,Blog,Desktop,India,New,5.45,2.7,55.51,0,0
S108078,U15646,2026-06-01,Organic Search,Products,Desktop,India,Returning,7.79,5.5,52.4,1,100
S101814,U15443,2026-06-01,Referral,FAQ,Desktop,India,Returning,8.63,7.7,44.51,0,0
S104898,U15563,2026-06-01,Direct,Checkout,Tablet,India,Returning,2.64,1.0,73.9,0,0
S105911,U11087,2026-06-01,Paid Search,Blog,Desktop,India,New,2.23,3.4,56.99,0,0
S101191,U14599,2026-06-01,Direct,Blog,Mobile,India,Returning,1.84,1.0,68.98,0,0
S109847,U11093,2026-06-01,Direct,Checkout,Mobile,USA,Returning,10.69,8.8,47.99,0,0
S107734,U11222,2026-06-01,Referral,Home,Desktop,India,Returning,6.12,5.9,42.38,0,0
S104354,U10233,2026-06-01,Organic Search,Checkout,Desktop,India,Returning,3.23,1.4,84.13,0,0
S103492,U12660,2026-06-01,Organic Search,FAQ,Desktop,India,Returning,1.6,1.6,76.49,0,0
S107987,U14219,2026-06-01,Organic Search,Pricing,Mobile,India,Returning,3.0,2.7,76.85,0,0
S103491,U10142,2026-06-01,Paid Search,About Us,Tablet,Canada,New,7.48,6.1,32.73,0,0
S109054,U10826,2026-06-01,Social Media,Services,Desktop,Canada,New,11.44,6.4,29.69,0,0
S103176,U14284,2026-06-01,Organic Search,Home,Mobile,USA,New,2.35,2.5,61.36,0,0
S106914,U11270,2026-06-01,Paid Search,Product Details,Mobile,India,Returning,2.82,1.3,66.38,0,0
S106893,U11882,2026-06-01,Paid Search,Products,Desktop,India,New,2.04,2.0,77.77,0,0
S100675,U12983,2026-06-01,Referral,Services,Mobile,India,Returning,4.52,3.3,70.38,0,0
S103226,U13960,2026-06-01,Social Media,Services,Mobile,Canada,New,6.25,4.9,52.45,0,0
S102937,U10686,2026-06-01,Referral,Product Details,Mobile,India,New,5.96,3.6,62.61,0,0
S105061,U11638,2026-06-01,Direct,Home,Mobile,India,Returning,3.39,3.0,82.8,0,0
S108577,U13683,2026-06-01,Paid Search,Services,Desktop,USA,Returning,7.57,5.1,56.61,0,0
S109689,U15322,2026-06-01,Direct,Product Details,Desktop,India,Returning,11.43,9.4,36.4,1,100
S109923,U12328,2026-06-01,Organic Search,About Us,Mobile,India,New,6.0,4.2,57.45,0,0
S101109,U11829,2026-06-01,Organic Search,Home,Mobile,USA,Returning,2.68,1.7,59.67,0,0
S103041,U11125,2026-06-01,Social Media,Product Details,Mobile,India,Returning,1.01,1.7,67.77,0,0
S104426,U16416,2026-06-01,Paid Search,Products,Desktop,India,New,2.53,2.6,61.21,0,0
S100048,U13891,2026-06-01,Organic Search,Product Details,Mobile,USA,New,5.01,4.5,59.56,0,0
S104040,U14744,2026-06-01,Referral,Blog,Desktop,UK,New,10.28,5.0,51.84,0,0
S107865,U13505,2026-06-01,Organic Search,Product Details,Tablet,India,Returning,1.16,1.3,71.32,0,0
S104741,U11152,2026-06-01,Organic Search,FAQ,Mobile,Australia,New,3.86,1.5,63.91,0,0
S107387,U15811,2026-06-01,Social Media,Blog,Desktop,India,New,4.71,4.8,63.41,0,0
S101161,U11253,2026-06-01,Direct,Products,Tablet,India,Returning,0.65,2.1,69.31,0,0
S100136,U15848,2026-06-01,Organic Search,Product Details,Mobile,India,Returning,5.01,5.3,48.47,0,0
S103833,U11464,2026-06-02,Paid Search,Home,Tablet,UK,New,5.0,3.5,67.3,0,0
S107945,U11164,2026-06-02,Organic Search,Home,Desktop,India,New,3.46,2.6,63.62,0,0
S104351,U13403,2026-06-02,Organic Search,Blog,Desktop,USA,New,3.49,3.8,79.42,0,0
S106689,U13745,2026-06-02,Organic Search,FAQ,Tablet,India,Returning,2.13,5.1,58.87,0,0
S106850,U16333,2026-06-02,Social Media,Pricing,Tablet,Canada,New,6.98,5.4,54.74,0,0
S103532,U12513,2026-06-02,Paid Search,About Us,Desktop,India,New,7.66,6.2,58.55,0,0
S100425,U12538,2026-06-02,Referral,Contact Us,Tablet,India,Returning,5.15,4.1,56.97,1,100
S105453,U12507,2026-06-02,Referral,Blog,Desktop,India,New,7.85,4.4,42.1,0,0
S108026,U15926,2026-06-02,Organic Search,Product Details,Mobile,India,Returning,7.64,4.6,67.55,0,0
S108848,U13740,2026-06-02,Organic Search,Pricing,Tablet,Canada,New,2.92,4.4,61.56,0,0
S100094,U11017,2026-06-02,Paid Search,Blog,Tablet,India,New,7.66,4.1,39.87,0,0
S108742,U12025,2026-06-02,Organic Search,Checkout,Desktop,India,New,2.87,3.7,64.66,0,0
S101333,U15300,2026-06-02,Paid Search,Blog,Mobile,UK,New,2.01,1.8,71.88,0,0
S105845,U15587,2026-06-02,Direct,Home,Desktop,India,New,1.62,2.0,66.41,0,0
S106766,U15541,2026-06-02,Direct,Product Details,Mobile,India,New,5.19,6.7,49.77,0,0
S106691,U16332,2026-06-02,Paid Search,About Us,Mobile,India,Returning,0.36,1.0,73.87,0,0
S100861,U14545,2026-06-02,Direct,Home,Mobile,India,Returning,1.92,3.6,67.45,0,0
S100404,U10981,2026-06-02,Paid Search,Products,Mobile,India,New,6.12,3.7,64.55,0,0
S109572,U12787,2026-06-02,Organic Search,Home,Desktop,India,Returning,7.13,4.7,49.84,0,0
S100156,U10864,2026-06-02,Organic Search,Services,Tablet,India,Returning,1.8,3.1,78.18,1,100
S107523,U12062,2026-06-02,Organic Search,Blog,Desktop,USA,New,9.01,6.7,39.15,1,100
S106450,U13037,2026-06-02,Paid Search,Products,Mobile,India,Returning,5.6,3.4,62.99,0,0
S105954,U12495,2026-06-02,Social Media,Blog,Mobile,India,New,7.42,6.0,53.54,0,0
S105738,U15075,2026-06-02,Referral,Products,Mobile,India,New,5.56,3.9,60.33,0,0
S104226,U12017,2026-06-02,Referral,FAQ,Desktop,UK,New,3.62,2.0,65.81,0,0
S105687,U14921,2026-06-02,Paid Search,FAQ,Desktop,India,New,10.39,5.0,36.34,0,0
S104563,U12451,2026-06-02,Referral,About Us,Desktop,India,New,3.26,3.9,69.35,0,0
S107835,U15472,2026-06-02,Social Media,Product Details,Desktop,Australia,Returning,4.55,4.2,59.53,0,0
S108882,U11018,2026-06-02,Referral,Product Details,Desktop,India,New,3.13,2.2,52.33,0,0
S102632,U12409,2026-06-02,Paid Search,Product Details,Mobile,India,New,7.52,3.5,54.87,0,0
S103083,U13391,2026-06-02,Organic Search,Product Details,Desktop,UK,New,9.99,7.7,38.3,0,0
S100504,U11932,2026-06-02,Organic Search,Product Details,Desktop,India,Returning,2.87,4.6,49.26,0,0
S102348,U13231,2026-06-02,Organic Search,Blog,Desktop,UK,Returning,4.05,5.9,59.93,1,100
S108884,U14868,2026-06-02,Organic Search,Home,Mobile,India,Returning,2.29,3.8,62.68,0,0
S105077,U10196,2026-06-02,Referral,Products,Mobile,India,Returning,8.05,6.3,52.71,0,0
S106733,U14046,2026-06-02,Paid Search,Contact Us,Tablet,India,New,9.63,6.1,44.68,0,0
S102469,U11846,2026-06-02,Paid Search,Products,Desktop,India,New,2.24,1.8,74.34,0,0
S108174,U12963,2026-06-02,Organic Search,Product Details,Tablet,India,Returning,6.27,3.0,67.21,0,0
S109512,U11219,2026-06-02,Organic Search,Products,Mobile,India,New,2.25,2.7,58.71,0,0
S109838,U14656,2026-06-03,Direct,Home,Desktop,USA,New,7.11,4.0,50.62,0,0
S108192,U16256,2026-06-03,Direct,Pricing,Desktop,India,Returning,5.46,5.9,46.59,0,0
S102474,U15482,2026-06-03,Referral,Services,Desktop,UK,New,2.11,1.6,57.93,0,0
S100435,U15987,2026-06-03,Organic Search,FAQ,Mobile,Australia,New,3.06,3.5,79.0,0,0
S104089,U13966,2026-06-03,Organic Search,Product Details,Mobile,India,New,8.03,5.9,41.52,0,0
S103931,U13163,2026-06-03,Organic Search,Product Details,Mobile,India,Returning,8.91,5.9,42.86,0,0
S102825,U11121,2026-06-03,Organic Search,Services,Tablet,Australia,New,4.87,2.8,64.1,1,100
S107856,U15674,2026-06-03,Paid Search,Contact Us,Desktop,India,New,7.99,5.5,57.48,0,0
S102408,U12831,2026-06-03,Organic Search,FAQ,Desktop,India,New,3.02,3.2,54.86,0,0
S108994,U13343,2026-06-03,Referral,Services,Desktop,UK,Returning,1.51,2.4,70.9,1,100
S107152,U14181,2026-06-03,Organic Search,Blog,Desktop,India,Returning,8.77,6.1,42.22,1,100
S101084,U16118,2026-06-03,Paid Search,Product Details,Desktop,India,New,8.01,6.1,39.03,1,100
S106425,U16365,2026-06-03,Paid Search,Blog,Desktop,USA,Returning,22.0,14.2,10.0,0,0
S106039,U13624,2026-06-03,Organic Search,Services,Tablet,India,Returning,6.92,6.7,50.18,1,100
S100421,U12902,2026-06-03,Direct,Home,Desktop,USA,New,1.67,3.8,59.62,0,0
S100865,U12082,2026-06-03,Paid Search,Home,Desktop,India,New,0.78,1.0,83.56,0,0
S109055,U15202,2026-06-03,Paid Search,Checkout,Desktop,India,New,1.18,2.7,71.43,0,0
S101846,U12720,2026-06-03,Organic Search,Checkout,Desktop,UK,Returning,1.77,1.5,71.94,0,0
S102597,U13084,2026-06-03,Paid Search,Home,Desktop,India,New,2.5,4.6,79.89,0,0
S109863,U12274,2026-06-03,Organic Search,Blog,Mobile,USA,New,8.04,6.3,49.64,1,100
S104158,U10819,2026-06-03,Direct,Home,Tablet,India,New,1.93,4.1,65.07,0,0
S101469,U12762,2026-06-03,Social Media,Services,Mobile,Canada,New,2.42,2.1,47.8,0,0
S104905,U12643,2026-06-03,Social Media,Services,Desktop,Canada,New,6.24,5.9,53.68,0,0
S100841,U10385,2026-06-03,Organic Search,Products,Mobile,India,New,15.24,9.9,29.04,0,0
S104710,U10167,2026-06-03,Organic Search,Products,Mobile,India,New,6.04,4.1,42.27,0,0
S107728,U12921,2026-06-03,Organic Search,Services,Mobile,India,New,1.75,1.8,65.31,0,0
S100964,U11754,2026-06-03,Direct,Products,Desktop,India,New,4.35,2.1,80.12,0,0
S100562,U14612,2026-06-03,Social Media,Contact Us,Mobile,India,Returning,6.21,4.0,64.59,0,0
S103336,U15001,2026-06-03,Paid Search,Contact Us,Desktop,India,New,4.9,3.4,54.96,0,0
S105933,U10308,2026-06-03,Referral,About Us,Mobile,India,New,4.62,6.2,47.98,0,0
S106350,U10239,2026-06-03,Referral,Contact Us,Desktop,UK,New,4.32,2.9,62.43,0,0
S107285,U12669,2026-06-03,Organic Search,Products,Desktop,India,Returning,8.6,7.1,24.81,0,0
S102020,U10166,2026-06-03,Paid Search,Product Details,Desktop,Australia,New,5.73,6.3,47.62,0,0
S109090,U13643,2026-06-03,Organic Search,Pricing,Mobile,Canada,Returning,1.93,2.8,63.18,0,0
S103353,U12977,2026-06-03,Paid Search,Home,Desktop,Canada,New,4.37,2.6,76.43,0,0
S105370,U14887,2026-06-03,Direct,Services,Desktop,USA,New,1.4,1.2,59.41,0,0
S105264,U10732,2026-06-03,Paid Search,Contact Us,Desktop,India,New,3.43,5.0,81.55,0,0
S102912,U16495,2026-06-03,Organic Search,Contact Us,Mobile,USA,Returning,7.66,6.9,34.77,0,0
S104549,U12402,2026-06-03,Social Media,Contact Us,Desktop,USA,New,1.77,3.6,55.52,0,0
S105885,U11505,2026-06-03,Organic Search,Services,Desktop,Canada,New,0.7,1.4,56.92,0,0
S109992,U10335,2026-06-03,Referral,Products,Mobile,Canada,New,12.5,7.1,41.22,1,100
S102213,U12047,2026-06-03,Paid Search,Pricing,Mobile,India,New,4.19,2.4,62.15,1,100
S101576,U11253,2026-06-03,Paid Search,FAQ,Desktop,USA,New,2.75,2.7,71.2,0,0
S109014,U12273,2026-06-03,Social Media,Products,Desktop,India,New,3.42,1.9,48.84,0,0
S107315,U12533,2026-06-03,Direct,FAQ,Mobile,India,New,3.61,1.4,70.45,0,0
S100725,U14269,2026-06-03,Organic Search,Blog,Desktop,India,New,6.18,5.0,63.07,0,0
S107335,U11175,2026-06-03,Social Media,Home,Desktop,Australia,Returning,5.13,5.0,41.24,0,0
S104287,U12513,2026-06-03,Direct,FAQ,Desktop,India,Returning,4.24,4.7,53.92,0,0
S103542,U13049,2026-06-03,Organic Search,Home,Desktop,UK,New,1.98,3.5,59.28,0,0
S102427,U13855,2026-06-03,Organic Search,Home,Desktop,USA,New,4.23,3.1,66.31,0,0
S106508,U13368,2026-06-03,Referral,Services,Mobile,UK,New,3.24,4.5,63.75,0,0
S102428,U14420,2026-06-03,Social Media,FAQ,Mobile,Canada,New,4.06,3.0,60.7,0,0
S107938,U13994,2026-06-03,Organic Search,Blog,Desktop,India,New,3.75,2.5,78.58,0,0
S105127,U14591,2026-06-03,Referral,Contact Us,Desktop,India,Returning,4.28,3.2,63.96,1,100
S101582,U12323,2026-06-03,Paid Search,Home,Desktop,India,New,4.9,3.3,57.53,0,0
S100027,U13386,2026-06-04,Referral,Checkout,Mobile,USA,New,5.9,5.2,55.48,0,0
S101969,U13611,2026-06-04,Social Media,About Us,Desktop,India,New,2.15,1.0,82.42,1,100
S102517,U10650,2026-06-04,Referral,Blog,Desktop,Australia,Returning,8.66,4.9,41.59,0,0
S102446,U15540,2026-06-04,Direct,Home,Desktop,USA,New,9.79,6.3,43.64,0,0
S109144,U12643,2026-06-04,Social Media,Product Details,Tablet,UK,New,2.77,3.2,60.74,0,0
S102482,U15903,2026-06-04,Paid Search,Services,Desktop,UK,New,6.75,5.3,53.12,0,0
S102378,U14401,2026-06-04,Social Media,Home,Mobile,India,New,11.32,8.1,37.77,0,0
S106365,U14988,2026-06-04,Paid Search,About Us,Tablet,USA,New,9.07,5.9,46.6,0,0
S101850,U13999,2026-06-04,Referral,Products,Desktop,India,New,3.3,3.7,62.31,0,0
S102211,U11253,2026-06-04,Paid Search,About Us,Mobile,India,New,12.76,7.9,40.2,0,0
S102324,U11864,2026-06-04,Organic Search,Checkout,Desktop,India,New,9.0,6.2,38.96,0,0
S102661,U14074,2026-06-04,Direct,Checkout,Mobile,Australia,New,6.35,5.6,46.33,1,100
S106732,U14063,2026-06-04,Referral,Contact Us,Desktop,India,Returning,5.41,4.7,57.12,0,0
S108615,U12870,2026-06-04,Paid Search,Home,Tablet,USA,Returning,2.86,1.6,59.98,0,0
S108992,U10605,2026-06-04,Social Media,Home,Mobile,UK,New,2.11,2.1,68.74,0,0
S105726,U13780,2026-06-04,Organic Search,Home,Mobile,India,Returning,11.72,7.7,45.94,1,100
S105691,U16328,2026-06-04,Social Media,Checkout,Mobile,India,New,2.28,3.8,55.46,0,0
S105613,U10925,2026-06-04,Direct,Blog,Mobile,India,New,8.68,5.7,26.54,0,0
S105184,U11921,2026-06-04,Social Media,Services,Tablet,USA,New,5.44,3.7,72.37,1,100
S109408,U10106,2026-06-04,Referral,Blog,Mobile,UK,New,3.52,5.2,53.2,0,0
S109811,U13720,2026-06-04,Direct,Home,Desktop,India,New,6.71,4.8,46.39,0,0
S107125,U15660,2026-06-04,Direct,Home,Mobile,India,Returning,2.55,1.8,56.53,0,0
S109211,U15969,2026-06-04,Social Media,Checkout,Desktop,India,New,5.49,3.7,58.0,0,0
S104920,U16125,2026-06-04,Social Media,Services,Mobile,India,New,8.97,6.7,59.77,0,0
S106243,U13218,2026-06-04,Organic Search,Checkout,Tablet,Australia,Returning,6.08,4.5,46.01,0,0
S107684,U11917,2026-06-04,Paid Search,Products,Mobile,USA,Returning,3.17,1.5,61.25,0,0
S103157,U12004,2026-06-04,Social Media,Product Details,Mobile,Canada,Returning,1.91,1.5,60.68,0,0
S101197,U14019,2026-06-04,Organic Search,Home,Desktop,India,Returning,2.23,2.9,75.23,0,0
S107616,U12119,2026-06-04,Organic Search,About Us,Mobile,India,New,4.55,3.9,68.26,0,0
S107057,U13516,2026-06-04,Paid Search,Home,Desktop,Australia,New,4.01,2.8,57.25,0,0
S105280,U15971,2026-06-04,Organic Search,Home,Desktop,Canada,Returning,3.74,3.7,61.77,0,0
S105381,U13294,2026-06-04,Paid Search,Blog,Mobile,USA,New,8.32,4.2,58.36,0,0
S103613,U11186,2026-06-04,Direct,Contact Us,Desktop,India,Returning,4.61,3.2,67.52,0,0
S108125,U15706,2026-06-04,Referral,Product Details,Desktop,Canada,New,4.73,3.6,56.62,0,0
S109358,U14424,2026-06-04,Social Media,Pricing,Desktop,India,Returning,4.38,3.7,51.34,0,0
S103122,U15167,2026-06-04,Referral,Services,Mobile,UK,Returning,0.8,1.2,88.62,0,0
S100190,U12238,2026-06-04,Organic Search,Home,Desktop,India,New,11.79,7.7,42.14,1,100
S103909,U11135,2026-06-04,Organic Search,Blog,Desktop,India,New,4.91,5.0,52.4,0,0
S101092,U16317,2026-06-04,Social Media,Checkout,Desktop,Australia,New,6.22,5.1,51.19,0,0
S100495,U13676,2026-06-04,Organic Search,Contact Us,Mobile,Canada,Returning,5.43,4.4,68.89,0,0
S107840,U12884,2026-06-04,Organic Search,Checkout,Desktop,India,New,2.06,1.3,74.51,1,100
S100944,U13267,2026-06-04,Social Media,Services,Desktop,UK,New,7.79,6.2,64.84,1,100
S107343,U10799,2026-06-04,Organic Search,Contact Us,Mobile,India,New,6.15,3.8,63.01,0,0
S107137,U14390,2026-06-04,Organic Search,Home,Desktop,USA,Returning,2.02,3.9,61.89,0,0
S104178,U13989,2026-06-04,Organic Search,Product Details,Tablet,India,New,4.1,3.7,59.14,0,0
S100465,U16458,2026-06-04,Social Media,Product Details,Desktop,India,Returning,9.2,7.1,36.39,0,0
S105976,U14248,2026-06-04,Paid Search,Blog,Desktop,Canada,New,10.97,6.5,36.85,0,0
S104470,U13668,2026-06-04,Organic Search,Contact Us,Mobile,India,New,7.11,6.6,40.84,0,0
S104056,U11099,2026-06-04,Organic Search,Pricing,Desktop,India,New,14.02,9.8,14.46,0,0
S101418,U12144,2026-06-04,Organic Search,Blog,Mobile,UK,New,5.2,2.2,78.7,0,0
S107799,U12601,2026-06-04,Social Media,Product Details,Tablet,India,New,10.81,6.3,41.74,0,0
S107238,U14249,2026-06-04,Organic Search,Pricing,Desktop,India,Returning,10.5,6.1,52.41,0,0
S104242,U10540,2026-06-04,Referral,Pricing,Mobile,India,New,1.65,1.6,73.4,0,0
S108223,U10329,2026-06-04,Direct,Pricing,Mobile,India,Returning,12.99,9.6,30.98,1,100
S105343,U13646,2026-06-04,Organic Search,Checkout,Desktop,India,New,8.94,5.2,55.98,0,0
S104454,U15931,2026-06-04,Direct,Products,Mobile,Canada,New,8.94,5.3,53.57,0,0
S100145,U12691,2026-06-04,Referral,Products,Mobile,UK,Returning,7.98,5.4,58.17,0,0
S107327,U13202,2026-06-04,Organic Search,FAQ,Desktop,India,New,4.52,2.5,63.13,0,0
S104421,U14959,2026-06-04,Organic Search,Pricing,Mobile,India,Returning,11.4,9.6,29.02,0,0
S108260,U11511,2026-06-04,Social Media,Services,Mobile,Canada,New,12.88,8.6,35.07,1,100
S100477,U13052,2026-06-05,Social Media,Blog,Desktop,India,New,19.13,11.1,10.0,0,0
S101406,U12807,2026-06-05,Social Media,FAQ,Tablet,India,New,13.46,6.9,46.89,1,100
S108157,U12136,2026-06-05,Referral,Product Details,Mobile,India,Returning,9.9,7.3,32.07,0,0
S103421,U10190,2026-06-05,Organic Search,Product Details,Desktop,UK,Returning,5.28,3.7,76.44,0,0
S106719,U10858,2026-06-05,Paid Search,Contact Us,Mobile,India,New,5.83,4.9,51.01,0,0
S104413,U13307,2026-06-05,Organic Search,Product Details,Desktop,Canada,New,9.89,6.7,45.38,0,0
S103449,U10156,2026-06-05,Direct,Contact Us,Mobile,India,New,2.44,1.6,53.47,0,0
S101321,U10418,2026-06-05,Organic Search,Home,Desktop,USA,New,3.4,3.2,69.11,0,0
S103423,U10981,2026-06-05,Paid Search,Home,Desktop,India,Returning,12.74,8.2,31.3,0,0
S101288,U13798,2026-06-05,Referral,About Us,Desktop,Australia,New,1.04,1.0,74.75,0,0
S108175,U16354,2026-06-05,Organic Search,Home,Mobile,India,Returning,2.73,4.2,70.77,0,0
S100880,U10389,2026-06-05,Referral,Services,Mobile,India,Returning,1.49,1.8,65.46,0,0
S109355,U11299,2026-06-05,Direct,Checkout,Mobile,USA,New,1.3,1.7,76.89,1,100
S101758,U10850,2026-06-05,Organic Search,Home,Desktop,Canada,New,6.53,5.2,55.21,1,100
S107072,U15090,2026-06-05,Direct,Contact Us,Desktop,India,New,8.46,4.0,60.58,0,0
S109502,U15792,2026-06-05,Social Media,Blog,Desktop,India,Returning,10.31,7.4,52.55,0,0
S104086,U11239,2026-06-05,Organic Search,Product Details,Desktop,India,New,3.4,1.9,73.04,0,0
S104231,U11773,2026-06-05,Organic Search,About Us,Mobile,India,New,2.79,2.1,70.24,0,0
S106688,U12995,2026-06-05,Organic Search,Products,Tablet,USA,Returning,6.97,2.7,53.47,0,0
S100893,U12151,2026-06-05,Social Media,Product Details,Desktop,India,New,1.41,1.6,90.27,0,0
S104032,U13364,2026-06-05,Referral,Product Details,Mobile,Australia,New,7.83,5.0,57.51,0,0
S104249,U10235,2026-06-05,Social Media,Blog,Mobile,USA,New,6.84,4.2,57.11,0,0
S107764,U10546,2026-06-05,Social Media,Services,Mobile,India,New,15.96,10.4,28.86,0,0
S109440,U11418,2026-06-05,Paid Search,Checkout,Mobile,India,New,10.76,7.0,53.14,0,0
S105287,U12622,2026-06-05,Direct,Services,Mobile,India,Returning,4.85,4.5,49.24,0,0
S101091,U15555,2026-06-05,Social Media,Products,Mobile,USA,New,3.06,4.0,53.26,0,0
S103855,U10911,2026-06-05,Organic Search,Home,Desktop,India,Returning,2.96,5.6,50.2,0,0
S107414,U11190,2026-06-05,Social Media,Checkout,Tablet,Australia,New,4.51,4.1,45.21,0,0
S105226,U13905,2026-06-05,Organic Search,Home,Tablet,USA,New,1.39,1.6,64.83,0,0
S107046,U16315,2026-06-05,Organic Search,Product Details,Tablet,India,New,4.26,2.6,65.55,0,0
S106902,U11125,2026-06-05,Paid Search,Home,Mobile,India,New,10.97,5.5,41.0,1,100
S106021,U10889,2026-06-05,Referral,Checkout,Desktop,India,Returning,3.0,3.5,63.9,1,100
S107432,U12717,2026-06-05,Referral,Checkout,Desktop,India,New,3.73,1.0,67.3,0,0
S106876,U15038,2026-06-05,Organic Search,Home,Desktop,Canada,Returning,5.59,5.2,53.28,0,0
S100610,U11517,2026-06-05,Organic Search,Contact Us,Desktop,Canada,New,3.62,4.3,69.13,0,0
S101226,U12913,2026-06-05,Referral,Product Details,Mobile,India,New,5.9,4.3,51.41,0,0
S106076,U15056,2026-06-05,Organic Search,Products,Desktop,India,New,8.26,5.6,44.88,0,0
S103878,U14164,2026-06-05,Organic Search,Products,Mobile,Canada,New,4.44,4.1,57.02,0,0
S103295,U11092,2026-06-05,Organic Search,FAQ,Desktop,India,New,3.72,2.7,58.0,0,0
S109499,U11866,2026-06-05,Social Media,Products,Desktop,India,New,5.03,4.5,68.34,0,0
S104519,U13697,2026-06-05,Social Media,Pricing,Mobile,India,New,2.55,3.0,59.85,0,0
S108974,U14552,2026-06-05,Social Media,Home,Desktop,Australia,Returning,1.93,2.2,80.85,0,0
S102820,U10425,2026-06-05,Paid Search,Pricing,Desktop,Canada,New,8.09,4.2,64.26,0,0
S109922,U13804,2026-06-05,Paid Search,Home,Tablet,UK,Returning,1.94,1.9,71.26,0,0
S106328,U12942,2026-06-05,Social Media,About Us,Desktop,USA,New,7.05,4.3,54.35,0,0
S100166,U14637,2026-06-05,Direct,Home,Desktop,India,New,3.08,1.9,67.84,0,0
S108376,U10927,2026-06-05,Direct,Home,Tablet,UK,Returning,11.43,8.4,33.02,0,0
S107649,U14039,2026-06-05,Organic Search,Blog,Desktop,India,New,1.57,2.8,67.19,0,0
S107141,U16454,2026-06-05,Paid Search,Contact Us,Tablet,India,Returning,11.5,6.9,41.18,0,0
S102611,U10364,2026-06-05,Paid Search,Services,Desktop,UK,Returning,13.49,9.1,31.43,0,0
S104655,U10206,2026-06-05,Organic Search,Pricing,Desktop,USA,New,2.33,2.6,69.11,1,100
S107034,U14057,2026-06-05,Paid Search,Services,Desktop,India,New,1.73,1.8,71.66,0,0
S101587,U15137,2026-06-05,Social Media,Home,Desktop,India,New,4.38,4.6,47.73,0,0
S107575,U13154,2026-06-05,Organic Search,Blog,Desktop,USA,New,7.46,3.0,57.93,0,0
S108475,U14026,2026-06-05,Referral,Product Details,Desktop,India,New,5.12,4.0,67.7,0,0
S104480,U13620,2026-06-05,Organic Search,Home,Mobile,USA,New,4.86,4.4,64.49,0,0
S103276,U14531,2026-06-05,Direct,Blog,Desktop,Australia,New,1.9,2.5,59.44,1,100
S107230,U11265,2026-06-05,Organic Search,Contact Us,Desktop,USA,Returning,4.63,4.2,39.26,1,100
S109917,U15162,2026-06-05,Organic Search,Services,Mobile,USA,New,3.16,2.3,73.43,0,0
S100447,U14496,2026-06-06,Paid Search,Home,Mobile,USA,New,3.66,2.6,62.84,0,0
S105956,U14568,2026-06-06,Social Media,Contact Us,Mobile,India,New,2.88,1.7,68.62,0,0
S104264,U13842,2026-06-06,Referral,Products,Mobile,India,Returning,8.86,6.3,57.89,0,0
S101023,U13284,2026-06-06,Organic Search,Blog,Desktop,Australia,New,11.91,9.1,37.9,0,0
S101495,U10075,2026-06-06,Referral,Contact Us,Desktop,India,New,2.77,2.8,57.13,1,100
S103697,U16247,2026-06-06,Direct,Product Details,Desktop,India,New,8.05,6.5,38.43,0,0
S108118,U14921,2026-06-06,Referral,FAQ,Mobile,India,Returning,13.96,8.7,39.22,0,0
S103050,U11829,2026-06-06,Referral,Blog,Desktop,India,New,6.56,4.5,52.02,0,0
S105640,U10110,2026-06-06,Organic Search,Home,Desktop,India,Returning,4.7,5.3,45.39,0,0
S109743,U16417,2026-06-06,Referral,Product Details,Mobile,USA,Returning,7.5,6.1,41.54,0,0
S106028,U11988,2026-06-06,Social Media,Products,Desktop,India,Returning,3.94,3.6,61.67,0,0
S107569,U14991,2026-06-06,Organic Search,Pricing,Mobile,USA,New,3.48,4.7,49.5,0,0
S102403,U14400,2026-06-06,Referral,Blog,Mobile,India,New,4.48,5.0,45.0,0,0
S103873,U15620,2026-06-06,Organic Search,Home,Tablet,USA,Returning,5.73,4.5,56.91,0,0
S104663,U15142,2026-06-06,Organic Search,Contact Us,Desktop,India,Returning,7.07,4.3,55.66,0,0
S109110,U13050,2026-06-06,Direct,Products,Desktop,USA,Returning,1.76,2.7,74.48,0,0
S107591,U12922,2026-06-06,Referral,Products,Mobile,UK,New,7.41,4.9,49.92,0,0
S102024,U10729,2026-06-06,Social Media,Home,Mobile,India,Returning,2.73,3.6,69.71,0,0
S109051,U13398,2026-06-06,Organic Search,Blog,Mobile,India,New,2.89,2.4,59.48,0,0
S104312,U16156,2026-06-06,Organic Search,Pricing,Mobile,India,New,3.97,3.6,63.9,0,0
S105883,U12663,2026-06-06,Referral,Home,Desktop,Canada,Returning,2.52,2.5,64.91,0,0
S106458,U11171,2026-06-06,Paid Search,Blog,Mobile,India,New,4.45,2.8,54.21,0,0
S106447,U10278,2026-06-06,Social Media,Product Details,Desktop,UK,New,8.59,7.0,38.4,1,100
S106899,U13736,2026-06-06,Organic Search,Blog,Mobile,Australia,New,2.23,2.2,65.13,0,0
S102983,U11377,2026-06-06,Referral,Services,Tablet,Australia,Returning,4.2,4.6,61.09,0,0
S106979,U13855,2026-06-06,Paid Search,Checkout,Mobile,India,Returning,4.46,2.7,67.05,0,0
S103987,U10116,2026-06-06,Referral,Home,Desktop,UK,New,5.35,3.3,61.56,1,100
S108987,U12312,2026-06-06,Organic Search,Contact Us,Desktop,India,New,1.37,1.0,69.58,0,0
S102359,U10851,2026-06-06,Organic Search,Services,Desktop,Canada,Returning,5.54,4.2,64.24,0,0
S101426,U10165,2026-06-06,Referral,Blog,Mobile,India,Returning,7.15,5.6,75.98,0,0
S102746,U11383,2026-06-06,Referral,Products,Mobile,Australia,New,3.26,2.1,77.75,0,0
S107482,U15144,2026-06-06,Direct,FAQ,Desktop,Canada,New,2.45,2.0,41.28,0,0
S100392,U11061,2026-06-06,Social Media,Products,Desktop,USA,New,2.05,2.3,83.03,0,0
S107366,U10894,2026-06-06,Direct,Product Details,Mobile,India,Returning,2.09,1.7,59.01,0,0
S109009,U14508,2026-06-06,Direct,Contact Us,Mobile,India,New,5.39,4.9,70.7,0,0
S101325,U10955,2026-06-06,Organic Search,Blog,Desktop,Australia,New,1.66,1.0,59.84,0,0
S103171,U11862,2026-06-06,Direct,Blog,Mobile,UK,New,10.62,5.7,39.13,0,0
S107225,U11249,2026-06-06,Social Media,Services,Mobile,India,New,2.54,2.1,73.65,0,0
S107796,U16080,2026-06-06,Direct,Home,Desktop,India,New,3.35,2.9,79.85,0,0
S106402,U13093,2026-06-06,Organic Search,Pricing,Desktop,India,Returning,19.43,11.9,10.0,0,0
S102040,U15206,2026-06-06,Paid Search,Product Details,Mobile,USA,New,6.94,5.2,47.54,0,0
S102769,U14482,2026-06-06,Organic Search,Home,Mobile,Australia,Returning,9.93,5.1,54.9,0,0
S106555,U15808,2026-06-06,Social Media,FAQ,Desktop,India,New,3.17,2.4,66.3,0,0
S107449,U14268,2026-06-06,Paid Search,Product Details,Desktop,India,New,6.38,4.9,56.05,0,0
S105089,U16196,2026-06-06,Referral,About Us,Mobile,India,Returning,6.05,5.4,69.17,0,0
S105993,U14183,2026-06-06,Organic Search,About Us,Mobile,India,New,1.58,1.7,83.79,0,0
S109700,U11031,2026-06-06,Organic Search,Contact Us,Desktop,India,Returning,4.52,3.3,35.93,0,0
S106205,U13855,2026-06-06,Organic Search,Home,Desktop,Canada,Returning,3.62,2.7,62.13,0,0
S108534,U10703,2026-06-06,Referral,FAQ,Mobile,USA,Returning,6.58,2.5,59.47,0,0
S108148,U14626,2026-06-06,Organic Search,Home,Desktop,India,New,9.0,4.5,55.14,1,100
S109942,U12687,2026-06-06,Organic Search,Home,Desktop,India,Returning,11.94,7.2,32.5,1,100
S105681,U15463,2026-06-06,Paid Search,Home,Desktop,Canada,New,3.16,1.0,77.74,0,0
S109850,U10846,2026-06-06,Organic Search,Products,Mobile,India,Returning,1.69,2.7,69.2,0,0
S107567,U11633,2026-06-07,Social Media,Home,Desktop,UK,Returning,4.73,6.1,44.93,0,0
S100989,U14822,2026-06-07,Paid Search,Blog,Mobile,Canada,New,2.37,1.0,80.89,0,0
S106642,U14179,2026-06-07,Referral,Home,Mobile,India,New,9.48,7.9,52.88,0,0
S100285,U16295,2026-06-07,Paid Search,Product Details,Desktop,India,Returning,3.55,2.9,62.08,0,0
S108871,U14567,2026-06-07,Referral,Contact Us,Mobile,UK,New,1.35,2.9,69.99,0,0
S101076,U14171,2026-06-07,Direct,Products,Mobile,Canada,New,4.35,4.4,46.42,0,0
S108933,U13567,2026-06-07,Direct,Home,Mobile,Canada,New,0.3,2.7,74.21,0,0
S105527,U10571,2026-06-07,Referral,Products,Tablet,India,New,2.21,1.9,74.81,0,0
S100631,U13852,2026-06-07,Referral,Home,Mobile,India,New,2.28,1.3,63.14,0,0
S101609,U13643,2026-06-07,Organic Search,About Us,Desktop,India,Returning,8.46,6.6,37.43,1,100
S105162,U13983,2026-06-07,Direct,FAQ,Desktop,USA,New,6.53,4.6,46.51,0,0
S103944,U10977,2026-06-07,Direct,Contact Us,Mobile,USA,New,3.91,3.8,62.04,0,0
S107016,U12063,2026-06-07,Referral,Checkout,Desktop,India,Returning,3.12,3.6,60.23,1,100
S108547,U14519,2026-06-07,Organic Search,Home,Mobile,Australia,New,3.16,2.8,60.54,0,0
S105745,U14406,2026-06-07,Organic Search,Home,Desktop,Canada,Returning,2.96,3.3,61.31,0,0
S100923,U15570,2026-06-07,Referral,Pricing,Mobile,India,Returning,3.14,3.8,68.75,0,0
S106599,U14244,2026-06-07,Paid Search,FAQ,Mobile,India,Returning,5.23,4.2,61.72,0,0
S108590,U10419,2026-06-07,Paid Search,Checkout,Desktop,UK,Returning,4.77,2.9,66.16,0,0
S102399,U11178,2026-06-07,Organic Search,Checkout,Desktop,India,Returning,0.68,1.4,72.11,0,0
S104515,U10980,2026-06-07,Organic Search,Home,Desktop,Canada,New,3.15,3.1,66.43,0,0
S102470,U11409,2026-06-07,Organic Search,Home,Desktop,USA,Returning,4.95,4.4,54.47,1,100
S101475,U13954,2026-06-07,Organic Search,FAQ,Desktop,India,Returning,2.57,2.3,69.07,0,0
S100842,U10405,2026-06-07,Organic Search,Home,Mobile,Australia,Returning,1.51,3.3,71.32,0,0
S107120,U15980,2026-06-07,Direct,Pricing,Mobile,Canada,Returning,12.81,7.3,29.62,0,0
S108902,U15825,2026-06-07,Direct,Home,Mobile,India,New,6.99,5.4,56.59,0,0
S103537,U16233,2026-06-07,Paid Search,About Us,Mobile,USA,New,4.66,3.4,58.38,0,0
S102643,U14407,2026-06-07,Organic Search,Blog,Tablet,UK,New,2.48,3.1,59.98,0,0
S106866,U11437,2026-06-07,Organic Search,Product Details,Desktop,USA,Returning,3.65,4.2,55.27,0,0
S101460,U15001,2026-06-07,Organic Search,Products,Tablet,India,Returning,6.99,4.6,54.25,1,100
S108339,U11998,2026-06-07,Social Media,Home,Desktop,Australia,New,16.39,8.6,19.38,0,0
S109894,U11894,2026-06-07,Organic Search,Services,Desktop,Canada,New,5.08,3.1,53.33,0,0
S109271,U11053,2026-06-07,Organic Search,Checkout,Mobile,UK,Returning,5.33,3.3,55.41,0,0
S107108,U11452,2026-06-07,Referral,Checkout,Mobile,Canada,New,6.04,6.3,53.72,0,0
S104879,U16374,2026-06-07,Direct,FAQ,Desktop,Australia,New,11.48,7.9,58.14,0,0
S106601,U10195,2026-06-07,Referral,Checkout,Mobile,India,Returning,1.05,1.7,58.16,0,0
S107633,U15883,2026-06-07,Paid Search,Pricing,Mobile,India,New,7.44,6.4,59.49,0,0
S102459,U13655,2026-06-07,Direct,Services,Mobile,India,New,1.55,3.1,71.44,0,0
S101227,U15238,2026-06-07,Social Media,Blog,Desktop,India,New,4.25,4.6,55.08,0,0
S103651,U14500,2026-06-07,Paid Search,About Us,Desktop,India,Returning,2.93,4.0,60.34,1,100
S108487,U10694,2026-06-07,Paid Search,Home,Mobile,USA,New,5.51,5.8,55.28,1,100
S103847,U16134,2026-06-07,Referral,Checkout,Desktop,India,New,0.3,1.5,73.09,0,0
S105212,U14625,2026-06-07,Social Media,About Us,Desktop,India,Returning,6.79,3.4,58.47,0,0
S101561,U10154,2026-06-07,Direct,Home,Mobile,India,Returning,10.91,6.5,52.45,0,0
S105856,U12697,2026-06-07,Paid Search,Product Details,Desktop,Canada,Returning,12.27,9.3,22.13,1,100
S102425,U10715,2026-06-07,Paid Search,Blog,Desktop,USA,Returning,4.3,4.5,61.65,0,0
S102432,U14883,2026-06-07,Organic Search,About Us,Mobile,India,Returning,5.23,3.4,70.4,0,0
S103005,U16020,2026-06-07,Referral,Product Details,Mobile,USA,New,4.33,4.1,54.65,0,0
S108049,U12898,2026-06-07,Organic Search,Checkout,Mobile,India,Returning,6.42,4.9,58.86,0,0
S105821,U11521,2026-06-07,Paid Search,Product Details,Mobile,USA,Returning,0.9,1.0,78.42,0,0
S105705,U11527,2026-06-07,Organic Search,About Us,Mobile,India,Returning,2.88,3.9,56.84,0,0
S100860,U15566,2026-06-07,Organic Search,Contact Us,Mobile,India,Returning,2.96,3.1,56.16,0,0
S108608,U15852,2026-06-07,Social Media,Services,Desktop,UK,New,3.12,1.3,81.5,0,0
S108837,U12698,2026-06-08,Social Media,Home,Mobile,Canada,New,4.91,5.5,54.02,0,0
S104704,U13495,2026-06-08,Organic Search,Contact Us,Mobile,India,New,2.78,1.5,69.76,0,0
S104482,U13584,2026-06-08,Direct,About Us,Desktop,India,New,9.43,7.2,44.03,0,0
S104252,U12097,2026-06-08,Referral,Home,Desktop,India,New,2.55,3.0,53.26,0,0
S100845,U12001,2026-06-08,Organic Search,Blog,Desktop,India,New,1.68,1.0,87.58,0,0
S107635,U11868,2026-06-08,Organic Search,Contact Us,Mobile,USA,New,2.66,1.6,75.15,0,0
S104330,U14712,2026-06-08,Referral,Checkout,Mobile,India,New,2.89,2.0,53.55,0,0
S105688,U15559,2026-06-08,Organic Search,Pricing,Desktop,USA,New,2.16,3.7,82.21,0,0
S107008,U15453,2026-06-08,Organic Search,Home,Tablet,India,Returning,6.95,4.6,50.04,0,0
S102205,U13217,2026-06-08,Organic Search,Home,Desktop,Australia,New,1.02,1.0,67.02,1,100
S100360,U13447,2026-06-08,Organic Search,FAQ,Mobile,India,New,4.17,2.9,47.85,0,0
S107688,U11957,2026-06-08,Paid Search,Home,Mobile,India,New,2.96,3.2,60.98,0,0
S105749,U15192,2026-06-08,Paid Search,About Us,Desktop,India,New,3.99,3.2,65.2,0,0
S100870,U10250,2026-06-08,Paid Search,Services,Mobile,Australia,New,4.04,3.4,60.52,0,0
S108809,U13991,2026-06-08,Organic Search,Pricing,Desktop,India,New,1.46,3.0,58.53,1,100
S106756,U10376,2026-06-08,Direct,Checkout,Desktop,USA,Returning,4.67,3.8,79.63,0,0
S105020,U12844,2026-06-08,Referral,Pricing,Desktop,India,Returning,4.33,3.0,71.49,0,0
S109013,U14469,2026-06-08,Organic Search,Blog,Mobile,India,New,6.43,4.1,44.66,0,0
S109373,U14887,2026-06-08,Direct,FAQ,Mobile,India,New,3.42,3.2,71.68,0,0
S107263,U10045,2026-06-08,Paid Search,Pricing,Desktop,Australia,New,11.28,6.8,42.47,0,0
S103539,U15323,2026-06-08,Paid Search,Products,Desktop,USA,New,6.77,5.0,44.73,0,0
S100212,U11496,2026-06-08,Paid Search,About Us,Desktop,Canada,New,2.77,4.3,70.76,0,0
S108217,U13160,2026-06-08,Paid Search,FAQ,Desktop,India,Returning,4.55,2.7,69.61,0,0
S103300,U12792,2026-06-08,Paid Search,Blog,Mobile,USA,Returning,2.32,2.6,55.42,0,0
S106137,U14102,2026-06-08,Direct,About Us,Mobile,India,New,2.26,1.4,69.74,0,0
S103206,U12644,2026-06-08,Paid Search,Product Details,Desktop,Australia,Returning,3.91,2.8,51.94,0,0
S100113,U12028,2026-06-08,Paid Search,FAQ,Mobile,India,New,4.63,3.2,53.42,0,0
S105346,U13517,2026-06-08,Organic Search,FAQ,Mobile,India,New,3.08,3.1,70.03,0,0
S103020,U12160,2026-06-08,Referral,Contact Us,Mobile,India,New,9.18,7.5,45.25,1,100
S101542,U10187,2026-06-08,Direct,About Us,Mobile,Australia,New,5.57,3.9,61.67,0,0
S101553,U11786,2026-06-08,Referral,Services,Mobile,India,New,1.78,3.1,65.07,0,0
S108467,U13876,2026-06-08,Organic Search,Product Details,Desktop,Canada,Returning,1.72,1.0,67.69,0,0
S102906,U15608,2026-06-08,Referral,FAQ,Tablet,India,New,3.44,4.0,57.52,0,0
S105531,U12506,2026-06-08,Organic Search,Home,Mobile,India,New,7.53,4.3,49.35,0,0
S100141,U12774,2026-06-08,Organic Search,Blog,Desktop,Canada,New,16.05,10.1,23.91,0,0
S102842,U12149,2026-06-08,Direct,Checkout,Desktop,India,Returning,4.27,4.1,60.3,0,0
S102837,U10079,2026-06-08,Paid Search,Contact Us,Desktop,India,New,6.73,4.6,54.1,1,100
S109178,U15363,2026-06-08,Organic Search,Home,Desktop,India,Returning,4.64,3.0,69.16,0,0
S108088,U13092,2026-06-08,Social Media,Services,Desktop,India,New,5.24,3.6,60.24,0,0
S102022,U16155,2026-06-08,Organic Search,Blog,Mobile,India,Returning,1.06,1.0,69.84,0,0
S103312,U15880,2026-06-08,Social Media,About Us,Tablet,UK,New,11.95,9.9,27.18,0,0
S105232,U11388,2026-06-08,Paid Search,Products,Mobile,India,New,14.08,9.9,34.86,1,100
S109799,U14484,2026-06-08,Direct,Product Details,Mobile,USA,Returning,5.86,4.8,54.87,0,0
S109697,U13455,2026-06-08,Paid Search,Services,Desktop,Australia,New,1.43,3.0,69.63,0,0
S104155,U15794,2026-06-08,Social Media,Services,Desktop,UK,Returning,5.07,3.0,68.16,0,0
S107913,U10144,2026-06-08,Social Media,Services,Desktop,India,Returning,1.06,1.4,87.2,0,0
S100538,U15054,2026-06-08,Organic Search,Services,Tablet,India,New,3.43,4.9,53.0,0,0
S100239,U12778,2026-06-08,Social Media,FAQ,Desktop,India,New,4.37,3.5,65.92,0,0
S107306,U14713,2026-06-08,Direct,Product Details,Mobile,UK,New,7.17,4.3,61.08,1,100
S101742,U16403,2026-06-08,Paid Search,Product Details,Desktop,India,Returning,9.39,7.1,50.46,0,0
S101544,U11251,2026-06-09,Direct,FAQ,Mobile,Australia,New,4.83,3.5,66.64,0,0
S107190,U12694,2026-06-09,Referral,Blog,Mobile,India,New,3.75,3.2,55.31,0,0
S100619,U12505,2026-06-09,Organic Search,Product Details,Tablet,UK,Returning,7.9,7.0,51.07,0,0
S107625,U13889,2026-06-09,Organic Search,Blog,Desktop,USA,Returning,4.6,5.3,50.92,0,0
S107627,U12411,2026-06-09,Direct,Blog,Desktop,India,New,10.53,7.3,27.56,0,0
S108398,U15589,2026-06-09,Organic Search,Services,Mobile,India,New,7.53,6.6,42.41,0,0
S104548,U15521,2026-06-09,Social Media,FAQ,Mobile,UK,New,4.23,5.4,64.94,0,0
S107883,U14188,2026-06-09,Organic Search,Pricing,Mobile,UK,New,6.71,5.5,58.75,0,0
S109202,U15132,2026-06-09,Paid Search,Product Details,Mobile,India,New,9.22,4.6,48.72,0,0
S109595,U14869,2026-06-09,Organic Search,Product Details,Desktop,USA,New,3.68,3.2,57.34,0,0
S105506,U16020,2026-06-09,Paid Search,Pricing,Desktop,India,Returning,2.21,4.1,53.18,0,0
S106478,U12364,2026-06-09,Organic Search,Blog,Desktop,India,Returning,5.43,5.2,58.56,0,0
S100622,U12787,2026-06-09,Organic Search,Contact Us,Tablet,Australia,Returning,5.44,4.7,57.89,0,0
S107813,U16258,2026-06-09,Organic Search,Blog,Mobile,USA,Returning,1.75,2.7,76.88,0,0
S105800,U12765,2026-06-09,Direct,Product Details,Desktop,USA,New,0.86,1.0,90.73,0,0
S107080,U13504,2026-06-09,Paid Search,Services,Mobile,USA,New,5.87,5.4,54.02,0,0
S105541,U14189,2026-06-09,Organic Search,Contact Us,Desktop,India,New,2.87,2.1,68.65,0,0
S109091,U12001,2026-06-09,Social Media,Blog,Desktop,USA,New,8.26,4.7,54.69,0,0
S102747,U11404,2026-06-09,Referral,Services,Mobile,India,Returning,3.29,2.2,65.64,0,0
S104805,U11425,2026-06-09,Organic Search,Product Details,Mobile,India,New,5.97,1.3,77.44,1,100
S101932,U12205,2026-06-09,Social Media,Blog,Desktop,India,New,9.02,5.5,52.77,0,0
S104070,U15648,2026-06-09,Paid Search,Products,Desktop,India,Returning,0.87,1.9,74.4,0,0
S103078,U16303,2026-06-09,Paid Search,Contact Us,Desktop,UK,New,3.71,5.4,58.8,0,0
S101490,U12077,2026-06-09,Paid Search,Contact Us,Mobile,India,New,9.44,8.6,43.66,0,0
S101670,U14855,2026-06-09,Paid Search,Services,Mobile,India,New,7.25,5.2,56.92,0,0
S108077,U12301,2026-06-09,Organic Search,Product Details,Desktop,India,New,5.79,5.3,61.53,0,0
S100297,U14977,2026-06-09,Referral,Products,Desktop,India,New,2.22,4.2,66.68,0,0
S101186,U10993,2026-06-09,Direct,Contact Us,Mobile,UK,New,2.88,3.0,64.94,0,0
S105220,U11168,2026-06-09,Social Media,About Us,Desktop,India,New,4.49,1.2,86.42,0,0
S103624,U14876,2026-06-09,Organic Search,Contact Us,Desktop,India,New,3.5,3.6,65.84,0,0
S103585,U11448,2026-06-09,Paid Search,Services,Desktop,Australia,New,0.94,1.0,81.2,0,0
S108680,U14410,2026-06-09,Organic Search,Blog,Mobile,UK,Returning,1.22,2.6,72.4,0,0
S107948,U16049,2026-06-09,Organic Search,FAQ,Mobile,UK,New,7.73,6.3,50.81,0,0
S102495,U15700,2026-06-09,Social Media,Product Details,Mobile,India,New,1.67,2.3,79.23,0,0
S105318,U13427,2026-06-09,Organic Search,Home,Mobile,India,New,9.23,5.3,42.75,0,0
S108240,U14512,2026-06-09,Referral,Home,Mobile,USA,New,5.23,3.8,62.48,0,0
S104434,U15259,2026-06-09,Direct,FAQ,Mobile,Canada,Returning,1.58,3.3,61.37,0,0
S100886,U13375,2026-06-09,Organic Search,Home,Desktop,India,New,9.53,6.6,50.3,0,0
S107111,U14801,2026-06-09,Referral,Contact Us,Desktop,Canada,Returning,0.66,1.1,72.75,0,0
S106824,U13794,2026-06-09,Paid Search,Blog,Desktop,India,Returning,2.58,2.1,68.77,0,0
S102088,U12431,2026-06-09,Direct,Product Details,Desktop,India,Returning,4.95,4.4,69.79,0,0
S102243,U16053,2026-06-09,Referral,Services,Desktop,India,Returning,6.65,5.4,47.41,0,0
S101825,U12384,2026-06-09,Direct,Contact Us,Mobile,USA,New,3.87,2.9,58.87,0,0
S106669,U11368,2026-06-09,Organic Search,Contact Us,Tablet,India,Returning,4.85,3.2,60.43,0,0
S102368,U13727,2026-06-09,Referral,About Us,Desktop,UK,New,3.26,1.4,67.69,0,0
S101824,U14312,2026-06-10,Organic Search,FAQ,Mobile,India,New,5.49,2.9,68.8,1,100
S104867,U10208,2026-06-10,Paid Search,FAQ,Mobile,Australia,Returning,5.9,3.3,53.93,0,0
S105236,U10718,2026-06-10,Paid Search,FAQ,Mobile,UK,New,1.27,1.0,66.29,0,0
S107275,U15052,2026-06-10,Organic Search,About Us,Mobile,India,New,4.16,4.1,51.9,0,0
S107476,U11392,2026-06-10,Paid Search,Pricing,Desktop,India,New,2.47,3.7,60.25,1,100
S100437,U15017,2026-06-10,Organic Search,About Us,Desktop,India,New,2.71,2.9,58.05,0,0
S105644,U10862,2026-06-10,Direct,Products,Desktop,India,Returning,9.23,6.3,43.58,0,0
S102131,U10755,2026-06-10,Paid Search,Home,Mobile,India,Returning,3.37,2.8,62.97,0,0
S105141,U14854,2026-06-10,Direct,Checkout,Mobile,USA,Returning,0.4,2.9,61.82,0,0
S100001,U15391,2026-06-10,Organic Search,Products,Desktop,USA,New,5.32,3.2,62.95,0,0
S102055,U10918,2026-06-10,Paid Search,FAQ,Mobile,India,New,0.72,1.6,72.84,0,0
S107460,U16121,2026-06-10,Organic Search,Home,Mobile,USA,New,6.05,4.7,67.66,0,0
S105235,U15319,2026-06-10,Direct,Product Details,Mobile,USA,Returning,1.89,1.7,88.39,0,0
S104913,U12965,2026-06-10,Organic Search,Product Details,Desktop,India,New,5.09,3.7,75.75,0,0
S103737,U11997,2026-06-10,Referral,About Us,Desktop,Australia,New,1.82,2.2,66.54,0,0
S101108,U11574,2026-06-10,Social Media,Contact Us,Mobile,India,Returning,2.66,3.7,76.72,0,0
S109095,U11295,2026-06-10,Organic Search,Blog,Mobile,Australia,New,2.57,2.1,70.06,0,0
S106161,U11004,2026-06-10,Paid Search,About Us,Mobile,India,New,1.27,1.4,65.15,0,0
S108301,U14167,2026-06-10,Social Media,Services,Mobile,Canada,New,5.33,3.1,55.47,0,0
S102565,U11586,2026-06-10,Organic Search,Product Details,Desktop,India,New,2.3,1.7,80.24,0,0
S101399,U10055,2026-06-10,Direct,Contact Us,Mobile,Australia,New,1.1,1.0,71.55,0,0
S103357,U10613,2026-06-10,Direct,Pricing,Mobile,Canada,Returning,9.55,6.0,40.4,0,0
S101739,U10937,2026-06-10,Referral,About Us,Desktop,USA,New,7.14,4.9,46.26,0,0
S101698,U12051,2026-06-10,Direct,Home,Desktop,USA,Returning,1.69,3.8,76.69,0,0
S108218,U15324,2026-06-10,Direct,Products,Mobile,India,New,10.75,7.5,45.38,0,0
S100264,U11795,2026-06-10,Social Media,FAQ,Mobile,India,New,5.04,3.2,57.61,0,0
S108788,U16328,2026-06-10,Direct,Blog,Mobile,UK,New,13.61,9.2,30.71,1,100
S101738,U12266,2026-06-10,Direct,Pricing,Desktop,Australia,New,6.35,4.4,52.78,0,0
S102387,U12890,2026-06-10,Paid Search,Contact Us,Tablet,India,New,6.84,5.7,64.75,1,100
S103901,U10359,2026-06-10,Paid Search,Home,Desktop,India,New,3.18,1.4,48.22,0,0
S107984,U13090,2026-06-10,Referral,Checkout,Tablet,Australia,New,1.46,2.0,62.93,0,0
S109412,U15545,2026-06-10,Social Media,About Us,Mobile,India,New,5.1,3.8,52.35,0,0
S108676,U10119,2026-06-10,Organic Search,FAQ,Mobile,India,Returning,6.49,5.8,56.65,0,0
S108017,U11642,2026-06-10,Organic Search,Home,Mobile,India,New,9.96,6.9,42.94,0,0
S106007,U13798,2026-06-10,Paid Search,Products,Mobile,India,Returning,7.75,4.2,51.6,0,0
S108679,U14141,2026-06-10,Organic Search,Pricing,Tablet,Canada,Returning,1.8,2.2,79.57,0,0
S101704,U10146,2026-06-10,Paid Search,Products,Desktop,India,New,6.23,6.5,56.0,0,0
S101248,U12117,2026-06-10,Referral,Contact Us,Mobile,India,New,3.03,2.7,57.9,0,0
S100069,U10035,2026-06-10,Organic Search,Home,Mobile,India,New,3.48,2.2,59.46,0,0
S104201,U15673,2026-06-10,Direct,Product Details,Desktop,India,New,5.62,2.9,66.87,0,0
S103163,U13332,2026-06-10,Paid Search,FAQ,Desktop,India,New,5.01,4.2,58.75,0,0
S105860,U11068,2026-06-10,Paid Search,Checkout,Desktop,UK,New,11.55,7.0,43.53,0,0
S107638,U13200,2026-06-10,Organic Search,Blog,Mobile,India,Returning,3.44,2.7,56.04,0,0
S101790,U14134,2026-06-10,Paid Search,Home,Desktop,India,New,10.08,7.7,44.7,0,0
S101471,U12107,2026-06-10,Referral,FAQ,Mobile,India,New,3.6,3.5,69.77,0,0
S101626,U10629,2026-06-10,Organic Search,Blog,Mobile,USA,New,12.96,9.1,40.1,0,0
S105861,U12787,2026-06-10,Paid Search,Services,Mobile,India,New,4.47,4.5,59.53,0,0
S101781,U14266,2026-06-10,Organic Search,Products,Desktop,Canada,New,2.19,3.4,65.28,0,0
S101517,U12954,2026-06-10,Organic Search,Checkout,Desktop,India,New,4.91,3.6,39.24,1,100
S109163,U11558,2026-06-10,Referral,Products,Desktop,UK,New,1.1,1.9,62.1,0,0
S102824,U16173,2026-06-10,Referral,Contact Us,Mobile,India,New,5.63,3.5,46.68,0,0
S104381,U12842,2026-06-10,Organic Search,Contact Us,Desktop,UK,Returning,4.39,4.6,61.08,0,0
S102732,U15219,2026-06-10,Referral,Services,Desktop,India,New,13.63,8.6,50.3,1,100
S104329,U10644,2026-06-10,Social Media,FAQ,Desktop,UK,Returning,3.51,3.0,91.93,0,0
S100669,U11168,2026-06-10,Paid Search,Home,Desktop,Canada,Returning,4.04,5.3,48.18,0,0
S104327,U13286,2026-06-10,Direct,Services,Mobile,India,New,11.45,7.0,40.16,0,0
S104320,U12208,2026-06-10,Direct,FAQ,Desktop,India,Returning,5.02,3.9,72.47,0,0
S105740,U15113,2026-06-10,Organic Search,About Us,Mobile,India,New,7.88,6.2,48.6,0,0
S108575,U10344,2026-06-10,Direct,Products,Desktop,Australia,New,6.39,3.8,55.19,0,0
S102959,U16347,2026-06-10,Referral,Blog,Desktop,UK,New,7.88,4.6,47.99,0,0
S102863,U14495,2026-06-11,Paid Search,Contact Us,Desktop,USA,Returning,9.53,7.5,44.02,0,0
S105304,U14815,2026-06-11,Referral,Pricing,Mobile,Australia,New,5.81,4.7,58.09,0,0
S106265,U10809,2026-06-11,Organic Search,Product Details,Desktop,India,New,18.26,11.7,14.89,0,0
S108112,U15502,2026-06-11,Paid Search,Services,Desktop,India,Returning,4.61,4.4,55.92,0,0
S106815,U10507,2026-06-11,Referral,Contact Us,Mobile,Canada,Returning,6.86,4.1,59.46,0,0
S105446,U13727,2026-06-11,Direct,Product Details,Tablet,India,New,8.32,6.1,50.4,0,0
S102967,U13538,2026-06-11,Paid Search,Services,Mobile,India,Returning,2.15,3.6,57.74,0,0
S103388,U12401,2026-06-11,Paid Search,Home,Mobile,India,Returning,2.47,4.1,58.36,0,0
S107234,U11059,2026-06-11,Organic Search,Products,Mobile,India,Returning,7.61,5.3,52.27,0,0
S105422,U15819,2026-06-11,Paid Search,Home,Mobile,Canada,Returning,12.38,7.8,22.37,1,100
S108366,U12247,2026-06-11,Organic Search,Products,Desktop,India,New,4.66,5.3,66.69,0,0
S108328,U13011,2026-06-11,Direct,Checkout,Mobile,India,Returning,3.13,3.9,47.57,0,0
S109909,U13048,2026-06-11,Paid Search,Pricing,Desktop,India,Returning,4.49,2.1,67.65,0,0
S103656,U13829,2026-06-11,Paid Search,FAQ,Mobile,India,New,1.23,2.8,69.91,0,0
S103159,U10704,2026-06-11,Social Media,Pricing,Desktop,Canada,New,7.73,4.9,58.31,0,0
S105359,U10650,2026-06-11,Paid Search,Product Details,Mobile,India,Returning,3.3,2.5,71.87,0,0
S102502,U11463,2026-06-11,Organic Search,Contact Us,Desktop,India,New,4.58,5.7,54.92,0,0
S109796,U14180,2026-06-11,Direct,FAQ,Mobile,Canada,New,4.83,3.6,57.78,0,0
S107495,U14483,2026-06-11,Social Media,FAQ,Mobile,UK,New,2.99,1.1,68.33,0,0
S106445,U11879,2026-06-11,Direct,Home,Desktop,India,New,5.27,4.6,58.71,0,0
S101756,U12467,2026-06-11,Social Media,Products,Desktop,UK,New,1.79,3.1,74.03,0,0
S100915,U15450,2026-06-11,Referral,Product Details,Desktop,USA,Returning,10.9,5.8,47.27,1,100
S107788,U15013,2026-06-11,Social Media,Pricing,Mobile,Canada,Returning,1.97,2.7,64.4,0,0
S107766,U16313,2026-06-11,Organic Search,Checkout,Desktop,India,New,0.46,1.3,69.28,0,0
S107715,U15326,2026-06-11,Paid Search,Products,Mobile,UK,New,2.43,1.6,71.72,0,0
S101780,U11356,2026-06-11,Organic Search,About Us,Desktop,Canada,New,4.57,4.0,67.61,0,0
S106343,U10187,2026-06-11,Direct,FAQ,Mobile,India,Returning,5.37,4.4,60.3,0,0
S104522,U13930,2026-06-11,Organic Search,Home,Mobile,India,New,2.61,3.2,53.17,0,0
S107053,U11165,2026-06-11,Direct,About Us,Desktop,Canada,New,11.72,6.3,38.88,1,100
S104538,U15524,2026-06-11,Paid Search,Pricing,Desktop,India,New,3.29,3.8,69.37,0,0
S107613,U10826,2026-06-11,Organic Search,Product Details,Mobile,Australia,New,3.09,3.0,56.53,0,0
S106535,U11270,2026-06-11,Organic Search,Home,Desktop,India,New,6.59,4.4,66.68,0,0
S100708,U10511,2026-06-11,Direct,Pricing,Desktop,India,New,2.32,1.5,56.36,0,0
S104786,U14069,2026-06-11,Referral,Contact Us,Desktop,India,New,6.73,4.9,68.78,0,0
S109568,U15250,2026-06-11,Paid Search,Home,Mobile,USA,New,14.92,10.3,27.95,0,0
S100280,U12386,2026-06-11,Organic Search,Services,Mobile,India,New,3.46,3.0,75.36,0,0
S105914,U10871,2026-06-11,Direct,Product Details,Mobile,USA,Returning,3.46,1.2,61.37,0,0
S104110,U11588,2026-06-11,Direct,Home,Desktop,India,New,4.43,4.9,52.64,0,0
S106564,U11410,2026-06-11,Direct,Products,Mobile,UK,New,7.01,3.9,68.49,0,0
S101166,U16149,2026-06-11,Organic Search,Home,Desktop,India,Returning,0.3,1.0,74.21,0,0
S104029,U12695,2026-06-11,Paid Search,Pricing,Desktop,India,New,6.87,4.5,53.07,0,0
S103729,U15890,2026-06-11,Direct,Products,Tablet,UK,Returning,8.15,5.1,52.32,1,100
S109120,U15989,2026-06-11,Organic Search,Pricing,Desktop,Australia,New,11.14,6.8,45.62,1,100
S105957,U14006,2026-06-11,Direct,Home,Tablet,USA,Returning,8.82,4.8,55.36,0,0
S108723,U11192,2026-06-11,Organic Search,Services,Tablet,Canada,New,4.4,3.3,71.33,0,0
S100260,U11148,2026-06-11,Organic Search,Product Details,Mobile,UK,Returning,5.87,4.8,67.61,0,0
S104124,U16047,2026-06-11,Referral,Pricing,Desktop,USA,New,7.12,5.1,48.7,1,100
S109636,U12738,2026-06-11,Paid Search,Blog,Desktop,India,New,5.94,3.8,65.44,0,0
S106697,U14372,2026-06-11,Social Media,FAQ,Mobile,India,New,4.76,2.9,66.18,0,0
S109133,U13073,2026-06-12,Paid Search,Checkout,Desktop,USA,New,4.66,4.1,52.19,0,0
S109580,U12909,2026-06-12,Organic Search,Pricing,Desktop,India,New,2.81,3.2,82.08,0,0
S109166,U15732,2026-06-12,Organic Search,Product Details,Mobile,Canada,New,3.61,3.5,65.51,0,0
S100041,U13006,2026-06-12,Referral,Checkout,Desktop,India,New,9.83,6.7,39.18,1,100
S101278,U13178,2026-06-12,Paid Search,Checkout,Desktop,India,New,2.14,2.4,62.32,0,0
S109231,U12130,2026-06-12,Paid Search,About Us,Desktop,USA,New,5.13,3.0,58.97,0,0
S100602,U13070,2026-06-12,Organic Search,Home,Mobile,India,New,4.39,1.9,65.84,0,0
S100882,U14859,2026-06-12,Referral,Product Details,Mobile,UK,Returning,3.98,3.3,68.21,0,0
S100055,U10601,2026-06-12,Organic Search,Product Details,Desktop,India,New,1.9,1.0,69.19,0,0
S109853,U14467,2026-06-12,Referral,Product Details,Desktop,India,Returning,11.63,8.6,38.69,0,0
S100230,U16364,2026-06-12,Organic Search,Blog,Mobile,India,New,6.39,4.7,51.2,0,0
S109099,U11754,2026-06-12,Direct,Pricing,Mobile,Australia,New,2.5,3.5,66.2,0,0
S109210,U13243,2026-06-12,Paid Search,Products,Desktop,USA,New,8.4,5.3,41.61,0,0
S100908,U13178,2026-06-12,Organic Search,FAQ,Desktop,India,New,5.16,3.0,61.69,0,0
S103210,U16340,2026-06-12,Organic Search,Products,Desktop,India,New,3.88,2.4,67.85,0,0
S105896,U15042,2026-06-12,Referral,Products,Mobile,USA,New,6.92,6.3,41.53,0,0
S106180,U13213,2026-06-12,Organic Search,Products,Desktop,Canada,New,3.36,3.5,61.19,0,0
S107290,U10272,2026-06-12,Organic Search,Product Details,Mobile,UK,Returning,3.71,5.3,49.33,1,100
S103871,U14173,2026-06-12,Social Media,Services,Desktop,UK,New,1.78,2.9,80.62,0,0
S104806,U12950,2026-06-12,Paid Search,Checkout,Mobile,USA,New,2.07,2.9,57.3,0,0
S102487,U11661,2026-06-12,Paid Search,Product Details,Desktop,India,New,5.66,4.1,59.41,0,0
S108264,U12683,2026-06-12,Direct,FAQ,Desktop,India,New,1.63,1.1,81.56,0,0
S106868,U13427,2026-06-12,Organic Search,Product Details,Mobile,India,New,4.71,2.3,55.99,0,0
S105317,U13793,2026-06-12,Organic Search,Pricing,Mobile,India,New,1.71,1.5,89.79,0,0
S105324,U13164,2026-06-12,Referral,Products,Desktop,Canada,New,7.41,3.6,63.01,0,0
S102162,U11798,2026-06-12,Referral,Services,Desktop,Australia,Returning,1.81,2.6,73.46,0,0
S102453,U14446,2026-06-12,Paid Search,About Us,Desktop,UK,New,14.76,10.9,17.52,0,0
S102166,U11395,2026-06-12,Organic Search,Products,Desktop,India,New,11.43,7.4,44.42,1,100
S108712,U12771,2026-06-12,Direct,Services,Desktop,India,New,9.33,8.7,44.16,1,100
S107901,U13784,2026-06-12,Referral,Product Details,Desktop,India,Returning,2.98,2.1,68.23,0,0
S104828,U13766,2026-06-12,Paid Search,Pricing,Desktop,India,Returning,3.77,3.5,65.9,0,0
S105404,U14488,2026-06-12,Organic Search,Services,Mobile,India,Returning,1.16,1.9,77.6,0,0
S108718,U10955,2026-06-12,Referral,Services,Mobile,India,New,4.44,3.4,69.79,0,0
S105941,U16227,2026-06-12,Paid Search,Services,Mobile,India,New,2.84,2.8,65.18,0,0
S105938,U15367,2026-06-12,Organic Search,Products,Desktop,India,Returning,1.9,3.1,75.13,0,0
S108839,U14778,2026-06-12,Organic Search,Home,Mobile,India,New,3.71,1.9,52.38,0,0
S103112,U15067,2026-06-12,Organic Search,Home,Mobile,India,New,1.1,3.2,60.63,0,0
S102260,U13954,2026-06-12,Social Media,Pricing,Desktop,India,New,1.87,3.1,63.59,0,0
S107574,U12173,2026-06-12,Referral,About Us,Desktop,India,Returning,4.8,1.0,65.46,0,0
S108584,U13337,2026-06-12,Social Media,Services,Mobile,India,Returning,4.3,1.0,81.07,0,0
S107747,U10567,2026-06-12,Organic Search,Services,Desktop,India,New,2.52,3.2,72.63,0,0
S105490,U10573,2026-06-12,Organic Search,Blog,Tablet,India,New,15.81,9.2,25.84,0,0
S107582,U11129,2026-06-12,Direct,Services,Mobile,India,New,2.87,1.6,72.33,0,0
S102315,U16090,2026-06-12,Referral,Pricing,Mobile,India,New,2.75,1.1,65.53,0,0
S102325,U14441,2026-06-12,Organic Search,Home,Desktop,India,Returning,2.49,1.8,72.27,0,0
S102337,U13292,2026-06-12,Paid Search,Pricing,Desktop,India,Returning,4.32,2.9,54.37,0,0
S107837,U12044,2026-06-12,Organic Search,Home,Mobile,UK,Returning,0.36,1.0,85.55,0,0
S103700,U14616,2026-06-12,Organic Search,Contact Us,Mobile,Australia,New,2.21,3.3,59.89,0,0
S104600,U16333,2026-06-12,Organic Search,FAQ,Desktop,USA,New,3.7,3.4,56.7,0,0
S106222,U11482,2026-06-12,Referral,Services,Mobile,India,New,7.83,7.7,30.64,0,0
S106682,U14802,2026-06-12,Referral,Blog,Desktop,USA,Returning,5.02,2.8,67.87,0,0
S103579,U14578,2026-06-12,Referral,Services,Desktop,India,Returning,6.01,5.0,45.75,0,0
S106494,U10908,2026-06-12,Direct,Products,Mobile,India,New,4.02,4.3,51.94,0,0
S102030,U10214,2026-06-12,Organic Search,Services,Desktop,India,Returning,4.98,5.4,41.33,0,0
S108110,U13925,2026-06-12,Paid Search,Product Details,Desktop,Australia,New,2.22,1.4,72.71,0,0
S102270,U12533,2026-06-13,Organic Search,Checkout,Tablet,India,Returning,3.11,2.6,60.3,0,0
S106981,U12171,2026-06-13,Referral,FAQ,Mobile,India,New,1.61,2.7,71.23,0,0
S104909,U14917,2026-06-13,Referral,FAQ,Desktop,India,New,16.91,9.8,36.19,0,0
S104218,U12079,2026-06-13,Referral,Services,Tablet,Australia,New,16.21,8.0,21.78,1,100
S103529,U11461,2026-06-13,Organic Search,Pricing,Desktop,UK,New,3.16,2.8,62.47,1,100
S100722,U13603,2026-06-13,Paid Search,Pricing,Desktop,Canada,New,1.3,2.1,71.68,0,0
S108827,U15746,2026-06-13,Direct,Services,Mobile,India,New,6.31,6.6,48.1,0,0
S105058,U12982,2026-06-13,Social Media,Product Details,Tablet,India,New,12.93,8.1,32.66,0,0
S103144,U16398,2026-06-13,Paid Search,Products,Mobile,India,New,3.97,3.7,60.01,0,0
S105935,U15073,2026-06-13,Direct,Services,Mobile,India,New,6.34,4.6,55.01,0,0
S103152,U10547,2026-06-13,Direct,Home,Tablet,Australia,New,3.71,3.0,70.06,0,0
S103518,U13790,2026-06-13,Organic Search,Blog,Tablet,India,New,13.38,8.9,28.66,0,0
S102405,U13023,2026-06-13,Social Media,Home,Desktop,USA,New,3.3,2.9,68.44,0,0
S102052,U14045,2026-06-13,Referral,Home,Mobile,India,New,6.5,4.8,60.27,0,0
S109324,U12236,2026-06-13,Social Media,Home,Mobile,India,New,6.3,5.4,50.95,0,0
S107640,U16104,2026-06-13,Social Media,Home,Mobile,India,New,5.02,4.0,60.42,0,0
S108419,U15588,2026-06-13,Direct,Contact Us,Desktop,Canada,New,5.71,4.6,59.65,1,100
S101501,U12082,2026-06-13,Social Media,Checkout,Desktop,USA,New,2.61,1.8,82.05,0,0
S107648,U13503,2026-06-13,Paid Search,Product Details,Desktop,USA,New,3.45,3.4,44.12,0,0
S107670,U13831,2026-06-13,Paid Search,Products,Desktop,India,New,2.71,2.8,62.51,1,100
S109997,U14420,2026-06-13,Social Media,Home,Mobile,India,New,5.92,4.3,57.64,0,0
S100420,U14015,2026-06-13,Paid Search,Blog,Mobile,India,Returning,2.09,1.0,78.52,0,0
S100721,U15978,2026-06-13,Social Media,Product Details,Desktop,Canada,New,6.83,4.9,53.42,0,0
S102689,U11961,2026-06-13,Organic Search,Home,Mobile,India,New,4.1,2.4,61.42,0,0
S105038,U13698,2026-06-13,Referral,Pricing,Desktop,USA,New,13.89,8.7,35.43,0,0
S107699,U12896,2026-06-13,Referral,Checkout,Mobile,India,Returning,5.7,5.8,53.59,0,0
S100430,U14342,2026-06-13,Paid Search,Home,Mobile,India,New,1.46,2.2,83.43,0,0
S100332,U16016,2026-06-13,Organic Search,Products,Desktop,India,Returning,5.44,4.6,55.02,0,0
S109245,U14970,2026-06-13,Organic Search,Product Details,Mobile,India,New,2.93,3.6,59.47,0,0
S105829,U10722,2026-06-13,Organic Search,Home,Mobile,UK,Returning,6.1,5.2,57.52,0,0
S109592,U15443,2026-06-13,Direct,Home,Desktop,USA,Returning,2.95,2.2,74.44,0,0
S103038,U15111,2026-06-13,Organic Search,Pricing,Mobile,India,New,6.09,5.9,57.39,0,0
S104301,U14064,2026-06-13,Referral,Home,Desktop,India,New,6.07,4.8,46.26,0,0
S108845,U12064,2026-06-13,Organic Search,Checkout,Mobile,Canada,New,6.24,5.0,62.69,0,0
S101651,U14279,2026-06-13,Paid Search,Contact Us,Desktop,USA,New,4.01,4.9,41.7,0,0
S102126,U10312,2026-06-13,Organic Search,About Us,Mobile,India,New,0.87,1.4,76.65,0,0
S106835,U14916,2026-06-13,Social Media,Blog,Desktop,India,New,2.85,2.8,74.52,0,0
S105069,U10242,2026-06-13,Direct,Products,Desktop,India,Returning,10.96,7.8,35.95,0,0
S102129,U12972,2026-06-13,Organic Search,Home,Desktop,India,Returning,0.58,2.9,68.87,0,0
S106246,U16010,2026-06-13,Organic Search,Contact Us,Tablet,India,New,5.1,3.8,64.75,0,0
S106863,U14473,2026-06-13,Direct,About Us,Tablet,India,New,9.67,7.6,39.69,0,0
S105233,U12995,2026-06-13,Direct,Blog,Desktop,Canada,New,2.9,3.5,57.78,0,0
S101110,U11918,2026-06-13,Direct,Services,Desktop,India,New,7.45,4.5,54.09,0,0
S107487,U13570,2026-06-13,Social Media,Blog,Desktop,India,Returning,1.71,3.8,54.02,0,0
S103622,U13794,2026-06-13,Paid Search,Pricing,Mobile,UK,New,13.85,8.4,39.25,0,0
S101434,U10775,2026-06-13,Paid Search,Products,Desktop,USA,New,6.68,4.8,54.31,1,100
S102019,U14703,2026-06-13,Social Media,Contact Us,Desktop,India,New,1.63,1.0,76.95,0,0
S100099,U14888,2026-06-13,Direct,Home,Desktop,India,New,3.41,2.9,63.01,0,0
S106718,U13272,2026-06-13,Social Media,Blog,Desktop,India,New,2.93,4.2,59.01,0,0
S106713,U13926,2026-06-13,Organic Search,FAQ,Mobile,India,New,2.33,5.4,64.84,0,0
S102880,U15088,2026-06-13,Direct,Products,Desktop,UK,New,1.61,2.4,70.51,0,0
S104675,U16306,2026-06-13,Referral,Services,Desktop,India,New,2.88,1.8,73.89,0,0
S105195,U12973,2026-06-13,Direct,Product Details,Desktop,Canada,New,3.9,2.9,63.88,1,100
S105416,U10690,2026-06-13,Direct,Blog,Mobile,India,New,6.9,5.8,52.17,0,0
S106721,U11050,2026-06-13,Social Media,FAQ,Desktop,Canada,New,11.24,7.5,36.11,0,0
S102823,U13632,2026-06-13,Organic Search,About Us,Desktop,Canada,Returning,9.38,5.9,41.17,0,0
S101591,U15617,2026-06-14,Organic Search,Contact Us,Desktop,UK,New,6.45,4.2,54.94,0,0
S107490,U11606,2026-06-14,Paid Search,Product Details,Desktop,India,Returning,7.77,4.6,53.8,0,0
S102755,U11509,2026-06-14,Direct,About Us,Mobile,Canada,New,6.19,2.9,72.24,0,0
S105275,U14317,2026-06-14,Paid Search,Products,Mobile,India,New,7.69,5.3,47.22,1,100
S105300,U10671,2026-06-14,Referral,Product Details,Mobile,India,Returning,3.93,4.1,71.25,1,100
S102991,U15150,2026-06-14,Direct,Home,Desktop,India,New,7.15,4.1,39.17,0,0
S100663,U13141,2026-06-14,Social Media,Home,Desktop,Canada,New,3.16,3.1,71.38,0,0
S107255,U11665,2026-06-14,Organic Search,Home,Mobile,India,Returning,2.89,1.0,60.36,0,0
S102931,U14084,2026-06-14,Referral,FAQ,Tablet,India,New,12.38,7.3,30.88,0,0
S100605,U10617,2026-06-14,Direct,Services,Tablet,Canada,New,4.51,4.5,58.81,0,0
S100400,U15089,2026-06-14,Direct,Pricing,Desktop,India,New,4.52,5.4,51.7,0,0
S108466,U14017,2026-06-14,Paid Search,Product Details,Mobile,India,Returning,2.73,3.8,79.21,0,0
S105439,U10957,2026-06-14,Paid Search,Pricing,Mobile,UK,Returning,1.18,3.5,66.59,0,0
S102768,U15303,2026-06-14,Referral,Checkout,Tablet,India,Returning,13.99,9.1,24.73,0,0
S105075,U14165,2026-06-14,Paid Search,About Us,Desktop,India,Returning,5.71,5.5,53.3,0,0
S104844,U15694,2026-06-14,Organic Search,Blog,Desktop,UK,New,3.42,4.0,64.15,0,0
S108468,U15498,2026-06-14,Referral,Home,Desktop,Australia,New,8.22,6.7,53.97,0,0
S105027,U13259,2026-06-14,Paid Search,Checkout,Tablet,India,New,5.63,3.6,48.57,0,0
S104983,U12251,2026-06-14,Paid Search,Services,Desktop,India,New,14.54,8.6,44.78,1,100
S107925,U12714,2026-06-14,Paid Search,Home,Desktop,India,New,4.01,3.9,57.83,0,0
S108962,U12795,2026-06-14,Paid Search,About Us,Mobile,India,New,9.57,5.7,59.7,0,0
S101078,U15967,2026-06-14,Referral,Checkout,Mobile,India,New,2.79,2.7,60.91,0,0
S103890,U11378,2026-06-14,Direct,Home,Mobile,India,New,3.07,4.2,59.34,1,100
S101419,U15208,2026-06-14,Organic Search,Product Details,Mobile,India,Returning,5.92,4.2,53.32,0,0
S106107,U12659,2026-06-14,Social Media,Blog,Mobile,India,New,10.66,6.5,51.0,0,0
S103304,U12676,2026-06-14,Organic Search,Blog,Mobile,Australia,New,0.88,2.2,59.33,0,0
S108903,U10447,2026-06-14,Paid Search,Services,Desktop,India,Returning,1.23,1.8,83.51,1,100
S104624,U11674,2026-06-14,Direct,Product Details,Mobile,UK,New,4.87,3.2,67.4,0,0
S108124,U12331,2026-06-14,Social Media,Product Details,Desktop,India,Returning,1.66,2.8,68.15,0,0
S106386,U10926,2026-06-14,Direct,Blog,Mobile,India,Returning,4.99,4.4,63.4,0,0
S106820,U13159,2026-06-14,Direct,Blog,Tablet,India,New,3.71,4.0,60.83,0,0
S101848,U13742,2026-06-14,Social Media,Home,Desktop,USA,New,1.74,1.0,83.01,0,0
S106747,U15489,2026-06-14,Paid Search,Services,Mobile,Australia,New,9.51,6.1,53.38,1,100
S102076,U11440,2026-06-14,Social Media,Services,Desktop,USA,New,1.1,3.2,77.73,0,0
S101348,U14945,2026-06-14,Direct,Contact Us,Mobile,India,Returning,2.56,4.0,73.98,0,0
S100061,U12613,2026-06-14,Organic Search,Blog,Desktop,India,New,10.16,6.0,48.35,0,0
S103988,U12385,2026-06-14,Organic Search,Home,Desktop,India,Returning,7.25,5.8,56.98,0,0
S109247,U16399,2026-06-14,Organic Search,Services,Mobile,USA,New,1.63,2.9,65.8,0,0
S105690,U16325,2026-06-14,Paid Search,Product Details,Desktop,India,New,3.48,4.3,68.93,0,0
S103460,U10640,2026-06-14,Direct,Home,Mobile,India,New,13.45,8.8,30.76,0,0
S108997,U15917,2026-06-14,Organic Search,About Us,Tablet,UK,New,3.39,4.8,55.96,0,0
S108790,U13946,2026-06-14,Referral,Checkout,Desktop,UK,New,0.7,3.1,63.3,0,0
S107024,U16117,2026-06-14,Direct,Home,Desktop,USA,New,23.67,13.9,10.0,0,0
S105997,U11270,2026-06-14,Paid Search,Pricing,Desktop,India,New,5.96,4.9,37.49,1,100
S102277,U14586,2026-06-14,Paid Search,Pricing,Desktop,USA,Returning,1.35,1.0,64.7,0,0
S103682,U13629,2026-06-14,Referral,Home,Mobile,UK,New,8.05,4.5,59.26,0,0
S106959,U11436,2026-06-14,Referral,Blog,Mobile,UK,New,16.3,11.0,18.66,0,0
S103475,U10460,2026-06-14,Paid Search,Product Details,Desktop,India,New,2.66,2.0,67.95,0,0
S106496,U13793,2026-06-14,Direct,Pricing,Mobile,USA,New,3.84,4.0,68.91,1,100
S100934,U16091,2026-06-14,Direct,Services,Desktop,USA,New,1.72,2.0,67.06,0,0
S104146,U10889,2026-06-14,Organic Search,Blog,Desktop,India,New,1.53,1.3,72.45,0,0
S103546,U15828,2026-06-14,Paid Search,Home,Tablet,India,New,22.19,14.1,15.97,0,0
S100894,U14860,2026-06-14,Direct,Product Details,Mobile,India,New,6.27,3.4,75.19,0,0
S100598,U12897,2026-06-15,Social Media,About Us,Desktop,India,New,2.84,2.6,74.89,0,0
S103402,U15515,2026-06-15,Paid Search,Home,Desktop,India,Returning,3.3,3.5,62.66,0,0
S107481,U12940,2026-06-15,Organic Search,Pricing,Mobile,India,New,4.59,3.6,53.73,0,0
S101595,U10216,2026-06-15,Direct,Home,Mobile,India,New,8.13,4.1,54.71,0,0
S109665,U12234,2026-06-15,Paid Search,Services,Mobile,Canada,New,5.56,3.9,68.54,0,0
S109574,U14197,2026-06-15,Paid Search,Products,Desktop,Australia,New,12.27,8.2,35.56,0,0
S109643,U14310,2026-06-15,Referral,Product Details,Mobile,India,New,8.09,6.0,43.82,0,0
S100828,U15359,2026-06-15,Organic Search,Products,Mobile,India,New,6.35,5.2,58.59,0,0
S102994,U11305,2026-06-15,Social Media,Pricing,Mobile,India,New,2.67,1.7,83.48,1,100
S104377,U12607,2026-06-15,Social Media,Product Details,Mobile,Australia,New,0.88,2.6,82.53,0,0
S107802,U14670,2026-06-15,Direct,Products,Desktop,India,New,5.96,3.8,62.57,0,0
S109266,U11056,2026-06-15,Direct,Product Details,Desktop,India,New,3.62,3.4,61.09,0,0
S104071,U15186,2026-06-15,Referral,Products,Desktop,India,New,9.9,6.8,43.91,0,0
S107895,U12879,2026-06-15,Paid Search,Contact Us,Desktop,India,Returning,5.48,4.3,59.65,0,0
S107919,U16032,2026-06-15,Referral,Blog,Mobile,Australia,New,1.38,2.3,66.53,0,0
S104791,U14547,2026-06-15,Social Media,Product Details,Desktop,India,New,1.48,2.8,64.21,0,0
S103924,U10657,2026-06-15,Paid Search,Contact Us,Mobile,India,Returning,1.25,1.2,66.41,0,0
S103838,U11901,2026-06-15,Organic Search,Product Details,Desktop,USA,New,8.07,5.2,51.05,1,100
S104824,U10452,2026-06-15,Paid Search,Blog,Desktop,UK,New,2.31,1.0,78.2,0,0
S103821,U15599,2026-06-15,Organic Search,Products,Mobile,India,New,19.6,12.5,10.17,0,0
S103779,U13501,2026-06-15,Social Media,Services,Mobile,India,New,3.12,1.8,70.89,1,100
S103358,U16012,2026-06-15,Organic Search,Product Details,Desktop,UK,New,4.7,3.7,57.81,0,0
S103642,U15809,2026-06-15,Direct,Home,Desktop,India,New,6.61,5.4,65.32,1,100
S108261,U11960,2026-06-15,Referral,Home,Tablet,India,Returning,5.38,5.6,45.19,0,0
S101300,U11855,2026-06-15,Organic Search,Services,Desktop,India,New,4.12,1.8,61.51,0,0
S100515,U14584,2026-06-15,Organic Search,Services,Mobile,India,New,5.8,4.6,54.22,0,0
S102247,U12353,2026-06-15,Organic Search,Contact Us,Mobile,India,New,6.21,4.6,54.28,0,0
S105285,U14136,2026-06-15,Paid Search,Product Details,Tablet,India,Returning,9.49,6.7,53.42,0,0
S100279,U15760,2026-06-15,Referral,Products,Mobile,India,Returning,2.18,2.1,81.21,0,0
S106707,U13513,2026-06-15,Direct,Blog,Desktop,India,New,10.64,6.1,41.93,0,0
S108820,U13933,2026-06-15,Direct,Product Details,Desktop,India,Returning,2.03,2.0,72.87,0,0
S107221,U15288,2026-06-15,Referral,FAQ,Desktop,India,New,2.55,1.3,69.16,0,0
S106487,U10887,2026-06-15,Organic Search,About Us,Tablet,India,Returning,3.67,3.6,56.96,0,0
S105854,U11849,2026-06-15,Paid Search,Blog,Desktop,Australia,New,4.43,3.3,54.31,0,0
S105211,U13646,2026-06-15,Referral,Pricing,Desktop,India,New,11.17,5.5,39.24,0,0
S105823,U15593,2026-06-15,Paid Search,Contact Us,Tablet,India,New,4.64,4.5,60.17,0,0
S109887,U15464,2026-06-15,Paid Search,Products,Desktop,India,New,5.94,4.4,47.35,0,0
S105157,U12254,2026-06-15,Paid Search,Contact Us,Desktop,India,New,4.04,4.1,70.69,0,0
S102309,U14182,2026-06-15,Organic Search,Blog,Mobile,India,New,2.19,3.1,55.81,0,0
S100205,U15354,2026-06-15,Referral,Product Details,Mobile,India,New,2.11,2.3,63.54,0,0
S108895,U11126,2026-06-15,Paid Search,Blog,Desktop,India,New,5.43,4.7,58.46,0,0
S100547,U11636,2026-06-15,Paid Search,Blog,Desktop,Australia,Returning,3.16,2.5,57.8,0,0
S101868,U14544,2026-06-15,Organic Search,FAQ,Mobile,Australia,New,3.55,4.5,48.87,0,0
S108980,U10200,2026-06-15,Paid Search,Contact Us,Desktop,India,Returning,8.61,6.3,42.11,1,100
S106809,U14781,2026-06-15,Organic Search,Blog,Desktop,India,New,5.04,2.9,60.21,0,0
S100173,U12626,2026-06-15,Organic Search,Products,Desktop,India,New,2.08,3.1,60.35,0,0
S105053,U12136,2026-06-15,Paid Search,Pricing,Desktop,USA,Returning,10.88,5.7,37.66,0,0
S100564,U12840,2026-06-15,Paid Search,Home,Mobile,USA,New,1.24,1.0,72.1,0,0
S107103,U14131,2026-06-15,Paid Search,Blog,Mobile,India,New,3.61,1.7,71.57,0,0
S108694,U10509,2026-06-15,Organic Search,Checkout,Desktop,Canada,New,5.77,4.5,57.26,1,100
S106109,U15328,2026-06-15,Organic Search,Product Details,Mobile,India,New,6.27,3.6,66.14,0,0
S105633,U10584,2026-06-15,Organic Search,Services,Desktop,India,New,1.24,1.6,57.73,0,0
S105133,U13688,2026-06-15,Organic Search,Products,Desktop,India,Returning,7.54,6.8,33.49,0,0
S106224,U10658,2026-06-16,Organic Search,Blog,Desktop,Australia,New,3.79,2.3,77.02,0,0
S100353,U14497,2026-06-16,Organic Search,FAQ,Desktop,India,New,12.51,8.0,34.54,0,0
S104456,U12896,2026-06-16,Paid Search,Product Details,Mobile,USA,Returning,8.24,6.3,49.37,0,0
S104422,U15788,2026-06-16,Paid Search,Pricing,Desktop,India,New,4.67,7.0,42.43,0,0
S103625,U14358,2026-06-16,Social Media,Products,Desktop,India,Returning,8.28,5.1,45.98,0,0
S102229,U15898,2026-06-16,Paid Search,Services,Mobile,India,New,1.71,1.8,70.37,0,0
S107643,U14936,2026-06-16,Paid Search,Products,Mobile,Australia,Returning,6.95,5.3,58.58,0,0
S108587,U10920,2026-06-16,Paid Search,Blog,Desktop,India,Returning,2.42,1.4,78.42,0,0
S107409,U13455,2026-06-16,Referral,Product Details,Desktop,Canada,New,1.34,1.6,69.27,1,100
S105961,U14463,2026-06-16,Direct,Blog,Tablet,India,New,9.35,6.1,50.63,0,0
S100177,U12694,2026-06-16,Referral,Pricing,Mobile,India,New,10.36,8.7,11.22,0,0
S106125,U11263,2026-06-16,Paid Search,Services,Desktop,India,Returning,16.32,9.4,34.59,1,100
S101827,U12140,2026-06-16,Paid Search,Checkout,Desktop,India,New,4.41,4.7,53.62,0,0
S101083,U12552,2026-06-16,Referral,Product Details,Mobile,India,New,9.87,5.5,51.49,0,0
S108281,U12998,2026-06-16,Organic Search,FAQ,Mobile,UK,Returning,2.54,3.3,75.69,0,0
S101421,U13192,2026-06-16,Organic Search,FAQ,Mobile,UK,New,5.35,4.1,56.88,0,0
S100218,U14660,2026-06-16,Direct,FAQ,Desktop,India,Returning,2.54,1.0,70.78,0,0
S107936,U10068,2026-06-16,Paid Search,About Us,Desktop,USA,New,4.87,3.7,61.7,0,0
S102225,U10270,2026-06-16,Direct,Home,Desktop,UK,New,3.22,3.7,68.7,0,0
S107929,U14634,2026-06-16,Direct,About Us,Desktop,India,New,2.59,4.0,59.39,0,0
S106002,U14245,2026-06-16,Direct,FAQ,Mobile,Australia,New,5.33,4.6,51.27,0,0
S106266,U10979,2026-06-16,Paid Search,Blog,Desktop,India,New,1.18,1.0,85.48,0,0
S105987,U15807,2026-06-16,Paid Search,Pricing,Mobile,India,New,7.61,5.3,52.99,0,0
S107630,U12522,2026-06-16,Referral,Checkout,Tablet,India,New,8.5,5.8,49.65,0,0
S104035,U16145,2026-06-16,Paid Search,Services,Mobile,India,Returning,7.99,7.9,41.53,0,0
S104068,U15243,2026-06-16,Paid Search,FAQ,Mobile,Canada,New,8.24,4.9,55.54,0,0
S106301,U12018,2026-06-16,Direct,Services,Mobile,India,Returning,5.54,3.7,47.99,0,0
S105965,U11399,2026-06-16,Direct,Checkout,Mobile,UK,New,4.7,2.5,53.21,0,0
S106072,U12765,2026-06-16,Social Media,Product Details,Mobile,India,Returning,2.46,2.8,65.84,0,0
S101737,U10825,2026-06-16,Referral,Checkout,Mobile,India,Returning,5.19,4.3,66.98,1,100
S100374,U10960,2026-06-16,Organic Search,FAQ,Desktop,UK,Returning,4.19,3.7,57.66,0,0
S103011,U12521,2026-06-16,Organic Search,Home,Mobile,India,New,4.33,2.6,52.28,0,0
S100654,U12503,2026-06-16,Referral,Checkout,Mobile,USA,Returning,1.71,2.8,68.68,0,0
S107512,U12382,2026-06-16,Organic Search,Product Details,Mobile,India,New,4.13,3.9,56.47,1,100
S105312,U11854,2026-06-16,Social Media,Blog,Mobile,USA,New,5.26,3.0,52.64,0,0
S104777,U11482,2026-06-16,Organic Search,Products,Desktop,India,New,7.01,4.2,58.31,0,0
S107531,U12645,2026-06-16,Organic Search,Home,Mobile,India,New,9.95,5.7,62.07,1,100
S102845,U13272,2026-06-16,Organic Search,Products,Desktop,Canada,New,4.21,3.8,49.01,0,0
S105175,U16056,2026-06-16,Direct,Pricing,Mobile,USA,Returning,0.97,1.0,67.54,0,0
S108178,U10954,2026-06-16,Organic Search,Home,Tablet,India,New,10.12,5.9,53.23,0,0
S102627,U13726,2026-06-16,Organic Search,Product Details,Tablet,USA,New,7.15,5.3,52.66,0,0
S108669,U12375,2026-06-16,Paid Search,Product Details,Desktop,India,Returning,7.11,6.5,45.2,0,0
S103534,U10265,2026-06-16,Direct,Blog,Desktop,Australia,New,2.45,3.2,57.36,0,0
S108539,U11041,2026-06-16,Paid Search,Contact Us,Mobile,USA,New,9.81,8.2,45.63,0,0
S100436,U11842,2026-06-16,Organic Search,FAQ,Mobile,India,New,2.48,2.5,67.86,0,0
S101656,U15469,2026-06-16,Referral,Product Details,Mobile,India,New,7.67,4.3,56.2,0,0
S102418,U10407,2026-06-16,Organic Search,FAQ,Desktop,Australia,New,2.69,1.0,74.7,0,0
S107477,U13325,2026-06-16,Organic Search,Products,Desktop,India,New,4.8,4.0,47.72,1,100
S105009,U10603,2026-06-16,Referral,Products,Desktop,UK,New,9.27,7.3,42.75,0,0
S107154,U11768,2026-06-16,Organic Search,FAQ,Desktop,Canada,New,4.73,2.0,68.94,0,0
S109107,U11506,2026-06-16,Paid Search,Services,Mobile,India,New,3.42,3.2,53.32,0,0
S106481,U10016,2026-06-16,Paid Search,Product Details,Desktop,UK,New,1.41,1.6,70.68,0,0
S100739,U16492,2026-06-16,Social Media,Home,Mobile,India,Returning,7.8,5.5,41.85,0,0
S105310,U11893,2026-06-16,Organic Search,Checkout,Desktop,India,New,5.61,2.8,60.27,0,0
S107579,U12209,2026-06-16,Paid Search,About Us,Desktop,USA,New,11.43,6.8,53.08,1,100
S106135,U12723,2026-06-17,Organic Search,Contact Us,Desktop,India,New,1.71,1.9,72.36,0,0
S100014,U13172,2026-06-17,Referral,Home,Desktop,Australia,New,4.59,4.4,57.42,0,0
S107974,U13411,2026-06-17,Referral,Product Details,Desktop,India,Returning,7.81,5.3,54.39,1,100
S107891,U14369,2026-06-17,Direct,Checkout,Mobile,India,New,6.96,5.9,48.73,1,100
S102888,U13010,2026-06-17,Organic Search,Checkout,Desktop,USA,New,1.97,3.6,52.01,0,0
S100646,U11366,2026-06-17,Paid Search,About Us,Desktop,India,New,5.16,3.3,53.65,0,0
S103465,U15935,2026-06-17,Organic Search,Contact Us,Desktop,India,Returning,0.54,1.3,72.33,0,0
S107912,U12512,2026-06-17,Organic Search,Products,Desktop,India,New,4.77,4.7,62.76,0,0
S107363,U15846,2026-06-17,Direct,Products,Desktop,Australia,New,6.94,4.1,52.01,0,0
S105222,U13894,2026-06-17,Organic Search,Product Details,Mobile,India,New,6.39,3.1,49.16,0,0
S106003,U15081,2026-06-17,Organic Search,Home,Desktop,India,New,6.31,7.7,40.78,0,0
S106837,U12561,2026-06-17,Paid Search,Services,Desktop,India,Returning,2.56,1.9,64.81,0,0
S104826,U15261,2026-06-17,Direct,Home,Mobile,Canada,Returning,10.18,6.6,42.89,0,0
S101102,U16284,2026-06-17,Referral,About Us,Desktop,Australia,New,9.51,6.4,40.91,0,0
S103886,U15499,2026-06-17,Organic Search,Product Details,Desktop,India,Returning,3.62,3.9,64.62,0,0
S109052,U10565,2026-06-17,Organic Search,Services,Mobile,India,New,0.87,1.8,76.39,0,0
S103963,U12455,2026-06-17,Organic Search,Blog,Desktop,India,New,7.11,5.6,57.02,0,0
S108182,U15840,2026-06-17,Organic Search,Product Details,Desktop,UK,Returning,2.17,2.1,76.13,0,0
S102829,U12280,2026-06-17,Direct,Product Details,Desktop,USA,New,4.49,2.9,57.93,0,0
S102827,U13898,2026-06-17,Paid Search,Pricing,Mobile,India,New,7.23,6.0,50.13,1,100
S101594,U13664,2026-06-17,Organic Search,Services,Mobile,India,Returning,10.32,7.4,41.25,1,100
S106658,U14933,2026-06-17,Referral,Product Details,Mobile,India,New,1.65,1.5,72.63,0,0
S103155,U15469,2026-06-17,Referral,FAQ,Tablet,USA,Returning,15.85,11.5,24.07,0,0
S109862,U12603,2026-06-17,Referral,Pricing,Mobile,Australia,New,15.13,10.1,16.16,0,0
S104556,U12872,2026-06-17,Paid Search,Products,Desktop,India,Returning,5.58,4.7,45.86,0,0
S102380,U13569,2026-06-17,Paid Search,Services,Desktop,USA,Returning,2.43,2.6,67.08,1,100
S104619,U13833,2026-06-17,Referral,FAQ,Mobile,India,New,0.3,1.2,74.68,0,0
S105587,U11263,2026-06-17,Referral,Pricing,Desktop,India,Returning,1.87,2.7,75.5,0,0
S101913,U10907,2026-06-17,Referral,Products,Desktop,India,New,8.84,4.9,55.04,0,0
S109223,U12510,2026-06-17,Organic Search,Blog,Desktop,India,Returning,2.5,2.5,63.38,0,0
S105508,U15233,2026-06-17,Direct,Products,Mobile,India,New,5.3,3.6,65.7,0,0
S103040,U13896,2026-06-17,Organic Search,About Us,Mobile,India,New,2.47,1.0,68.05,0,0
S104439,U16455,2026-06-17,Direct,Contact Us,Mobile,India,New,2.08,2.2,55.67,0,0
S107063,U15792,2026-06-17,Social Media,Products,Mobile,India,New,5.41,4.6,59.29,0,0
S106464,U12489,2026-06-17,Paid Search,Products,Desktop,Canada,New,3.01,1.4,66.45,0,0
S109772,U12908,2026-06-17,Organic Search,Services,Mobile,Australia,New,1.84,1.8,56.48,0,0
S105844,U12984,2026-06-17,Referral,Blog,Tablet,UK,New,7.21,5.1,52.85,0,0
S103073,U12814,2026-06-17,Paid Search,About Us,Desktop,India,New,4.56,1.1,66.23,0,0
S100946,U14189,2026-06-17,Direct,Checkout,Mobile,USA,New,3.88,3.2,63.73,1,100
S103084,U15998,2026-06-17,Paid Search,Contact Us,Desktop,India,Returning,13.3,8.7,53.9,0,0
S101244,U12675,2026-06-17,Paid Search,FAQ,Mobile,UK,New,2.63,3.0,65.9,0,0
S108472,U11849,2026-06-17,Social Media,Contact Us,Desktop,India,Returning,11.39,8.1,29.2,0,0
S107590,U16002,2026-06-17,Direct,Home,Mobile,India,New,1.87,3.7,69.15,0,0
S109740,U15087,2026-06-17,Organic Search,Pricing,Mobile,USA,Returning,7.41,4.3,59.28,0,0
S109939,U15561,2026-06-17,Direct,FAQ,Desktop,India,New,1.45,3.2,71.77,0,0
S107806,U13904,2026-06-17,Direct,Services,Desktop,India,Returning,2.98,4.7,63.45,0,0
S106988,U10035,2026-06-17,Organic Search,Pricing,Mobile,UK,New,4.9,5.3,46.45,0,0
S108100,U11470,2026-06-17,Organic Search,Checkout,Mobile,Canada,New,6.75,5.3,63.15,0,0
S104212,U14073,2026-06-17,Organic Search,Blog,Desktop,Australia,New,7.92,5.0,65.7,0,0
S104746,U11908,2026-06-17,Referral,Product Details,Mobile,India,New,4.91,3.4,60.74,0,0
S104712,U11662,2026-06-17,Referral,Contact Us,Desktop,India,New,6.14,4.3,57.65,0,0
S104236,U15924,2026-06-17,Referral,Products,Mobile,UK,Returning,3.57,4.3,41.69,0,0
S100891,U12123,2026-06-17,Organic Search,Contact Us,Mobile,Australia,New,13.09,7.9,12.04,0,0
S103653,U14698,2026-06-18,Organic Search,Services,Tablet,India,New,9.72,6.8,34.81,0,0
S103606,U15526,2026-06-18,Organic Search,Home,Mobile,India,Returning,7.66,3.9,49.84,0,0
S106399,U15556,2026-06-18,Organic Search,Blog,Mobile,India,Returning,10.01,6.2,40.33,0,0
S106511,U10012,2026-06-18,Direct,Home,Desktop,India,Returning,2.28,2.4,71.63,0,0
S100873,U12166,2026-06-18,Organic Search,Pricing,Desktop,India,Returning,9.04,4.1,35.48,0,0
S108011,U15274,2026-06-18,Organic Search,Home,Mobile,India,New,6.34,4.0,39.7,0,0
S109684,U10613,2026-06-18,Organic Search,Product Details,Mobile,USA,Returning,2.06,1.0,74.46,0,0
S107425,U11812,2026-06-18,Referral,FAQ,Mobile,India,Returning,3.74,2.1,57.8,0,0
S107339,U12245,2026-06-18,Organic Search,Blog,Desktop,USA,New,2.91,1.1,66.25,0,0
S107326,U10199,2026-06-18,Organic Search,Product Details,Tablet,India,New,2.59,2.1,74.36,0,0
S100527,U13507,2026-06-18,Direct,Product Details,Mobile,Australia,Returning,1.73,1.0,57.17,1,100
S104769,U11000,2026-06-18,Social Media,Products,Mobile,USA,Returning,11.35,7.6,44.51,1,100
S100717,U15302,2026-06-18,Organic Search,Product Details,Mobile,Canada,New,12.48,8.2,39.14,0,0
S107172,U13297,2026-06-18,Direct,Blog,Tablet,India,New,4.32,2.4,56.02,0,0
S105522,U12325,2026-06-18,Referral,Services,Desktop,India,New,9.61,5.7,47.81,0,0
S105626,U15002,2026-06-18,Organic Search,Contact Us,Mobile,Canada,New,3.69,3.5,72.74,0,0
S107692,U16363,2026-06-18,Direct,Pricing,Desktop,India,New,3.83,3.1,69.49,0,0
S105874,U10072,2026-06-18,Paid Search,Home,Mobile,India,Returning,1.5,3.6,50.32,0,0
S100883,U11849,2026-06-18,Paid Search,Products,Mobile,Australia,New,16.32,11.5,24.01,0,0
S105909,U13221,2026-06-18,Referral,Product Details,Mobile,India,New,9.25,6.4,35.44,0,0
S105923,U14034,2026-06-18,Organic Search,Services,Desktop,India,New,15.03,10.0,34.9,0,0
S100910,U12181,2026-06-18,Direct,Product Details,Tablet,India,New,5.49,4.4,52.74,0,0
S104166,U12449,2026-06-18,Organic Search,Home,Tablet,UK,New,4.12,2.7,65.84,0,0
S105979,U11978,2026-06-18,Organic Search,FAQ,Desktop,UK,Returning,1.8,1.0,76.34,0,0
S105995,U12231,2026-06-18,Direct,About Us,Mobile,India,Returning,4.8,5.6,68.21,0,0
S106245,U11448,2026-06-18,Organic Search,Services,Mobile,UK,New,9.24,5.5,60.18,0,0
S101948,U16447,2026-06-18,Social Media,Products,Tablet,India,New,5.56,3.4,69.27,0,0
S106614,U14806,2026-06-18,Direct,Services,Mobile,India,New,7.23,5.1,62.85,0,0
S102121,U10307,2026-06-18,Organic Search,Product Details,Mobile,India,New,1.5,2.9,69.94,0,0
S102199,U12279,2026-06-18,Paid Search,Pricing,Mobile,India,New,7.17,5.5,47.91,0,0
S108682,U10418,2026-06-18,Referral,Home,Mobile,India,Returning,2.84,3.9,68.13,0,0
S103066,U13293,2026-06-18,Social Media,Blog,Desktop,India,New,1.5,3.0,64.72,0,0
S102464,U10036,2026-06-18,Referral,Contact Us,Desktop,India,New,4.7,3.4,65.61,1,100
S102271,U13829,2026-06-18,Organic Search,About Us,Mobile,India,New,5.76,4.3,71.23,0,0
S103213,U16107,2026-06-18,Social Media,About Us,Desktop,India,Returning,3.62,4.2,52.03,0,0
S101362,U10990,2026-06-18,Organic Search,Checkout,Mobile,India,Returning,5.0,5.2,48.58,1,100
S102048,U10002,2026-06-18,Paid Search,Contact Us,Mobile,UK,Returning,6.44,4.9,53.78,0,0
S101375,U13496,2026-06-18,Direct,Checkout,Desktop,India,New,5.27,6.3,41.8,0,0
S109074,U11355,2026-06-18,Social Media,Blog,Desktop,India,Returning,2.86,3.6,65.29,0,0
S108744,U13833,2026-06-18,Referral,Product Details,Mobile,Australia,New,7.11,6.0,57.58,0,0
S102995,U13301,2026-06-18,Organic Search,Blog,Mobile,UK,New,4.36,1.9,61.2,0,0
S102395,U12864,2026-06-18,Paid Search,Home,Mobile,India,New,2.53,1.8,64.63,0,0
S101925,U13357,2026-06-18,Organic Search,Home,Mobile,Australia,New,3.66,3.2,60.15,0,0
S108456,U13368,2026-06-18,Organic Search,Blog,Mobile,India,Returning,6.14,4.2,62.38,0,0
S106170,U12092,2026-06-19,Paid Search,Home,Desktop,USA,Returning,5.86,5.7,53.5,0,0
S100518,U15309,2026-06-19,Organic Search,FAQ,Mobile,Australia,Returning,4.56,3.8,68.77,0,0
S104118,U12308,2026-06-19,Paid Search,Pricing,Desktop,UK,New,1.5,1.0,77.3,0,0
S103184,U12462,2026-06-19,Paid Search,About Us,Mobile,Australia,Returning,8.1,4.6,44.87,0,0
S107256,U13987,2026-06-19,Organic Search,Home,Mobile,UK,New,8.36,4.3,52.69,0,0
S104234,U11752,2026-06-19,Organic Search,Product Details,Mobile,UK,New,7.52,5.1,47.79,0,0
S103665,U15669,2026-06-19,Organic Search,Home,Desktop,India,New,1.22,2.9,84.22,0,0
S101457,U15030,2026-06-19,Direct,Home,Desktop,USA,New,5.59,5.9,55.18,0,0
S100219,U11292,2026-06-19,Direct,Services,Mobile,India,New,9.18,6.9,28.26,0,0
S109508,U14930,2026-06-19,Paid Search,Checkout,Mobile,India,Returning,4.45,3.8,69.33,1,100
S103824,U14913,2026-06-19,Organic Search,FAQ,Desktop,Canada,New,5.67,3.8,61.02,0,0
S109937,U14783,2026-06-19,Organic Search,FAQ,Mobile,India,New,1.52,2.2,81.31,0,0
S109076,U15078,2026-06-19,Referral,FAQ,Desktop,India,New,6.24,3.6,57.29,0,0
S100149,U14494,2026-06-19,Organic Search,Services,Mobile,India,New,8.63,5.1,39.51,0,0
S108069,U10740,2026-06-19,Organic Search,Product Details,Tablet,UK,New,9.6,4.5,50.23,1,100
S109778,U13568,2026-06-19,Social Media,Home,Desktop,India,New,2.87,1.2,69.08,0,0
S100921,U12594,2026-06-19,Organic Search,Home,Mobile,India,New,0.73,2.4,59.32,0,0
S109752,U13931,2026-06-19,Referral,Services,Mobile,India,New,6.91,6.4,47.97,1,100
S100732,U10456,2026-06-19,Social Media,Pricing,Mobile,India,Returning,13.25,7.7,24.78,1,100
S106942,U15218,2026-06-19,Organic Search,Home,Desktop,India,New,6.08,5.0,48.73,0,0
S103444,U16050,2026-06-19,Referral,About Us,Mobile,India,Returning,3.7,1.4,60.92,0,0
S101515,U16137,2026-06-19,Organic Search,Blog,Desktop,USA,New,13.97,10.4,23.5,0,0
S104695,U11753,2026-06-19,Paid Search,Contact Us,Mobile,India,Returning,8.66,5.1,61.12,0,0
S102946,U14876,2026-06-19,Paid Search,Pricing,Mobile,India,New,1.33,1.6,71.74,0,0
S102909,U10781,2026-06-19,Paid Search,Checkout,Desktop,Australia,New,4.71,1.5,70.09,0,0
S103264,U14294,2026-06-19,Organic Search,Blog,Desktop,India,Returning,3.48,2.7,68.82,0,0
S107626,U10052,2026-06-19,Direct,Home,Mobile,USA,Returning,3.63,4.9,56.37,0,0
S102132,U14131,2026-06-19,Organic Search,Home,Mobile,India,New,17.06,12.6,19.6,0,0
S104825,U16433,2026-06-19,Direct,Pricing,Mobile,India,New,2.95,3.3,67.89,0,0
S104476,U13116,2026-06-19,Paid Search,Products,Desktop,India,New,9.27,6.7,52.81,0,0
S100872,U14534,2026-06-19,Organic Search,Checkout,Mobile,India,New,8.35,4.2,57.17,0,0
S100621,U16336,2026-06-19,Organic Search,Contact Us,Desktop,India,New,1.39,2.6,60.33,0,0
S106036,U11687,2026-06-19,Referral,Product Details,Mobile,India,New,10.8,7.6,47.98,0,0
S109012,U16158,2026-06-19,Organic Search,Pricing,Desktop,India,New,1.21,2.2,86.91,0,0
S106810,U16223,2026-06-19,Paid Search,FAQ,Mobile,India,New,6.04,4.9,57.79,0,0
S108899,U15231,2026-06-19,Social Media,Services,Mobile,India,New,1.81,1.6,84.67,0,0
S108960,U10208,2026-06-19,Organic Search,Checkout,Desktop,UK,New,2.35,1.0,67.75,0,0
S101606,U15209,2026-06-19,Paid Search,Checkout,Mobile,USA,Returning,5.78,4.7,48.14,0,0
S104109,U11590,2026-06-19,Organic Search,FAQ,Mobile,USA,Returning,5.41,3.4,62.87,0,0
S103045,U15252,2026-06-19,Social Media,Product Details,Tablet,India,New,7.94,6.3,42.35,0,0
S106442,U11874,2026-06-19,Referral,Checkout,Mobile,India,Returning,5.41,3.1,71.68,0,0
S104863,U12435,2026-06-19,Organic Search,Blog,Desktop,USA,Returning,4.49,3.9,65.73,0,0
S109666,U12446,2026-06-19,Organic Search,FAQ,Mobile,USA,New,0.96,2.0,75.19,0,0
S104636,U11988,2026-06-20,Organic Search,About Us,Desktop,India,Returning,1.08,1.6,80.26,0,0
S103989,U14977,2026-06-20,Paid Search,Checkout,Tablet,India,Returning,8.61,4.8,59.74,0,0
S105893,U11592,2026-06-20,Referral,Checkout,Desktop,USA,New,5.54,3.8,60.05,0,0
S100228,U14098,2026-06-20,Social Media,About Us,Mobile,India,New,5.08,4.2,59.26,0,0
S105963,U10184,2026-06-20,Referral,Products,Mobile,USA,New,6.0,4.8,47.34,0,0
S108888,U12420,2026-06-20,Paid Search,Home,Desktop,India,New,13.2,8.9,31.55,0,0
S106029,U10091,2026-06-20,Social Media,Checkout,Mobile,India,New,1.5,3.3,56.93,1,100
S104220,U14425,2026-06-20,Paid Search,Products,Desktop,India,Returning,2.06,2.7,73.92,0,0
S107831,U14824,2026-06-20,Direct,Product Details,Desktop,UK,New,5.65,4.1,67.89,0,0
S102972,U13679,2026-06-20,Paid Search,Home,Tablet,India,New,5.65,3.7,53.73,1,100
S104733,U12231,2026-06-20,Paid Search,Home,Mobile,USA,New,7.73,6.1,45.97,1,100
S107498,U15481,2026-06-20,Organic Search,Services,Mobile,India,New,1.56,1.1,70.05,0,0
S104524,U14370,2026-06-20,Organic Search,Home,Desktop,Canada,New,4.1,4.0,60.18,0,0
S101590,U13895,2026-06-20,Direct,Checkout,Mobile,India,New,4.1,3.1,57.61,0,0
S107479,U14511,2026-06-20,Organic Search,Services,Mobile,Canada,New,8.3,6.0,65.26,0,0
S107454,U15418,2026-06-20,Social Media,FAQ,Desktop,Australia,New,11.56,9.4,36.02,0,0
S100612,U10413,2026-06-20,Organic Search,Blog,Desktop,UK,New,9.91,4.5,46.94,0,0
S104968,U10151,2026-06-20,Organic Search,Home,Mobile,UK,New,7.62,3.6,61.85,0,0
S104400,U12646,2026-06-20,Paid Search,Services,Desktop,India,New,15.71,8.5,39.64,0,0
S102691,U15773,2026-06-20,Organic Search,FAQ,Desktop,Australia,New,3.23,3.5,66.93,0,0
S104393,U12784,2026-06-20,Direct,Services,Desktop,USA,Returning,4.34,4.6,62.49,1,100
S109696,U14318,2026-06-20,Organic Search,Products,Mobile,India,Returning,1.99,3.0,67.53,0,0
S101665,U10739,2026-06-20,Direct,Home,Mobile,India,New,1.2,1.0,70.31,0,0
S102620,U15281,2026-06-20,Paid Search,Products,Desktop,UK,Returning,0.69,2.2,85.58,0,0
S105295,U13307,2026-06-20,Organic Search,About Us,Mobile,India,Returning,6.32,4.8,52.67,0,0
S100479,U15223,2026-06-20,Organic Search,Blog,Desktop,India,New,7.49,5.0,35.74,0,0
S101711,U14495,2026-06-20,Referral,Blog,Mobile,India,Returning,2.1,3.7,61.36,0,0
S109260,U16380,2026-06-20,Paid Search,Product Details,Desktop,India,New,3.27,2.5,65.72,0,0
S102416,U11005,2026-06-20,Referral,Services,Mobile,Australia,New,4.71,4.7,74.98,0,0
S108740,U10355,2026-06-20,Paid Search,Pricing,Desktop,USA,New,5.32,3.3,64.31,1,100
S104088,U14728,2026-06-20,Organic Search,Pricing,Mobile,India,New,8.98,5.3,43.69,0,0
S108270,U16480,2026-06-20,Direct,Home,Desktop,Canada,New,3.16,4.3,56.67,0,0
S101604,U10710,2026-06-20,Organic Search,Home,Mobile,India,New,3.38,3.2,57.38,0,0
S100321,U11446,2026-06-20,Referral,Products,Desktop,India,New,3.4,2.9,52.4,0,0
S108237,U11799,2026-06-20,Organic Search,Services,Desktop,Canada,New,2.45,2.4,65.12,0,0
S102017,U11390,2026-06-20,Referral,Contact Us,Desktop,India,New,3.35,3.0,76.62,0,0
S103780,U10375,2026-06-20,Paid Search,Contact Us,Desktop,India,New,17.6,11.2,20.88,1,100
S106712,U11973,2026-06-20,Direct,About Us,Desktop,India,New,0.3,1.0,72.26,0,0
S109302,U10058,2026-06-20,Organic Search,Pricing,Desktop,India,New,2.66,3.8,45.53,0,0
S101988,U13900,2026-06-20,Organic Search,Products,Mobile,India,New,6.29,3.0,54.6,0,0
S102037,U15792,2026-06-20,Direct,Product Details,Desktop,India,New,5.48,6.4,53.24,0,0
S109008,U14710,2026-06-20,Paid Search,Services,Mobile,Australia,New,0.96,1.0,82.28,0,0
S108107,U16410,2026-06-20,Organic Search,Services,Mobile,India,New,3.81,1.6,66.51,0,0
S101105,U16234,2026-06-20,Paid Search,Products,Tablet,India,Returning,9.61,6.5,64.22,0,0
S109388,U12721,2026-06-20,Organic Search,Checkout,Desktop,India,New,3.96,2.6,64.83,0,0
S101880,U10572,2026-06-20,Social Media,About Us,Desktop,India,Returning,4.05,3.7,57.91,0,0
S108188,U15113,2026-06-20,Direct,About Us,Mobile,India,Returning,2.08,1.8,66.62,0,0
S108894,U12069,2026-06-20,Organic Search,Blog,Mobile,India,New,4.44,3.5,47.02,0,0
S108236,U10760,2026-06-20,Direct,About Us,Tablet,Canada,New,4.73,4.3,63.24,0,0
S100137,U10805,2026-06-21,Direct,Services,Desktop,India,New,5.07,5.6,42.82,0,0
S101892,U11041,2026-06-21,Social Media,Product Details,Desktop,UK,New,2.61,2.8,55.22,0,0
S103678,U15003,2026-06-21,Paid Search,Product Details,Desktop,India,New,3.24,3.8,65.4,0,0
S103147,U13921,2026-06-21,Organic Search,Products,Mobile,India,New,8.49,6.3,41.97,0,0
S108613,U12476,2026-06-21,Paid Search,Pricing,Mobile,UK,New,5.63,3.6,68.16,0,0
S105536,U11679,2026-06-21,Paid Search,Checkout,Desktop,India,Returning,4.55,3.9,62.47,0,0
S105093,U15431,2026-06-21,Referral,Home,Desktop,Canada,New,6.15,3.2,49.76,1,100
S103772,U15625,2026-06-21,Organic Search,Services,Tablet,India,New,7.89,7.7,34.27,1,100
S108102,U11681,2026-06-21,Organic Search,Checkout,Tablet,India,New,12.6,8.4,35.33,0,0
S101213,U12205,2026-06-21,Organic Search,Blog,Tablet,USA,Returning,5.36,5.2,51.88,0,0
S107724,U11105,2026-06-21,Organic Search,Pricing,Desktop,India,New,7.79,6.6,43.06,0,0
S106795,U10921,2026-06-21,Organic Search,Product Details,Mobile,India,New,7.93,7.4,49.17,0,0
S108662,U15004,2026-06-21,Paid Search,About Us,Desktop,India,New,2.74,1.0,55.78,0,0
S102400,U14761,2026-06-21,Direct,About Us,Mobile,India,Returning,5.69,5.3,51.22,1,100
S101159,U13851,2026-06-21,Paid Search,Home,Mobile,India,New,7.36,5.7,50.05,0,0
S101205,U15743,2026-06-21,Referral,FAQ,Tablet,India,New,0.97,3.3,81.21,0,0
S105028,U12818,2026-06-21,Direct,Services,Desktop,USA,New,1.54,1.3,63.57,0,0
S100478,U10005,2026-06-21,Organic Search,Blog,Desktop,India,New,3.14,1.4,69.32,0,0
S104214,U12258,2026-06-21,Organic Search,About Us,Mobile,UK,Returning,4.18,3.7,71.75,1,100
S103595,U16376,2026-06-21,Referral,Home,Mobile,USA,New,7.26,4.2,48.26,0,0
S103616,U15481,2026-06-21,Referral,Checkout,Mobile,India,New,3.05,3.8,53.98,0,0
S108434,U14327,2026-06-21,Organic Search,Product Details,Mobile,India,Returning,4.13,3.4,43.79,0,0
S104647,U13415,2026-06-21,Organic Search,Home,Desktop,Canada,New,4.4,2.7,64.5,0,0
S103486,U12455,2026-06-21,Direct,Products,Desktop,India,New,4.12,2.2,70.71,0,0
S106592,U12896,2026-06-21,Paid Search,Home,Desktop,India,New,10.41,6.1,41.2,0,0
S104677,U10521,2026-06-21,Organic Search,Checkout,Mobile,India,Returning,5.95,4.9,56.68,0,0
S106633,U16011,2026-06-21,Organic Search,Checkout,Mobile,India,Returning,20.51,11.3,15.65,1,100
S104720,U15261,2026-06-21,Referral,Product Details,Mobile,India,New,3.34,3.4,50.7,0,0
S106637,U10865,2026-06-21,Organic Search,Blog,Tablet,India,New,2.15,3.1,58.59,0,0
S102956,U14759,2026-06-21,Organic Search,Blog,Mobile,Australia,Returning,2.04,2.0,60.09,0,0
S103524,U14883,2026-06-21,Referral,Pricing,Mobile,India,New,7.84,5.7,52.16,0,0
S109342,U12014,2026-06-21,Paid Search,Blog,Tablet,Canada,New,2.62,1.9,63.43,0,0
S107502,U11725,2026-06-21,Social Media,FAQ,Mobile,India,New,5.71,5.7,58.05,0,0
S103023,U12548,2026-06-21,Paid Search,Products,Mobile,UK,Returning,7.87,5.8,45.73,0,0
S104833,U13475,2026-06-21,Organic Search,Home,Mobile,India,New,12.63,9.6,38.44,0,0
S101588,U10330,2026-06-21,Direct,Services,Tablet,UK,New,10.26,6.9,52.15,0,0
S109347,U14988,2026-06-21,Referral,Checkout,Desktop,India,Returning,2.95,3.1,60.01,0,0
S103565,U11493,2026-06-21,Paid Search,Checkout,Desktop,India,Returning,4.47,3.6,61.36,0,0
S108416,U14158,2026-06-21,Organic Search,Pricing,Desktop,USA,Returning,8.01,5.6,53.0,1,100
S108220,U15032,2026-06-21,Paid Search,Product Details,Desktop,India,New,2.87,3.1,76.58,0,0
S100821,U15125,2026-06-21,Paid Search,Blog,Desktop,India,New,5.59,3.3,60.31,0,0
S108553,U15671,2026-06-21,Organic Search,Product Details,Tablet,USA,New,4.79,1.7,71.97,0,0
S108130,U13866,2026-06-21,Organic Search,FAQ,Tablet,USA,New,8.89,6.9,61.63,1,100
S104975,U12785,2026-06-21,Organic Search,Pricing,Desktop,India,Returning,1.47,2.2,61.67,0,0
S107406,U11463,2026-06-21,Referral,Contact Us,Desktop,India,New,3.21,3.0,73.55,0,0
S107135,U11192,2026-06-21,Paid Search,Product Details,Mobile,India,New,2.06,3.0,71.25,1,100
S109507,U11239,2026-06-21,Referral,Services,Desktop,India,New,6.32,4.5,51.43,0,0
S106808,U13165,2026-06-21,Organic Search,Pricing,Desktop,UK,Returning,7.47,5.2,57.42,0,0
S109820,U11738,2026-06-21,Paid Search,Blog,Mobile,Australia,New,9.03,5.2,53.2,1,100
S108921,U10581,2026-06-21,Direct,Product Details,Mobile,India,New,2.8,3.6,46.88,1,100
S108802,U12489,2026-06-21,Organic Search,Pricing,Mobile,USA,New,1.82,2.1,74.48,0,0
S102285,U14313,2026-06-21,Social Media,Home,Mobile,India,New,3.16,3.4,77.84,0,0
S106986,U12396,2026-06-21,Direct,FAQ,Desktop,Australia,New,10.42,6.0,32.18,1,100
S106162,U12467,2026-06-21,Social Media,Home,Mobile,UK,New,2.57,4.1,54.97,0,0
S106801,U10798,2026-06-21,Organic Search,About Us,Mobile,Australia,New,6.31,5.3,58.68,0,0
S107907,U14504,2026-06-21,Referral,Contact Us,Desktop,India,Returning,7.75,6.3,56.6,0,0
S105901,U14918,2026-06-21,Paid Search,Services,Desktop,USA,Returning,1.24,2.6,67.2,0,0
S106964,U14529,2026-06-21,Referral,Pricing,Tablet,India,Returning,4.36,2.3,57.65,0,0
S108012,U14501,2026-06-21,Organic Search,Home,Mobile,India,Returning,6.51,5.0,53.5,0,0
S101021,U16289,2026-06-21,Organic Search,Services,Mobile,India,New,5.92,4.7,48.01,0,0
S100268,U11370,2026-06-21,Organic Search,Contact Us,Desktop,India,New,11.52,9.7,38.49,0,0
S108002,U14474,2026-06-21,Organic Search,Home,Tablet,India,New,6.22,3.6,69.35,1,100
S106857,U10756,2026-06-21,Paid Search,Product Details,Desktop,India,New,0.52,1.0,82.3,1,100
S106915,U10405,2026-06-21,Organic Search,FAQ,Desktop,India,New,3.78,3.8,59.73,0,0
S102173,U13624,2026-06-21,Paid Search,FAQ,Desktop,India,New,5.14,5.4,62.98,0,0
S103238,U11939,2026-06-21,Referral,Services,Mobile,India,Returning,4.98,6.0,51.25,0,0
S103950,U15702,2026-06-21,Social Media,Checkout,Desktop,India,New,4.76,4.0,68.07,0,0
S109876,U12973,2026-06-21,Organic Search,Blog,Mobile,USA,Returning,10.56,6.1,34.93,0,0
S103866,U10786,2026-06-21,Organic Search,Pricing,Mobile,USA,Returning,7.18,5.0,51.73,1,100
S105772,U13683,2026-06-21,Direct,Home,Tablet,India,Returning,2.93,2.7,68.42,0,0
S100950,U13123,2026-06-21,Referral,Services,Desktop,India,New,3.52,2.7,54.47,0,0
S106973,U10480,2026-06-21,Organic Search,Products,Desktop,UK,New,12.92,9.7,32.5,0,0
S102344,U15209,2026-06-21,Paid Search,Blog,Mobile,India,Returning,5.44,4.7,51.37,0,0
S105679,U15948,2026-06-21,Organic Search,About Us,Tablet,Canada,New,2.68,2.5,72.45,0,0
S100379,U14755,2026-06-21,Paid Search,About Us,Desktop,India,New,3.0,2.0,79.11,0,0
S105671,U14582,2026-06-21,Organic Search,Home,Mobile,India,Returning,2.45,3.4,52.95,0,0
S100945,U10667,2026-06-21,Referral,Services,Mobile,India,New,1.18,2.8,53.17,0,0
S108040,U10871,2026-06-21,Paid Search,Products,Desktop,Canada,Returning,4.88,4.1,50.66,0,0
S106315,U11358,2026-06-22,Paid Search,About Us,Mobile,India,Returning,4.01,3.4,65.47,1,100
S102864,U15331,2026-06-22,Paid Search,Product Details,Mobile,India,New,8.15,4.9,65.12,0,0
S105496,U15742,2026-06-22,Organic Search,Pricing,Mobile,India,Returning,3.98,4.5,57.62,0,0
S103117,U12449,2026-06-22,Social Media,Blog,Mobile,India,New,2.57,2.4,62.49,0,0
S101581,U14198,2026-06-22,Organic Search,Product Details,Desktop,India,New,8.77,6.7,25.81,0,0
S106139,U10407,2026-06-22,Social Media,Pricing,Mobile,India,New,2.03,3.7,66.3,0,0
S104864,U14874,2026-06-22,Direct,Pricing,Desktop,USA,New,9.28,5.3,59.87,0,0
S105952,U12864,2026-06-22,Referral,Services,Mobile,Canada,New,2.22,2.5,54.94,0,0
S101795,U15722,2026-06-22,Paid Search,Home,Mobile,India,Returning,3.25,2.1,62.64,0,0
S107445,U16145,2026-06-22,Organic Search,Blog,Mobile,India,New,1.68,2.7,66.37,0,0
S109559,U13999,2026-06-22,Organic Search,Contact Us,Mobile,India,Returning,5.45,3.5,54.88,0,0
S101959,U13599,2026-06-22,Direct,Product Details,Tablet,India,New,1.83,2.6,68.09,0,0
S106569,U12661,2026-06-22,Social Media,Checkout,Mobile,India,New,3.99,4.2,58.31,0,0
S104528,U12004,2026-06-22,Organic Search,Blog,Mobile,India,Returning,3.99,5.1,48.16,0,0
S101320,U10475,2026-06-22,Organic Search,Pricing,Mobile,India,New,10.96,6.9,53.44,0,0
S104813,U13105,2026-06-22,Paid Search,Home,Desktop,India,New,10.81,7.3,34.88,0,0
S107507,U11025,2026-06-22,Organic Search,Services,Desktop,India,Returning,7.17,5.3,60.44,0,0
S109479,U13369,2026-06-22,Social Media,About Us,Desktop,Australia,Returning,12.5,9.0,25.17,0,0
S102398,U11948,2026-06-22,Organic Search,Services,Mobile,India,New,1.72,1.3,65.33,0,0
S102957,U16380,2026-06-22,Organic Search,Home,Tablet,India,New,2.86,2.2,78.5,0,0
S105652,U12149,2026-06-22,Organic Search,Products,Desktop,India,New,1.36,1.8,80.13,0,0
S102167,U14282,2026-06-22,Organic Search,Services,Tablet,India,New,7.13,5.1,38.81,0,0
S108200,U16234,2026-06-22,Referral,Services,Desktop,India,New,5.18,3.0,69.09,1,100
S103856,U14341,2026-06-22,Social Media,Products,Mobile,India,Returning,0.72,1.0,60.31,0,0
S102362,U13713,2026-06-22,Organic Search,Checkout,Desktop,USA,New,10.75,8.6,34.61,1,100
S106049,U13309,2026-06-22,Paid Search,Home,Mobile,UK,Returning,5.58,3.5,55.97,0,0
S106069,U14940,2026-06-22,Organic Search,Product Details,Tablet,India,Returning,6.15,3.6,57.94,0,0
S105438,U10299,2026-06-22,Organic Search,Contact Us,Desktop,India,Returning,6.08,2.2,64.65,0,0
S107676,U15081,2026-06-22,Organic Search,Pricing,Desktop,India,New,9.63,7.4,40.86,0,0
S104004,U15846,2026-06-22,Organic Search,Blog,Desktop,Canada,New,6.31,4.2,57.1,0,0
S104115,U10053,2026-06-22,Organic Search,Blog,Mobile,USA,New,2.3,2.9,73.92,0,0
S109739,U12682,2026-06-22,Direct,Home,Desktop,India,Returning,5.7,4.7,58.28,0,0
S107074,U10323,2026-06-22,Referral,Blog,Mobile,India,Returning,3.63,3.5,60.08,0,0
S109735,U11145,2026-06-22,Referral,Checkout,Tablet,India,Returning,13.31,10.5,35.65,0,0
S101851,U12130,2026-06-22,Direct,Pricing,Desktop,India,Returning,1.46,1.8,58.76,0,0
S102327,U16084,2026-06-22,Referral,FAQ,Desktop,India,Returning,8.1,4.8,40.64,0,0
S109310,U16430,2026-06-22,Organic Search,Blog,Desktop,Australia,New,7.42,6.1,42.49,0,0
S108936,U10387,2026-06-22,Paid Search,About Us,Desktop,India,New,2.04,1.6,63.4,0,0
S108938,U13461,2026-06-22,Organic Search,Home,Mobile,UK,Returning,16.22,8.7,16.7,0,0
S104069,U10358,2026-06-22,Referral,Home,Mobile,India,Returning,4.47,3.8,57.25,0,0
S102644,U10262,2026-06-22,Paid Search,Home,Desktop,India,Returning,4.76,5.7,49.19,0,0
S109088,U14072,2026-06-22,Paid Search,About Us,Mobile,India,Returning,12.35,6.8,29.96,0,0
S106417,U13940,2026-06-22,Social Media,Blog,Desktop,Canada,New,7.17,4.5,55.59,0,0
S106077,U15565,2026-06-22,Organic Search,Pricing,Desktop,India,New,6.29,4.9,51.7,1,100
S104359,U12410,2026-06-22,Organic Search,FAQ,Desktop,UK,New,5.23,4.1,69.74,0,0
S108931,U12133,2026-06-22,Direct,About Us,Desktop,Australia,New,1.46,1.0,76.49,0,0
S105430,U11206,2026-06-22,Organic Search,Contact Us,Desktop,Australia,Returning,3.21,4.4,69.45,0,0
S106828,U11465,2026-06-22,Direct,FAQ,Tablet,India,New,3.44,5.1,41.57,0,0
S106189,U10808,2026-06-22,Organic Search,Product Details,Desktop,Australia,Returning,10.79,7.5,44.44,0,0
S108941,U15821,2026-06-22,Referral,Checkout,Desktop,Australia,New,4.53,5.7,67.94,0,0
S103807,U10007,2026-06-22,Referral,Blog,Desktop,India,New,3.41,3.5,69.94,0,0
S105321,U13613,2026-06-23,Organic Search,Products,Mobile,India,New,8.17,5.2,51.15,0,0
S107187,U15552,2026-06-23,Direct,Blog,Mobile,Australia,Returning,5.95,4.5,49.71,0,0
S106870,U13103,2026-06-23,Direct,Product Details,Mobile,Canada,Returning,2.63,3.4,66.06,0,0
S109668,U12836,2026-06-23,Direct,Services,Desktop,India,New,1.97,3.1,56.85,1,100
S107563,U14253,2026-06-23,Social Media,Contact Us,Desktop,India,New,2.04,3.4,48.03,0,0
S102165,U14851,2026-06-23,Direct,FAQ,Mobile,India,New,3.01,3.4,48.55,1,100
S105291,U12891,2026-06-23,Paid Search,Blog,Mobile,USA,Returning,3.21,2.1,73.98,0,0
S106452,U15922,2026-06-23,Direct,Pricing,Mobile,India,Returning,9.5,4.5,55.72,0,0
S102501,U13041,2026-06-23,Paid Search,Services,Desktop,India,Returning,2.11,1.8,88.56,0,0
S107040,U11518,2026-06-23,Paid Search,Home,Mobile,India,New,2.62,2.1,61.27,0,0
S101722,U15422,2026-06-23,Direct,Products,Desktop,Canada,New,8.85,8.0,43.13,0,0
S106128,U14751,2026-06-23,Direct,About Us,Mobile,India,New,2.18,1.6,79.28,0,0
S102178,U13592,2026-06-23,Organic Search,Blog,Mobile,India,Returning,4.64,2.2,68.41,0,0
S107474,U10116,2026-06-23,Social Media,Blog,Mobile,India,Returning,2.37,2.7,63.33,0,0
S106412,U13970,2026-06-23,Social Media,Contact Us,Mobile,India,Returning,6.22,4.7,32.24,0,0
S109329,U14546,2026-06-23,Organic Search,Contact Us,Desktop,India,Returning,1.75,1.1,89.06,0,0
S106525,U10298,2026-06-23,Organic Search,Product Details,Desktop,India,New,4.55,1.9,57.26,0,0
S105114,U12309,2026-06-23,Referral,Blog,Mobile,Australia,New,4.09,3.1,61.62,0,0
S105397,U14934,2026-06-23,Organic Search,Pricing,Mobile,UK,New,2.47,2.8,75.28,0,0
S100047,U13557,2026-06-23,Referral,Product Details,Mobile,UK,Returning,8.96,7.3,44.63,0,0
S105978,U15315,2026-06-23,Organic Search,Pricing,Mobile,India,Returning,2.79,1.9,71.04,0,0
S106235,U11658,2026-06-23,Organic Search,Home,Mobile,India,New,4.08,1.5,73.96,0,0
S102134,U16237,2026-06-23,Paid Search,Product Details,Mobile,India,New,6.7,4.1,59.22,0,0
S109496,U12025,2026-06-23,Direct,About Us,Mobile,Australia,Returning,1.53,2.6,57.06,0,0
S103803,U11944,2026-06-23,Social Media,Services,Desktop,India,New,6.7,5.3,46.01,0,0
S103563,U14590,2026-06-23,Social Media,Pricing,Desktop,India,New,2.84,4.2,65.49,0,0
S104082,U12556,2026-06-23,Direct,Pricing,Mobile,UK,New,4.84,5.2,54.03,0,0
S109552,U14363,2026-06-23,Referral,Pricing,Tablet,India,Returning,7.81,5.3,50.27,1,100
S104085,U12952,2026-06-23,Organic Search,Home,Mobile,India,New,3.98,3.1,62.06,0,0
S107693,U16069,2026-06-23,Organic Search,Products,Mobile,India,New,6.08,3.7,44.63,0,0
S108239,U12972,2026-06-23,Social Media,Home,Desktop,Australia,Returning,6.05,5.7,49.26,0,0
S107892,U16124,2026-06-23,Organic Search,Home,Desktop,India,New,2.38,1.0,70.77,0,0
S103684,U13240,2026-06-23,Paid Search,Blog,Mobile,India,Returning,9.47,5.3,53.56,1,100
S103340,U15224,2026-06-23,Referral,Pricing,Desktop,UK,Returning,0.49,1.8,71.59,0,0
S103235,U13671,2026-06-23,Paid Search,Product Details,Mobile,UK,New,5.03,4.5,64.21,0,0
S108256,U15357,2026-06-23,Direct,FAQ,Mobile,India,New,5.55,3.9,56.99,0,0
S104319,U14553,2026-06-23,Direct,Products,Mobile,India,New,1.39,3.2,70.16,0,0
S104184,U15905,2026-06-23,Organic Search,Product Details,Mobile,India,New,4.26,3.9,57.63,0,0
S103096,U12067,2026-06-23,Paid Search,Contact Us,Mobile,India,Returning,6.84,4.0,59.39,0,0
S109224,U15017,2026-06-23,Direct,Services,Mobile,India,New,9.02,5.5,43.0,0,0
S101020,U14633,2026-06-23,Direct,Blog,Mobile,USA,New,11.45,7.8,32.44,0,0
S108660,U12858,2026-06-24,Referral,FAQ,Mobile,Australia,Returning,7.35,4.5,58.05,0,0
S102701,U13725,2026-06-24,Direct,Home,Mobile,India,New,2.44,1.5,58.06,0,0
S103293,U14628,2026-06-24,Social Media,Home,Desktop,Canada,New,4.19,3.3,53.05,0,0
S108768,U15945,2026-06-24,Paid Search,Services,Tablet,India,Returning,3.35,1.8,60.13,0,0
S102725,U11951,2026-06-24,Paid Search,Product Details,Desktop,Canada,New,6.93,5.0,49.41,0,0
S105667,U13374,2026-06-24,Organic Search,Blog,Mobile,Canada,New,4.58,3.1,54.52,0,0
S104902,U12306,2026-06-24,Social Media,FAQ,Mobile,Canada,Returning,6.83,4.9,36.44,1,100
S104894,U14169,2026-06-24,Referral,Contact Us,Mobile,India,Returning,6.49,4.0,51.36,1,100
S106013,U15885,2026-06-24,Paid Search,Product Details,Desktop,USA,New,1.45,1.0,93.57,0,0
S106206,U14267,2026-06-24,Organic Search,Blog,Mobile,India,Returning,2.15,3.1,61.58,0,0
S104877,U14765,2026-06-24,Organic Search,Checkout,Desktop,India,New,1.56,3.8,70.15,0,0
S109872,U11858,2026-06-24,Organic Search,Product Details,Tablet,USA,Returning,4.17,3.0,62.87,0,0
S105319,U15331,2026-06-24,Direct,FAQ,Mobile,India,New,4.74,2.3,48.93,0,0
S102063,U10106,2026-06-24,Organic Search,Blog,Mobile,UK,New,8.8,7.2,46.66,0,0
S100616,U10676,2026-06-24,Direct,Checkout,Mobile,Australia,Returning,6.94,4.1,68.02,1,100
S100939,U12948,2026-06-24,Referral,About Us,Tablet,India,Returning,3.94,4.0,56.16,0,0
S101208,U12036,2026-06-24,Referral,Contact Us,Desktop,USA,New,2.79,3.4,62.08,0,0
S101356,U11725,2026-06-24,Paid Search,Home,Desktop,Australia,Returning,3.63,2.4,52.7,0,0
S108610,U16065,2026-06-24,Organic Search,Products,Mobile,India,Returning,3.02,3.6,61.46,0,0
S108047,U14310,2026-06-24,Direct,Pricing,Desktop,India,Returning,5.4,5.4,52.85,0,0
S106236,U12542,2026-06-24,Organic Search,Products,Mobile,India,New,5.22,3.4,61.2,0,0
S107273,U12041,2026-06-24,Referral,Product Details,Mobile,USA,Returning,1.11,2.6,87.35,0,0
S105197,U12688,2026-06-24,Social Media,Checkout,Desktop,India,New,7.8,5.6,57.82,1,100
S102552,U12473,2026-06-24,Direct,Products,Desktop,India,Returning,1.4,3.0,67.3,0,0
S108072,U12260,2026-06-24,Organic Search,Home,Desktop,India,New,4.6,4.8,56.58,0,0
S101685,U14793,2026-06-24,Referral,Pricing,Mobile,India,New,2.06,3.7,66.5,1,100
S101158,U15469,2026-06-24,Paid Search,Checkout,Desktop,UK,Returning,7.15,5.3,53.96,0,0
S103703,U15463,2026-06-24,Organic Search,FAQ,Mobile,India,Returning,6.84,4.6,50.49,0,0
S108926,U10230,2026-06-24,Organic Search,FAQ,Mobile,India,New,10.75,5.4,44.72,0,0
S107031,U15832,2026-06-24,Direct,About Us,Tablet,Australia,New,5.55,5.7,47.86,0,0
S100901,U11332,2026-06-24,Social Media,FAQ,Mobile,India,New,3.53,3.9,67.26,0,0
S103123,U12011,2026-06-24,Organic Search,Services,Mobile,India,Returning,9.79,6.1,53.81,0,0
S104265,U12006,2026-06-24,Organic Search,Blog,Mobile,India,New,5.21,4.2,54.64,0,0
S106345,U16406,2026-06-24,Paid Search,Product Details,Mobile,India,Returning,8.91,6.8,35.83,0,0
S107824,U13189,2026-06-24,Paid Search,Blog,Desktop,Australia,New,2.14,2.6,76.29,0,0
S105450,U16001,2026-06-24,Organic Search,Products,Desktop,India,Returning,3.28,1.8,65.4,0,0
S104853,U14777,2026-06-24,Direct,Checkout,Desktop,India,Returning,4.32,4.0,60.63,0,0
S101481,U14034,2026-06-24,Organic Search,Services,Mobile,India,Returning,4.43,2.9,70.47,0,0
S108336,U14087,2026-06-24,Organic Search,Home,Desktop,UK,New,2.82,2.1,59.39,0,0
S104799,U10113,2026-06-24,Social Media,Services,Mobile,India,New,5.37,4.4,57.49,0,0
S103411,U11155,2026-06-24,Referral,About Us,Mobile,India,Returning,17.73,10.6,18.66,0,0
S101451,U14567,2026-06-24,Paid Search,Product Details,Desktop,USA,New,2.02,3.5,56.28,0,0
S104595,U16017,2026-06-24,Organic Search,Home,Tablet,India,New,3.39,3.1,76.59,0,0
S103216,U16098,2026-06-24,Social Media,Pricing,Desktop,India,Returning,2.56,2.9,59.09,0,0
S104725,U12293,2026-06-24,Social Media,Home,Tablet,Australia,New,7.8,5.7,61.46,0,0
S108496,U15725,2026-06-24,Organic Search,About Us,Mobile,UK,Returning,13.36,7.3,34.85,0,0
S103521,U15495,2026-06-24,Paid Search,Product Details,Desktop,USA,Returning,2.1,3.5,76.11,0,0
S102248,U13569,2026-06-24,Paid Search,Services,Desktop,India,Returning,9.19,7.3,54.71,0,0
S102175,U12959,2026-06-24,Organic Search,Home,Mobile,India,New,0.52,1.0,68.37,0,0
S105924,U11574,2026-06-24,Direct,Checkout,Tablet,UK,New,7.89,5.4,51.99,1,100
S104053,U10414,2026-06-24,Paid Search,Pricing,Tablet,India,New,2.9,3.3,73.36,0,0
S108800,U12495,2026-06-24,Referral,Products,Desktop,India,New,5.76,2.8,62.25,0,0
S100303,U13109,2026-06-24,Paid Search,FAQ,Mobile,India,Returning,7.31,4.3,43.13,0,0
S108799,U13881,2026-06-24,Direct,About Us,Mobile,India,Returning,7.67,3.0,60.19,0,0
S100070,U16350,2026-06-24,Paid Search,About Us,Desktop,India,New,3.32,3.2,60.39,0,0
S102201,U13156,2026-06-24,Paid Search,Products,Desktop,India,New,7.86,4.4,54.02,0,0
S101447,U13595,2026-06-24,Referral,Blog,Desktop,India,New,19.12,13.5,10.0,0,0
S103995,U15133,2026-06-25,Paid Search,Blog,Mobile,India,New,5.36,3.6,57.33,0,0
S104182,U13608,2026-06-25,Paid Search,Blog,Tablet,India,New,3.58,4.4,69.52,0,0
S104233,U13977,2026-06-25,Referral,Contact Us,Desktop,India,New,6.96,5.3,49.88,0,0
S106982,U11903,2026-06-25,Referral,Product Details,Desktop,India,New,5.58,4.0,56.72,0,0
S108736,U15905,2026-06-25,Referral,Contact Us,Mobile,USA,New,2.71,3.3,51.64,0,0
S101706,U14389,2026-06-25,Direct,Pricing,Mobile,India,Returning,3.68,6.1,53.84,0,0
S105168,U10137,2026-06-25,Paid Search,Services,Mobile,India,New,10.43,4.5,58.5,1,100
S106285,U15650,2026-06-25,Paid Search,FAQ,Desktop,India,New,2.47,3.6,65.1,0,0
S103431,U15434,2026-06-25,Organic Search,Blog,Tablet,USA,New,2.89,3.4,66.53,0,0
S100683,U10954,2026-06-25,Direct,FAQ,Desktop,India,Returning,2.88,4.1,64.33,0,0
S103099,U15470,2026-06-25,Social Media,Blog,Desktop,USA,New,3.51,2.7,68.19,0,0
S104281,U13905,2026-06-25,Paid Search,Pricing,Desktop,India,New,2.23,3.1,69.03,0,0
S107908,U11213,2026-06-25,Paid Search,Product Details,Desktop,UK,Returning,11.15,5.3,55.84,0,0
S106203,U14232,2026-06-25,Referral,Checkout,Tablet,India,Returning,4.22,3.1,66.94,0,0
S109766,U15302,2026-06-25,Organic Search,Home,Desktop,Canada,New,5.35,5.9,47.6,1,100
S107914,U12490,2026-06-25,Direct,Home,Mobile,India,New,9.72,4.7,62.35,1,100
S109719,U13676,2026-06-25,Direct,Services,Mobile,India,New,0.78,2.8,71.46,0,0
S106604,U14219,2026-06-25,Paid Search,Contact Us,Mobile,India,New,3.55,3.4,71.12,0,0
S100009,U15335,2026-06-25,Referral,Pricing,Desktop,USA,New,3.22,1.3,81.28,1,100
S109605,U12018,2026-06-25,Direct,Services,Tablet,Australia,Returning,5.57,5.1,56.82,0,0
S104666,U12709,2026-06-25,Direct,FAQ,Mobile,India,Returning,2.06,2.5,56.98,0,0
S100509,U10513,2026-06-25,Social Media,Product Details,Tablet,Australia,Returning,4.33,4.1,58.37,0,0
S100754,U11853,2026-06-25,Organic Search,Product Details,Mobile,India,Returning,2.58,1.2,66.04,0,0
S102242,U13179,2026-06-25,Direct,Products,Desktop,USA,Returning,7.08,6.0,55.21,0,0
S108715,U13558,2026-06-25,Organic Search,FAQ,Mobile,UK,Returning,8.58,5.3,39.46,1,100
S107276,U12648,2026-06-25,Organic Search,Product Details,Desktop,UK,Returning,6.38,4.2,54.09,0,0
S108549,U15493,2026-06-25,Organic Search,Products,Desktop,Australia,New,5.1,3.4,58.46,0,0
S105553,U11320,2026-06-25,Referral,Product Details,Desktop,Australia,New,5.46,4.3,51.58,0,0
S104540,U15386,2026-06-25,Direct,Services,Desktop,India,Returning,3.1,3.6,65.19,0,0
S104152,U15739,2026-06-25,Paid Search,Product Details,Mobile,India,Returning,1.75,1.4,73.49,0,0
S107854,U10913,2026-06-25,Organic Search,Product Details,Mobile,India,New,2.68,4.2,68.36,1,100
S105316,U13572,2026-06-25,Organic Search,Products,Mobile,India,Returning,7.25,7.5,45.88,0,0
S106024,U12673,2026-06-25,Organic Search,Products,Tablet,India,Returning,2.92,2.4,70.65,1,100
S107954,U12330,2026-06-25,Direct,Products,Desktop,India,New,2.23,4.1,55.44,0,0
S107060,U12227,2026-06-25,Referral,Products,Desktop,India,Returning,3.41,4.0,67.65,0,0
S104437,U16418,2026-06-25,Organic Search,Product Details,Desktop,USA,New,4.85,3.1,65.53,0,0
S100320,U15540,2026-06-25,Organic Search,Products,Mobile,Canada,Returning,2.54,1.3,62.78,0,0
S103949,U15114,2026-06-25,Referral,Checkout,Desktop,Australia,New,5.15,2.8,66.41,0,0
S102857,U14328,2026-06-25,Referral,Home,Desktop,India,New,5.34,3.3,55.17,0,0
S100816,U11945,2026-06-25,Paid Search,Services,Desktop,India,New,2.99,4.1,68.61,0,0
S102841,U16231,2026-06-25,Social Media,Product Details,Mobile,India,New,6.0,3.2,51.75,0,0
S104475,U10086,2026-06-25,Organic Search,Home,Desktop,India,Returning,1.57,1.9,65.77,0,0
S107869,U15524,2026-06-25,Organic Search,Home,Desktop,India,Returning,3.27,4.1,67.52,0,0
S106906,U15662,2026-06-25,Direct,Home,Desktop,India,New,3.17,3.0,74.87,0,0
S106434,U15670,2026-06-25,Paid Search,Contact Us,Desktop,UK,New,4.32,3.9,57.72,0,0
S104849,U10518,2026-06-25,Referral,Home,Desktop,India,Returning,0.98,1.7,74.84,0,0
S107015,U16471,2026-06-25,Organic Search,Blog,Mobile,USA,Returning,3.15,4.1,60.22,0,0
S107423,U15448,2026-06-25,Direct,Checkout,Desktop,India,Returning,7.43,4.7,56.77,0,0
S108224,U12592,2026-06-25,Referral,Blog,Desktop,Australia,New,14.72,10.1,41.39,0,0
S107500,U15608,2026-06-25,Referral,Contact Us,Tablet,UK,New,5.0,3.9,75.1,0,0
S101631,U14823,2026-06-25,Organic Search,Home,Desktop,India,New,9.03,4.5,53.46,0,0
S107129,U13198,2026-06-25,Paid Search,Pricing,Tablet,India,New,4.98,2.7,50.5,0,0
S107375,U14313,2026-06-25,Direct,Products,Desktop,India,New,7.7,7.0,33.63,1,100
S104149,U10668,2026-06-25,Referral,Product Details,Desktop,USA,Returning,3.25,3.5,65.22,0,0
S101045,U12363,2026-06-25,Direct,Home,Desktop,UK,Returning,1.96,3.7,68.93,0,0
S100220,U13582,2026-06-25,Social Media,Product Details,Desktop,India,New,1.91,1.3,73.56,0,0
S104801,U13198,2026-06-25,Paid Search,Pricing,Desktop,UK,New,6.06,6.1,52.36,0,0
S102142,U10159,2026-06-25,Direct,FAQ,Mobile,India,New,1.37,1.0,76.27,0,0
S100052,U16311,2026-06-25,Referral,Product Details,Desktop,UK,New,9.37,5.8,43.34,0,0
S104809,U12617,2026-06-25,Direct,Checkout,Desktop,Australia,New,3.51,3.1,69.33,0,0
S104399,U13646,2026-06-25,Organic Search,Pricing,Mobile,India,New,7.41,5.2,44.83,0,0
S100323,U13924,2026-06-26,Organic Search,FAQ,Desktop,USA,Returning,6.26,4.0,46.87,0,0
S102396,U15570,2026-06-26,Paid Search,Product Details,Tablet,India,New,3.41,3.7,61.27,0,0
S105794,U13478,2026-06-26,Organic Search,Checkout,Desktop,India,New,4.23,3.0,67.99,0,0
S101135,U16040,2026-06-26,Paid Search,Product Details,Desktop,India,New,1.28,1.0,85.2,0,0
S106067,U12012,2026-06-26,Organic Search,Product Details,Tablet,India,Returning,3.49,3.5,58.95,0,0
S100916,U12833,2026-06-26,Organic Search,Services,Desktop,India,Returning,5.47,5.0,39.88,0,0
S109113,U15159,2026-06-26,Organic Search,FAQ,Desktop,USA,New,24.11,14.4,14.2,1,100
S103105,U10831,2026-06-26,Paid Search,Product Details,Desktop,India,New,8.48,4.7,62.9,0,0
S109868,U14492,2026-06-26,Organic Search,About Us,Mobile,India,New,1.27,1.0,83.64,0,0
S107083,U13341,2026-06-26,Social Media,Home,Mobile,India,New,8.52,6.5,37.08,0,0
S101757,U12738,2026-06-26,Organic Search,Home,Mobile,India,New,5.12,3.3,75.62,0,0
S103211,U10690,2026-06-26,Organic Search,FAQ,Desktop,India,New,7.15,5.8,53.68,0,0
S100296,U13644,2026-06-26,Referral,Product Details,Desktop,Canada,New,13.39,9.6,39.18,0,0
S101723,U13416,2026-06-26,Organic Search,Blog,Desktop,Australia,New,5.14,5.6,65.13,0,0
S103842,U10443,2026-06-26,Direct,Contact Us,Mobile,UK,New,4.59,4.3,68.06,0,0
S107999,U10143,2026-06-26,Organic Search,Contact Us,Mobile,India,New,6.43,4.2,41.94,0,0
S105570,U12924,2026-06-26,Organic Search,Home,Desktop,India,Returning,3.45,2.9,66.99,0,0
S101003,U12798,2026-06-26,Organic Search,Checkout,Desktop,India,New,3.21,4.8,68.34,0,0
S109218,U14068,2026-06-26,Referral,About Us,Tablet,Canada,New,1.93,2.8,60.6,0,0
S100096,U10338,2026-06-26,Organic Search,Blog,Mobile,India,New,4.51,3.9,79.89,0,0
S101361,U13213,2026-06-26,Direct,Services,Desktop,India,New,7.53,6.7,32.93,0,0
S106344,U11882,2026-06-26,Organic Search,Pricing,Mobile,India,Returning,1.99,3.4,50.56,0,0
S109531,U11564,2026-06-26,Paid Search,About Us,Desktop,UK,New,7.4,5.6,49.68,1,100
S106678,U13967,2026-06-26,Paid Search,Services,Mobile,USA,New,1.54,1.5,66.26,0,0
S107704,U16315,2026-06-26,Organic Search,Home,Mobile,India,New,3.15,3.1,59.5,0,0
S109945,U15991,2026-06-26,Organic Search,Home,Mobile,USA,Returning,2.17,2.9,84.13,0,0
S108394,U10754,2026-06-26,Referral,Services,Desktop,India,New,4.68,1.7,68.99,0,0
S101905,U13748,2026-06-26,Organic Search,FAQ,Mobile,India,New,4.33,1.4,61.57,0,0
S103019,U13138,2026-06-26,Referral,Services,Mobile,India,Returning,2.15,3.1,73.42,0,0
S104484,U13327,2026-06-26,Direct,FAQ,Desktop,UK,Returning,5.24,4.4,50.86,0,0
S108133,U12839,2026-06-26,Referral,Services,Tablet,USA,New,2.39,3.9,78.82,0,0
S109554,U10611,2026-06-26,Organic Search,Checkout,Mobile,India,Returning,1.05,2.9,59.21,0,0
S100095,U16440,2026-06-26,Direct,Services,Desktop,India,New,7.72,5.9,63.08,0,0
S101338,U16321,2026-06-26,Social Media,Checkout,Mobile,India,New,5.21,5.3,70.44,0,0
S106418,U10045,2026-06-26,Organic Search,About Us,Mobile,Australia,New,2.8,1.9,61.37,0,0
S103672,U10183,2026-06-26,Direct,Checkout,Mobile,UK,New,3.96,2.4,66.9,0,0
S106648,U13981,2026-06-26,Direct,Pricing,Desktop,India,Returning,8.64,4.9,49.81,1,100
S104419,U16194,2026-06-26,Referral,Products,Desktop,Canada,New,5.68,5.6,65.35,0,0
S101477,U13281,2026-06-26,Organic Search,Products,Desktop,UK,New,3.64,1.5,66.33,0,0
S104611,U10279,2026-06-26,Organic Search,Services,Mobile,UK,New,3.85,1.8,77.14,0,0
S108461,U15966,2026-06-26,Paid Search,Products,Desktop,India,New,5.55,4.0,62.91,0,0
S105279,U12371,2026-06-26,Social Media,Contact Us,Mobile,Australia,New,4.0,3.2,81.58,1,100
S103490,U12598,2026-06-26,Referral,FAQ,Desktop,India,New,3.77,5.2,48.54,0,0
S101480,U12600,2026-06-26,Paid Search,Home,Desktop,India,New,5.87,3.4,61.13,0,0
S100482,U10877,2026-06-26,Direct,Checkout,Desktop,India,Returning,8.27,4.7,53.56,0,0
S109728,U11125,2026-06-26,Referral,Blog,Mobile,India,New,1.67,1.0,67.62,0,0
S101496,U12176,2026-06-27,Social Media,Checkout,Desktop,Canada,Returning,3.06,2.9,72.3,1,100
S107451,U13625,2026-06-27,Direct,About Us,Mobile,UK,New,7.63,5.1,44.72,0,0
S102148,U12780,2026-06-27,Organic Search,Contact Us,Tablet,Canada,New,6.75,4.9,57.05,0,0
S109443,U10251,2026-06-27,Social Media,Home,Desktop,Australia,New,4.21,4.2,59.78,0,0
S104630,U14308,2026-06-27,Organic Search,Home,Desktop,India,New,4.01,2.0,55.28,0,0
S106706,U16332,2026-06-27,Referral,Services,Mobile,India,Returning,9.18,6.0,60.77,0,0
S109969,U10872,2026-06-27,Social Media,Home,Mobile,India,New,6.69,4.0,60.23,0,0
S107062,U15275,2026-06-27,Social Media,Blog,Mobile,USA,New,3.71,2.2,68.55,0,0
S107029,U11232,2026-06-27,Paid Search,Blog,Tablet,UK,New,3.85,4.6,49.66,0,0
S103181,U11432,2026-06-27,Organic Search,Pricing,Desktop,India,New,4.78,3.2,60.78,0,0
S108171,U13880,2026-06-27,Paid Search,Checkout,Desktop,India,Returning,4.6,4.5,50.74,1,100
S104827,U15204,2026-06-27,Organic Search,Blog,Tablet,USA,New,2.06,2.9,56.81,1,100
S107570,U16241,2026-06-27,Direct,FAQ,Mobile,India,New,8.85,5.0,43.95,0,0
S101954,U15507,2026-06-27,Paid Search,Product Details,Desktop,UK,New,5.95,5.0,61.21,0,0
S100788,U14469,2026-06-27,Organic Search,Contact Us,Desktop,Australia,Returning,2.96,3.8,58.07,0,0
S108297,U10422,2026-06-27,Paid Search,Blog,Desktop,India,New,9.86,6.7,56.12,0,0
S108816,U16358,2026-06-27,Paid Search,Products,Desktop,India,New,7.8,7.1,45.31,0,0
S107522,U14646,2026-06-27,Paid Search,Home,Mobile,India,New,2.54,3.3,59.74,0,0
S102947,U11257,2026-06-27,Social Media,Home,Desktop,India,New,5.46,2.3,68.57,0,0
S101915,U16223,2026-06-27,Direct,FAQ,Mobile,India,Returning,4.82,5.4,65.31,0,0
S107540,U14944,2026-06-27,Referral,Checkout,Desktop,India,Returning,1.04,2.7,74.29,0,0
S108424,U10580,2026-06-27,Referral,Services,Desktop,USA,Returning,2.08,3.0,76.93,0,0
S101512,U10610,2026-06-27,Paid Search,Products,Mobile,India,Returning,5.39,3.5,59.43,0,0
S108823,U10049,2026-06-27,Paid Search,About Us,Mobile,India,Returning,1.62,1.1,78.68,0,0
S104429,U11276,2026-06-27,Referral,Product Details,Mobile,Australia,New,0.74,1.6,64.83,0,0
S104049,U13607,2026-06-27,Paid Search,About Us,Mobile,India,Returning,5.15,3.9,74.14,0,0
S102891,U13633,2026-06-27,Paid Search,Home,Tablet,India,New,3.35,2.5,65.89,0,0
S104699,U12537,2026-06-27,Direct,FAQ,Tablet,USA,New,7.3,3.9,44.95,0,0
S109196,U13666,2026-06-27,Direct,Checkout,Desktop,Canada,New,5.92,5.4,51.63,0,0
S109087,U11508,2026-06-27,Organic Search,Pricing,Mobile,India,New,4.78,4.4,65.98,0,0
S104688,U10153,2026-06-27,Organic Search,Blog,Mobile,UK,New,2.3,1.5,59.23,0,0
S101985,U16060,2026-06-27,Social Media,Home,Desktop,Canada,New,4.8,4.9,61.17,0,0
S101507,U14053,2026-06-27,Social Media,Services,Mobile,Canada,Returning,3.75,1.6,84.44,0,0
S102463,U15048,2026-06-27,Paid Search,Home,Desktop,USA,Returning,4.84,3.3,71.24,0,0
S101148,U13531,2026-06-27,Paid Search,Products,Mobile,India,New,2.86,3.3,62.09,0,0
S107231,U11908,2026-06-27,Organic Search,Product Details,Mobile,India,Returning,2.46,3.2,56.31,0,0
S100500,U10117,2026-06-27,Organic Search,Home,Tablet,USA,New,14.84,10.6,23.86,0,0
S103827,U10576,2026-06-27,Paid Search,Products,Mobile,UK,New,4.06,3.8,58.33,1,100
S109500,U14017,2026-06-27,Paid Search,Home,Desktop,India,Returning,2.47,3.7,59.56,0,0
S102120,U12336,2026-06-27,Paid Search,FAQ,Desktop,India,New,1.4,2.3,73.88,0,0
S106133,U11269,2026-06-27,Organic Search,Pricing,Desktop,India,New,4.27,1.0,63.69,0,0
S108861,U13934,2026-06-27,Direct,Home,Mobile,UK,New,6.12,6.1,39.54,0,0
S103747,U12715,2026-06-27,Referral,About Us,Mobile,India,Returning,6.56,4.2,62.08,1,100
S106262,U15055,2026-06-27,Paid Search,Products,Desktop,Canada,Returning,8.4,4.9,54.77,0,0
S106771,U11913,2026-06-27,Referral,Services,Desktop,Australia,New,5.48,5.7,42.21,0,0
S109704,U11448,2026-06-27,Organic Search,Services,Desktop,India,Returning,4.23,3.7,48.15,1,100
S107707,U10535,2026-06-27,Organic Search,Checkout,Tablet,India,New,0.81,1.3,71.62,0,0
S105542,U12478,2026-06-27,Social Media,Products,Mobile,UK,New,17.36,12.1,15.33,0,0
S102677,U10793,2026-06-27,Organic Search,Checkout,Mobile,UK,New,7.51,3.9,60.79,0,0
S106348,U14587,2026-06-27,Organic Search,Checkout,Mobile,USA,Returning,1.79,2.0,67.79,0,0
S106332,U14906,2026-06-27,Organic Search,Blog,Desktop,India,New,5.19,6.3,51.95,0,0
S100259,U13273,2026-06-27,Paid Search,Blog,Desktop,India,Returning,4.75,5.3,49.54,0,0
S105582,U14926,2026-06-27,Organic Search,Home,Mobile,Australia,Returning,1.79,1.0,70.42,0,0
S103928,U13731,2026-06-27,Referral,Checkout,Desktop,USA,New,5.16,4.0,45.35,0,0
S108343,U15327,2026-06-27,Direct,Pricing,Tablet,India,New,15.94,11.3,28.76,0,0
S104935,U10176,2026-06-27,Organic Search,FAQ,Mobile,India,New,4.21,2.1,54.59,0,0
S109269,U12162,2026-06-27,Direct,Blog,Mobile,India,New,2.09,3.1,67.03,0,0
S100838,U11634,2026-06-27,Organic Search,Checkout,Mobile,India,New,6.63,3.1,58.86,0,0
S105659,U14262,2026-06-27,Direct,FAQ,Desktop,India,New,2.48,3.4,62.16,0,0
S101621,U13158,2026-06-27,Paid Search,Pricing,Mobile,Australia,Returning,8.92,4.9,64.17,0,0
S107393,U13775,2026-06-27,Referral,Services,Mobile,India,Returning,5.7,4.6,50.26,0,0
S106602,U10663,2026-06-28,Organic Search,About Us,Desktop,India,New,5.98,6.2,49.73,0,0
S106178,U12403,2026-06-28,Social Media,Product Details,Desktop,India,Returning,9.3,7.2,45.72,0,0
S108996,U11418,2026-06-28,Direct,Blog,Desktop,India,New,4.98,2.2,75.52,0,0
S102082,U15980,2026-06-28,Paid Search,About Us,Desktop,UK,New,3.01,1.4,66.11,0,0
S103808,U13268,2026-06-28,Organic Search,Home,Mobile,India,Returning,13.67,9.0,42.11,0,0
S106026,U11327,2026-06-28,Paid Search,Services,Mobile,India,Returning,4.1,3.6,51.79,1,100
S102118,U12357,2026-06-28,Paid Search,Services,Mobile,Australia,New,7.73,4.1,56.25,0,0
S108043,U15517,2026-06-28,Social Media,Product Details,Mobile,India,New,3.09,3.8,61.24,0,0
S100255,U11931,2026-06-28,Social Media,Home,Mobile,India,New,5.57,5.1,47.04,0,0
S102095,U13386,2026-06-28,Direct,Product Details,Mobile,USA,New,6.77,4.5,59.46,0,0
S106379,U10090,2026-06-28,Referral,Home,Mobile,India,Returning,7.74,3.7,55.19,0,0
S105985,U14201,2026-06-28,Referral,FAQ,Mobile,India,Returning,7.0,5.8,44.82,0,0
S106889,U16397,2026-06-28,Paid Search,Home,Mobile,India,Returning,3.36,4.1,76.36,0,0
S108282,U12804,2026-06-28,Organic Search,About Us,Desktop,Canada,New,13.74,8.6,34.91,0,0
S108898,U14043,2026-06-28,Organic Search,Pricing,Tablet,India,Returning,3.31,3.2,61.86,0,0
S108142,U12624,2026-06-28,Organic Search,Home,Mobile,USA,New,2.94,2.7,58.89,0,0
S101247,U11835,2026-06-28,Paid Search,Services,Mobile,India,New,5.6,6.2,54.86,0,0
S109359,U12259,2026-06-28,Organic Search,Home,Mobile,India,New,3.3,3.0,74.16,0,0
S103865,U15828,2026-06-28,Social Media,Contact Us,Desktop,Australia,Returning,5.24,4.4,54.89,0,0
S109298,U12400,2026-06-28,Social Media,Product Details,Mobile,India,New,3.23,3.5,67.22,0,0
S103639,U11456,2026-06-28,Direct,Product Details,Mobile,India,New,7.56,5.3,42.41,0,0
S109366,U12461,2026-06-28,Paid Search,Pricing,Desktop,India,Returning,4.99,4.2,66.97,1,100
S103874,U11937,2026-06-28,Paid Search,Home,Desktop,India,New,6.51,4.2,43.51,0,0
S101809,U16368,2026-06-28,Paid Search,Products,Mobile,India,Returning,2.24,2.6,73.18,0,0
S109011,U14255,2026-06-28,Paid Search,About Us,Mobile,India,New,2.11,2.5,66.51,0,0
S109101,U11604,2026-06-28,Organic Search,Checkout,Mobile,India,New,4.44,4.1,53.09,0,0
S101304,U16031,2026-06-28,Referral,Services,Desktop,UK,Returning,2.37,1.6,87.3,0,0
S109246,U15842,2026-06-28,Organic Search,Products,Mobile,India,New,3.17,1.5,73.5,0,0
S105579,U14724,2026-06-28,Organic Search,Home,Desktop,UK,Returning,6.65,5.2,62.78,0,0
S100856,U12049,2026-06-28,Organic Search,Home,Desktop,India,Returning,13.96,8.2,37.57,0,0
S107247,U11762,2026-06-28,Referral,Products,Mobile,India,Returning,7.16,4.4,52.37,0,0
S100601,U11626,2026-06-28,Paid Search,About Us,Mobile,USA,New,5.78,4.1,53.7,0,0
S104907,U16105,2026-06-28,Paid Search,Contact Us,Mobile,USA,New,2.81,1.9,65.24,1,100
S105618,U11095,2026-06-28,Paid Search,Pricing,Mobile,India,New,2.42,3.6,81.29,0,0
S104448,U10797,2026-06-28,Direct,Product Details,Mobile,Australia,Returning,5.05,4.2,47.04,0,0
S105170,U13006,2026-06-28,Direct,Pricing,Mobile,India,New,0.58,1.8,71.1,0,0
S103028,U12614,2026-06-28,Organic Search,Products,Mobile,India,Returning,4.69,3.2,53.9,0,0
S102684,U16480,2026-06-28,Organic Search,Contact Us,Mobile,India,New,3.36,1.6,71.87,0,0
S106927,U13957,2026-06-28,Direct,About Us,Mobile,India,Returning,4.51,4.2,67.84,0,0
S105091,U16297,2026-06-28,Organic Search,Services,Desktop,Canada,Returning,7.58,6.2,52.98,0,0
S102541,U11191,2026-06-28,Organic Search,Checkout,Desktop,India,Returning,4.86,4.0,48.49,0,0
S104205,U15778,2026-06-28,Organic Search,Home,Desktop,UK,Returning,8.69,4.8,63.43,0,0
S105265,U16260,2026-06-28,Referral,About Us,Desktop,Canada,New,5.06,3.0,55.69,0,0
S102467,U13958,2026-06-28,Organic Search,Home,Desktop,USA,New,4.41,1.8,68.55,0,0
S107260,U11463,2026-06-28,Referral,FAQ,Mobile,India,New,9.18,6.2,63.95,0,0
S107509,U15566,2026-06-28,Direct,Product Details,Tablet,India,New,2.95,3.1,58.57,0,0
S105411,U15711,2026-06-28,Social Media,Services,Desktop,India,New,8.13,4.6,57.13,1,100
S103000,U16273,2026-06-28,Paid Search,Home,Desktop,India,Returning,3.8,2.7,70.27,0,0
S103196,U12015,2026-06-28,Organic Search,Home,Desktop,India,New,10.15,7.0,41.15,0,0
S101883,U12085,2026-06-29,Direct,Home,Desktop,India,Returning,1.43,2.5,56.84,0,0
S108692,U13635,2026-06-29,Referral,FAQ,Mobile,USA,New,2.07,2.2,72.32,0,0
S101368,U12080,2026-06-29,Paid Search,Checkout,Desktop,USA,Returning,5.53,4.3,52.82,0,0
S102476,U16285,2026-06-29,Organic Search,Checkout,Mobile,Australia,Returning,2.58,3.5,69.16,0,0
S101666,U13242,2026-06-29,Direct,FAQ,Mobile,Canada,Returning,4.21,2.8,67.45,0,0
S104353,U10278,2026-06-29,Referral,Pricing,Desktop,India,New,1.71,3.8,61.99,0,0
S109251,U10461,2026-06-29,Referral,Services,Desktop,Canada,Returning,2.77,1.6,66.87,0,0
S106272,U14052,2026-06-29,Organic Search,Products,Desktop,Canada,New,2.45,2.9,75.11,0,0
S105187,U14016,2026-06-29,Social Media,Home,Tablet,India,New,2.76,1.0,66.69,0,0
S105115,U10087,2026-06-29,Organic Search,Product Details,Desktop,India,New,14.62,8.7,37.19,0,0
S102549,U15473,2026-06-29,Direct,FAQ,Mobile,USA,New,3.2,3.7,65.63,0,0
S100112,U15249,2026-06-29,Paid Search,FAQ,Tablet,India,New,3.03,3.8,65.67,0,0
S102685,U14918,2026-06-29,Organic Search,Contact Us,Mobile,USA,New,10.82,7.3,46.93,1,100
S104662,U12552,2026-06-29,Referral,Blog,Desktop,India,New,1.95,2.7,60.3,0,0
S109586,U13458,2026-06-29,Referral,FAQ,Desktop,India,New,8.31,5.7,48.2,0,0
S108455,U13517,2026-06-29,Organic Search,Home,Desktop,Australia,Returning,2.15,1.0,75.62,0,0
S101286,U13368,2026-06-29,Organic Search,Product Details,Tablet,India,New,3.0,2.2,73.48,0,0
S106589,U15540,2026-06-29,Organic Search,Product Details,Tablet,Canada,New,8.51,5.2,46.22,0,0
S101275,U13877,2026-06-29,Social Media,About Us,Desktop,India,Returning,1.9,2.7,57.44,0,0
S109579,U10341,2026-06-29,Paid Search,Services,Desktop,USA,New,2.77,2.2,85.22,0,0
S106533,U12351,2026-06-29,Referral,Home,Desktop,India,Returning,6.78,5.2,61.83,0,0
S108999,U13876,2026-06-29,Paid Search,Home,Desktop,India,New,0.32,1.7,75.39,0,0
S109576,U11413,2026-06-29,Organic Search,Product Details,Mobile,India,New,3.83,3.6,55.82,1,100
S104552,U12781,2026-06-29,Direct,Blog,Mobile,USA,New,3.72,4.6,42.09,0,0
S101982,U16343,2026-06-29,Paid Search,Services,Mobile,India,Returning,3.25,1.6,58.71,0,0
S109230,U16404,2026-06-29,Direct,Checkout,Mobile,India,New,5.34,3.7,55.34,0,0
S102818,U13192,2026-06-29,Organic Search,Home,Desktop,India,Returning,2.38,5.0,52.0,0,0
S102791,U12443,2026-06-29,Organic Search,Services,Mobile,India,New,3.37,2.9,58.24,0,0
S109353,U11353,2026-06-29,Referral,Home,Desktop,UK,Returning,8.0,5.7,51.14,0,0
S103587,U13660,2026-06-29,Paid Search,Product Details,Desktop,India,Returning,4.67,1.7,67.76,0,0
S109655,U13299,2026-06-29,Paid Search,Product Details,Desktop,India,Returning,9.34,5.2,53.92,0,0
S108557,U13993,2026-06-29,Organic Search,Home,Desktop,Australia,New,6.46,4.8,57.25,0,0
S102654,U14138,2026-06-29,Organic Search,Home,Mobile,India,New,3.93,4.0,61.87,0,0
S107778,U11204,2026-06-29,Paid Search,Products,Mobile,UK,New,0.99,3.3,58.1,0,0
S109447,U10898,2026-06-29,Direct,Contact Us,Desktop,India,Returning,10.54,5.7,51.9,0,0
S105472,U13840,2026-06-29,Organic Search,Product Details,Mobile,India,New,7.2,5.3,55.76,0,0
S100953,U14700,2026-06-29,Referral,Home,Tablet,India,New,3.45,4.1,48.71,0,0
S104172,U12011,2026-06-29,Organic Search,FAQ,Mobile,USA,New,8.7,5.5,48.65,0,0
S104181,U10929,2026-06-29,Referral,Home,Desktop,India,New,4.54,3.1,62.62,0,0
S105663,U13714,2026-06-29,Paid Search,Services,Mobile,UK,Returning,4.07,4.6,71.05,0,0
S105487,U12731,2026-06-29,Organic Search,Home,Mobile,India,New,3.93,2.5,66.09,0,0
S103929,U12047,2026-06-29,Direct,Blog,Mobile,India,New,9.09,6.5,42.9,0,0
S107970,U13880,2026-06-29,Organic Search,Contact Us,Desktop,India,New,6.68,3.7,74.2,0,0
S106100,U13263,2026-06-29,Organic Search,Home,Mobile,India,New,5.38,3.9,47.59,0,0
S102988,U12067,2026-06-29,Referral,Contact Us,Mobile,UK,New,4.08,3.5,57.7,0,0
S103888,U10947,2026-06-29,Referral,Home,Mobile,India,New,1.67,1.8,78.33,0,0
S105466,U10920,2026-06-29,Referral,FAQ,Mobile,USA,Returning,2.71,1.2,50.74,0,0
S109813,U11163,2026-06-29,Organic Search,Services,Mobile,India,New,4.81,3.2,57.08,0,0
S102305,U11800,2026-06-29,Direct,Blog,Mobile,UK,Returning,9.97,6.9,39.01,0,0
S103796,U12071,2026-06-29,Direct,Blog,Desktop,India,Returning,4.9,2.2,74.21,0,0
S109041,U11153,2026-06-29,Organic Search,Products,Desktop,India,New,2.47,2.9,65.89,0,0
S106616,U10912,2026-06-29,Direct,Contact Us,Tablet,India,New,11.46,6.0,45.25,1,100
S100941,U10281,2026-06-29,Paid Search,Pricing,Desktop,India,New,3.41,3.1,44.99,0,0
S100319,U11649,2026-06-29,Paid Search,Blog,Tablet,India,Returning,3.28,2.4,58.94,0,0
S108253,U13735,2026-06-29,Paid Search,Blog,Mobile,India,New,6.54,4.4,44.76,0,0
S108010,U16086,2026-06-29,Organic Search,Pricing,Tablet,India,New,2.27,3.2,60.78,1,100
S107804,U10284,2026-06-29,Referral,Blog,Mobile,India,New,3.82,2.9,53.7,0,0
S108765,U13623,2026-06-29,Organic Search,Home,Tablet,India,Returning,2.69,2.3,71.31,0,0
S109463,U13282,2026-06-29,Direct,Blog,Mobile,India,New,7.51,5.7,69.75,0,0
S109910,U12428,2026-06-29,Paid Search,FAQ,Desktop,USA,New,4.34,3.5,51.76,0,0
S101778,U11219,2026-06-29,Paid Search,Product Details,Desktop,USA,New,4.6,5.4,53.82,0,0
S105630,U13971,2026-06-29,Organic Search,FAQ,Desktop,UK,Returning,10.14,5.7,47.78,0,0
S107909,U15950,2026-06-29,Social Media,Products,Mobile,USA,New,3.42,3.6,39.42,0,0
S106476,U10130,2026-06-30,Referral,Pricing,Mobile,India,New,16.14,8.8,32.66,1,100
S104550,U11773,2026-06-30,Paid Search,Checkout,Mobile,India,Returning,4.29,4.7,47.28,0,0
S104463,U12526,2026-06-30,Referral,About Us,Desktop,Australia,New,8.94,6.5,43.76,0,0
S103399,U15554,2026-06-30,Direct,Blog,Mobile,Canada,New,1.9,2.8,66.51,0,0
S109094,U15008,2026-06-30,Organic Search,Home,Desktop,USA,Returning,4.25,5.4,53.0,0,0
S107780,U12566,2026-06-30,Organic Search,About Us,Desktop,Australia,Returning,10.43,5.9,50.87,0,0
S107049,U11451,2026-06-30,Organic Search,Product Details,Mobile,India,New,8.4,5.3,52.74,0,0
S108971,U13246,2026-06-30,Paid Search,Product Details,Desktop,India,New,6.06,3.0,72.55,0,0
S102935,U13244,2026-06-30,Organic Search,Services,Desktop,India,New,7.37,6.6,39.59,0,0
S100042,U14659,2026-06-30,Organic Search,Blog,Tablet,India,Returning,4.76,3.1,46.26,0,0
S107607,U10919,2026-06-30,Social Media,Home,Mobile,India,New,4.65,5.2,52.57,0,0
S101545,U11334,2026-06-30,Direct,Home,Mobile,UK,New,2.36,2.1,47.47,0,0
S107009,U13267,2026-06-30,Organic Search,Home,Desktop,India,Returning,6.65,5.1,49.01,0,0
S109609,U12435,2026-06-30,Paid Search,FAQ,Desktop,India,New,2.84,3.5,70.01,0,0
S100312,U16296,2026-06-30,Direct,About Us,Mobile,Australia,New,2.7,2.8,65.8,0,0
S108313,U13667,2026-06-30,Organic Search,Products,Desktop,India,New,3.33,4.6,69.23,0,0
S102982,U11725,2026-06-30,Referral,Contact Us,Mobile,India,New,1.54,1.4,59.94,0,0
S108444,U13815,2026-06-30,Referral,Contact Us,Desktop,India,Returning,10.48,8.6,22.92,0,0
S107054,U11870,2026-06-30,Referral,Pricing,Desktop,Canada,Returning,6.45,5.0,53.39,0,0
S103256,U12091,2026-06-30,Referral,Blog,Desktop,India,New,3.55,2.9,52.74,0,0
S109669,U16302,2026-06-30,Organic Search,FAQ,Desktop,India,Returning,3.99,3.5,72.26,0,0
S104854,U11989,2026-06-30,Organic Search,Home,Mobile,India,New,2.93,3.1,62.87,0,0
S109748,U10496,2026-06-30,Social Media,Blog,Desktop,India,Returning,3.5,4.2,50.05,0,0
S107781,U13175,2026-06-30,Organic Search,Products,Tablet,USA,New,2.24,1.3,81.17,0,0
S107789,U16270,2026-06-30,Organic Search,About Us,Desktop,UK,Returning,7.68,6.5,38.05,0,0
S102431,U14566,2026-06-30,Social Media,Contact Us,Mobile,India,Returning,4.48,4.1,72.15,0,0
S108363,U16203,2026-06-30,Social Media,Home,Mobile,USA,New,4.35,2.1,57.67,0,0
S103832,U13700,2026-06-30,Organic Search,Pricing,Desktop,Canada,New,7.12,4.8,58.77,0,0
S108656,U16284,2026-06-30,Social Media,Services,Mobile,India,Returning,4.09,4.0,53.79,0,0
S109119,U12209,2026-06-30,Organic Search,Pricing,Mobile,India,New,3.94,3.9,53.96,0,0
S103329,U13658,2026-06-30,Organic Search,Home,Mobile,India,Returning,4.81,5.2,47.66,0,0
S101679,U15054,2026-06-30,Direct,Product Details,Desktop,India,Returning,3.09,2.3,77.27,0,0
S108905,U13363,2026-06-30,Referral,Services,Desktop,India,Returning,4.38,3.0,60.23,1,100
S101928,U10039,2026-06-30,Social Media,FAQ,Tablet,India,Returning,10.08,5.8,34.64,1,100
S101676,U16011,2026-06-30,Direct,Home,Desktop,Australia,Returning,6.07,3.8,58.61,0,0
S103081,U12963,2026-06-30,Direct,Home,Mobile,India,New,4.08,4.0,60.47,0,0
S104355,U11553,2026-06-30,Paid Search,Home,Mobile,UK,New,5.25,4.0,58.89,0,0
S100207,U10664,2026-06-30,Organic Search,Contact Us,Desktop,Australia,New,0.82,1.0,76.34,0,0
S101634,U15086,2026-06-30,Social Media,Blog,Desktop,Australia,Returning,1.56,2.2,70.96,0,0
S103882,U11933,2026-06-30,Paid Search,Product Details,Desktop,USA,Returning,9.57,6.2,42.95,0,0
S105007,U11015,2026-06-30,Paid Search,Home,Desktop,India,New,3.28,3.6,67.88,0,0
S102695,U10537,2026-06-30,Paid Search,Home,Mobile,India,New,5.15,2.9,68.36,0,0
S106406,U10285,2026-06-30,Social Media,Pricing,Desktop,India,Returning,7.15,3.4,53.99,0,0
S105580,U15264,2026-06-30,Social Media,Pricing,Desktop,India,New,3.14,1.7,71.2,0,0
S104994,U11328,2026-06-30,Direct,Products,Mobile,India,New,2.61,3.4,56.03,0,0
S106414,U14320,2026-06-30,Social Media,Pricing,Mobile,India,New,4.83,4.3,54.63,0,0
S109539,U14995,2026-06-30,Organic Search,Home,Tablet,Canada,New,4.84,4.3,47.88,0,0
S103311,U12114,2026-06-30,Referral,Services,Tablet,India,Returning,16.07,10.0,29.46,0,0
S105611,U13857,2026-06-30,Paid Search,Products,Mobile,India,Returning,8.01,6.8,63.84,0,0
S104404,U13295,2026-06-30,Paid Search,Product Details,Desktop,India,New,8.43,5.9,56.81,0,0
S103044,U11405,2026-06-30,Organic Search,Products,Mobile,India,Returning,4.69,4.4,50.2,1,100
S109236,U10720,2026-06-30,Paid Search,Services,Mobile,India,New,8.0,5.1,49.84,0,0
S108065,U12568,2026-06-30,Paid Search,Pricing,Tablet,India,Returning,0.43,1.7,80.24,1,100
